student_id,quiz_attempts,questions_attempted,correct_answers,wrong_answers,accuracy,avg_time_per_question,easy_correct,medium_correct,hard_correct,previous_avg_score,current_elo_rating,question_difficulty_rating,total_answered,student_level
45,2,11,8,3,0.71,56.04,4,2,1,98.0,494.6,411.9,25,Intermediate
387,1,13,12,1,0.935,21.45,4,5,1,98.0,541.1,-399.5,4,Advanced
328,2,14,3,11,0.222,67.08,5,3,0,85.7,200.9,519.7,63,Beginner
220,3,25,4,21,0.171,64.49,8,7,2,78.93,285.6,583.7,14,Beginner
217,4,12,11,1,0.913,29.81,3,3,0,62.8,145.8,-258.0,97,Intermediate
430,2,16,6,10,0.38,34.2,2,0,0,20.0,-422.8,-333.8,85,Beginner
43,3,11,10,1,0.892,23.15,4,3,4,98.0,663.3,-274.9,23,Advanced
349,5,20,17,3,0.843,26.8,7,7,6,98.0,580.1,178.2,108,Advanced
101,3,13,1,12,0.05,60.32,4,3,0,57.74,156.4,566.5,45,Beginner
48,5,13,4,9,0.308,38.49,2,2,1,61.68,21.4,121.5,100,Beginner
264,2,16,14,2,0.903,30.57,5,5,2,83.25,216.0,22.5,142,Advanced
488,5,15,13,2,0.845,15.03,5,5,0,98.0,566.9,-351.0,109,Advanced
368,3,11,9,2,0.823,25.86,4,1,0,55.55,89.9,-302.6,46,Intermediate
381,1,19,17,2,0.894,33.74,6,7,5,98.0,802.6,-322.6,72,Advanced
359,5,20,1,19,0.05,62.53,6,2,1,54.31,-6.7,435.2,46,Beginner
394,4,19,15,4,0.803,29.77,6,5,1,69.28,272.6,48.9,52,Intermediate
257,2,19,17,2,0.88,45.78,5,6,4,98.0,500.6,69.9,133,Advanced
65,4,30,3,27,0.084,52.1,7,6,0,54.45,69.6,454.5,104,Beginner
420,5,15,11,4,0.7,27.72,5,1,1,28.07,-127.2,-327.0,82,Beginner
226,1,17,16,1,0.917,14.75,6,6,3,98.0,680.8,-287.1,41,Advanced
251,1,20,19,1,0.946,22.07,6,7,1,90.88,398.6,-336.1,79,Advanced
186,4,11,1,10,0.05,70.59,3,0,0,46.3,-45.9,485.0,95,Beginner
92,2,30,6,24,0.189,52.55,6,0,1,20.23,-236.6,400.1,107,Beginner
464,5,21,16,5,0.785,23.66,7,7,2,91.95,413.2,186.3,14,Intermediate
391,4,24,22,2,0.935,31.0,8,6,1,86.45,416.3,-301.6,130,Advanced
322,5,16,12,4,0.775,27.62,5,6,4,98.0,775.8,-383.3,81,Advanced
202,4,24,9,15,0.374,48.31,6,1,0,58.77,95.9,197.9,54,Beginner
412,5,28,14,14,0.492,35.4,10,6,1,87.57,287.8,195.1,108,Intermediate
273,4,22,11,11,0.505,47.05,7,7,4,92.64,561.8,585.4,83,Intermediate
222,1,14,2,12,0.131,56.49,5,5,0,69.44,168.6,513.1,48,Beginner
226,2,24,24,0,0.98,33.83,7,8,5,98.0,680.8,144.1,137,Advanced
114,5,27,17,10,0.618,49.86,9,9,8,98.0,697.0,579.8,138,Advanced
47,2,24,14,10,0.581,49.13,8,8,5,93.67,479.8,424.2,137,Intermediate
278,5,23,18,5,0.784,29.34,8,8,1,79.16,303.9,124.8,11,Intermediate
444,5,19,9,10,0.475,39.53,5,4,1,70.97,150.3,122.2,138,Beginner
32,4,13,4,9,0.271,56.24,4,4,0,71.67,313.5,525.0,40,Beginner
430,1,25,8,17,0.323,31.96,7,1,0,20.0,-422.8,-261.6,53,Beginner
414,1,18,1,17,0.05,62.58,6,0,0,50.85,-16.9,585.8,102,Beginner
139,4,14,14,0,0.98,22.19,5,3,1,86.72,388.1,-249.7,72,Advanced
316,3,20,4,16,0.215,44.11,5,0,0,24.75,-235.1,29.0,124,Beginner
83,3,10,6,4,0.611,49.15,3,4,2,98.0,574.7,403.9,100,Intermediate
380,1,20,16,4,0.783,34.63,5,7,1,84.78,215.1,56.3,18,Intermediate
351,3,21,18,3,0.847,16.18,7,7,4,94.59,418.1,48.7,22,Advanced
178,1,18,16,2,0.911,20.04,6,4,1,73.8,313.4,5.1,15,Intermediate
34,1,24,23,1,0.969,20.48,7,6,1,63.12,166.0,-339.1,50,Intermediate
486,5,22,17,5,0.765,19.33,7,8,2,91.93,510.9,-258.1,70,Intermediate
223,4,17,17,0,0.979,21.34,6,4,1,59.28,244.0,-223.6,133,Intermediate
447,5,25,18,7,0.701,37.71,7,9,1,62.88,221.8,60.9,52,Intermediate
339,5,12,8,4,0.703,40.25,4,3,0,87.5,365.4,188.3,15,Intermediate
390,5,20,18,2,0.92,21.95,7,3,0,81.97,217.7,-291.2,83,Intermediate
380,3,12,3,9,0.235,59.69,3,4,1,79.48,215.1,479.3,63,Beginner
98,2,22,19,3,0.852,30.25,7,8,2,89.38,486.2,70.0,127,Advanced
182,4,10,10,0,0.98,24.69,2,4,3,98.0,689.9,0.5,6,Advanced
234,4,28,19,9,0.683,41.29,10,6,1,81.11,386.2,156.3,44,Intermediate
249,3,10,10,0,0.971,20.27,3,3,3,96.32,669.7,-317.4,105,Advanced
22,3,20,13,7,0.642,52.28,7,6,4,98.0,646.8,585.2,2,Advanced
274,2,23,7,16,0.292,34.71,5,3,0,48.85,-75.8,125.1,85,Beginner
78,3,18,10,8,0.549,25.33,1,0,0,20.0,-290.1,-315.1,101,Beginner
372,5,14,5,9,0.335,46.88,5,4,3,88.25,484.0,591.6,5,Intermediate
342,3,15,2,13,0.163,47.99,5,3,1,66.55,233.1,472.1,85,Beginner
462,3,27,4,23,0.133,55.36,9,8,5,72.97,256.0,477.5,140,Beginner
373,5,12,5,7,0.431,48.43,4,3,1,98.0,475.9,490.5,78,Intermediate
184,5,24,2,22,0.066,57.37,8,4,2,72.26,237.3,561.8,26,Beginner
484,4,16,14,2,0.871,22.81,5,2,0,70.73,156.5,-398.2,118,Intermediate
206,1,10,2,8,0.187,58.79,0,1,0,20.0,-319.3,156.3,9,Beginner
163,5,18,14,4,0.764,23.18,6,5,4,98.0,498.2,144.6,128,Advanced
453,1,11,9,2,0.831,19.74,2,2,0,41.59,-8.8,-202.2,144,Intermediate
186,1,26,20,6,0.771,20.64,8,2,0,39.93,-45.9,-357.9,22,Beginner
39,2,26,23,3,0.874,24.47,8,6,1,61.94,219.9,-276.9,42,Intermediate
235,3,14,12,2,0.877,30.48,5,4,4,98.0,619.9,56.4,125,Advanced
398,1,26,8,18,0.326,57.87,9,8,4,94.62,469.5,537.4,112,Intermediate
95,3,24,7,17,0.307,64.96,7,5,2,60.63,394.1,591.8,82,Beginner
232,5,24,24,0,0.98,24.14,8,8,3,94.11,402.6,-236.3,102,Advanced
65,4,11,9,2,0.819,24.2,3,1,0,64.75,69.6,-212.1,131,Intermediate
344,5,12,10,2,0.815,43.09,4,3,0,55.02,115.2,26.2,108,Intermediate
238,5,13,4,9,0.321,22.76,4,1,0,58.14,43.0,172.5,86,Beginner
166,5,27,15,12,0.537,49.45,9,8,1,98.0,497.1,474.2,59,Intermediate
114,1,16,10,6,0.651,51.71,5,6,4,98.0,697.0,550.9,135,Advanced
283,4,21,16,5,0.774,58.58,7,7,3,98.0,802.4,526.1,86,Advanced
335,1,19,14,5,0.755,32.52,6,7,2,98.0,701.4,468.8,125,Advanced
471,4,30,26,4,0.862,41.4,10,10,8,98.0,722.8,479.6,129,Advanced
219,5,13,8,5,0.605,25.06,3,5,0,57.33,123.2,78.0,49,Beginner
81,1,26,25,1,0.98,12.62,9,6,2,70.54,229.0,-228.2,112,Advanced
417,3,12,10,2,0.859,24.21,4,2,1,52.79,15.0,-384.5,97,Intermediate
315,1,30,17,13,0.551,39.88,9,2,1,45.83,41.7,35.0,35,Beginner
351,3,21,20,1,0.971,33.34,7,5,3,98.0,418.1,-309.6,86,Advanced
49,3,15,15,0,0.98,21.18,5,5,5,98.0,577.2,-213.7,144,Advanced
157,5,18,2,16,0.129,59.95,5,3,2,76.5,223.6,476.7,81,Beginner
384,2,25,22,3,0.877,23.52,8,9,8,98.0,998.2,-364.1,104,Advanced
417,4,18,2,16,0.121,59.5,3,3,0,45.41,15.0,431.5,17,Beginner
218,4,11,1,10,0.111,65.85,3,0,0,40.38,-178.6,476.2,59,Beginner
403,4,16,14,2,0.872,26.71,3,5,1,98.0,485.9,72.7,4,Advanced
421,5,29,25,4,0.854,40.14,10,9,3,87.11,403.0,149.0,55,Advanced
194,1,17,17,0,0.98,16.96,6,2,1,48.77,74.4,-348.0,52,Intermediate
450,1,20,5,15,0.235,44.3,6,2,0,26.08,-113.1,68.2,29,Beginner
145,4,13,10,3,0.733,34.23,3,1,0,50.23,0.0,-279.8,75,Intermediate
120,1,10,0,10,0.05,67.45,3,1,0,44.76,-32.5,566.7,76,Beginner
342,3,15,14,1,0.903,16.6,5,5,0,82.79,233.1,-340.8,83,Intermediate
319,3,28,25,3,0.893,23.92,10,6,1,66.68,87.4,-348.0,60,Intermediate
70,4,21,1,20,0.063,61.7,6,3,2,57.72,74.0,536.0,78,Beginner
417,1,17,9,8,0.502,36.5,5,2,0,50.85,15.0,12.9,87,Beginner
100,3,20,12,8,0.598,32.44,5,4,0,51.17,103.9,21.0,22,Beginner
403,4,27,25,2,0.91,42.33,8,8,4,98.0,485.9,167.1,73,Advanced
4,1,29,26,3,0.897,15.83,10,9,4,98.0,495.7,-283.5,123,Advanced
399,2,16,6,10,0.399,41.37,4,0,1,59.9,50.6,189.5,106,Beginner
394,2,27,26,1,0.98,13.09,9,8,2,86.68,272.6,-320.6,108,Advanced
391,2,26,25,1,0.98,29.25,8,8,5,87.11,416.3,-254.9,45,Advanced
333,3,10,9,1,0.904,28.78,3,4,1,82.34,389.6,-324.7,130,Advanced
236,1,28,26,2,0.928,48.58,9,2,0,88.1,183.5,-284.3,74,Intermediate
353,3,14,14,0,0.98,32.08,5,5,0,96.96,422.0,-257.9,133,Advanced
139,1,26,19,7,0.748,37.13,8,9,3,86.58,388.1,186.3,24,Intermediate
391,1,28,25,3,0.901,26.68,10,9,5,98.0,416.3,-211.2,125,Advanced
278,3,22,20,2,0.898,22.68,7,6,2,77.92,303.9,-328.8,45,Intermediate
230,5,16,12,4,0.747,32.94,5,6,2,88.57,359.6,124.0,100,Intermediate
253,4,27,23,4,0.869,26.83,9,8,1,82.25,368.0,-260.3,3,Intermediate
285,2,20,5,15,0.251,48.2,6,0,0,39.78,-100.9,595.9,67,Beginner
19,2,26,1,25,0.05,60.0,8,1,0,51.72,39.2,507.4,117,Beginner
70,3,24,8,16,0.35,39.74,7,3,0,51.39,74.0,130.8,96,Beginner
123,1,16,1,15,0.092,67.43,1,0,0,22.65,-292.9,401.6,47,Beginner
58,4,21,19,2,0.902,23.98,6,6,4,84.42,395.3,-239.9,38,Advanced
220,1,14,13,1,0.925,19.54,5,5,1,83.17,285.6,-235.1,35,Advanced
335,4,10,7,3,0.678,52.93,3,4,3,98.0,701.4,593.2,139,Advanced
328,2,24,7,17,0.278,54.04,8,2,2,56.33,200.9,435.0,46,Beginner
236,2,14,2,12,0.149,54.17,3,3,1,73.32,183.5,460.7,95,Beginner
428,3,20,13,7,0.668,22.19,3,4,0,23.25,-318.5,-391.2,2,Beginner
283,1,12,9,3,0.735,42.91,4,4,3,98.0,802.4,496.2,90,Advanced
40,2,23,12,11,0.53,33.43,8,6,1,71.71,215.7,165.2,98,Intermediate
383,2,13,9,4,0.667,29.1,4,0,0,26.54,-249.3,-343.5,88,Beginner
288,5,15,15,0,0.98,30.32,4,1,2,64.96,111.3,-348.1,126,Intermediate
318,1,13,4,9,0.326,50.89,4,4,1,98.0,516.7,591.5,103,Intermediate
283,1,29,25,4,0.87,23.35,10,10,7,98.0,802.4,-332.4,32,Advanced
277,2,23,2,21,0.074,64.42,5,0,1,25.51,-270.4,558.1,103,Beginner
46,3,23,13,10,0.553,30.41,8,3,1,53.68,39.5,5.2,36,Beginner
280,4,18,1,17,0.05,78.46,6,2,0,70.62,138.8,561.3,7,Beginner
398,3,28,8,20,0.275,57.2,10,8,4,96.36,469.5,569.5,140,Intermediate
152,3,11,2,9,0.171,49.53,4,2,2,73.29,336.1,569.8,64,Beginner
302,3,18,18,0,0.98,19.13,6,2,0,48.89,109.0,-381.5,65,Intermediate
16,1,11,8,3,0.684,22.68,3,0,1,33.26,-144.0,-297.4,147,Beginner
174,1,24,24,0,0.98,24.56,8,8,8,98.0,747.2,155.3,92,Advanced
219,4,29,16,13,0.553,38.41,9,7,1,82.1,123.2,79.4,114,Intermediate
492,5,26,25,1,0.98,17.15,9,8,7,98.0,676.5,-222.9,132,Advanced
108,1,13,5,8,0.379,33.21,1,0,0,20.0,-375.5,-275.2,29,Beginner
139,5,26,24,2,0.922,32.9,9,8,3,85.57,388.1,-205.3,23,Advanced
205,5,15,12,3,0.772,25.52,5,1,0,48.23,-67.2,-225.7,65,Intermediate
497,4,17,15,2,0.865,29.6,6,6,0,77.98,257.3,-357.1,12,Intermediate
427,3,22,1,21,0.05,50.12,5,3,0,37.68,-72.1,594.4,70,Beginner
18,2,19,14,5,0.755,25.29,4,2,0,31.24,-106.7,-331.0,82,Beginner
117,3,13,9,4,0.655,43.99,3,4,4,98.0,648.4,557.1,147,Advanced
411,1,21,4,17,0.183,60.78,6,5,0,66.42,231.7,548.2,26,Beginner
30,2,14,13,1,0.893,17.66,5,5,2,74.25,260.9,-353.5,143,Advanced
428,2,25,1,24,0.05,75.0,5,0,0,20.0,-318.5,554.7,37,Beginner
141,3,11,9,2,0.783,18.52,3,3,0,73.47,274.8,57.1,12,Intermediate
459,2,27,2,25,0.062,61.0,8,6,0,74.37,127.3,403.1,127,Beginner
147,3,30,29,1,0.98,31.05,10,9,4,98.0,390.9,-262.4,40,Advanced
218,4,25,13,12,0.522,34.49,4,1,0,30.3,-178.6,-204.8,45,Beginner
331,5,22,19,3,0.868,25.28,7,4,1,83.96,416.8,-359.5,11,Intermediate
64,5,19,11,8,0.573,44.77,4,6,0,65.55,157.9,45.6,81,Beginner
279,1,21,2,19,0.084,77.34,7,4,0,56.37,74.4,547.2,30,Beginner
253,3,20,18,2,0.893,25.97,7,6,3,86.29,368.0,32.7,92,Advanced
392,3,28,3,25,0.123,60.42,10,7,4,78.74,319.2,585.9,68,Beginner
499,3,12,1,11,0.097,56.64,4,2,1,62.64,210.4,582.8,41,Beginner
333,4,22,18,4,0.811,18.69,7,5,3,89.24,389.6,25.8,91,Advanced
205,2,21,14,7,0.69,32.49,5,2,0,40.47,-67.2,-221.3,24,Beginner
204,3,15,15,0,0.98,40.92,5,5,5,98.0,967.8,407.7,122,Advanced
209,5,18,16,2,0.879,20.06,6,5,2,75.13,243.8,70.7,104,Intermediate
408,3,19,18,1,0.935,28.09,5,4,3,81.75,323.0,-292.1,14,Advanced
161,3,10,2,8,0.231,47.07,3,1,1,45.79,-47.9,191.8,150,Beginner
84,5,20,2,18,0.122,52.93,6,4,2,55.56,87.4,480.9,43,Beginner
168,1,13,10,3,0.779,21.14,3,3,1,66.11,132.3,-248.9,145,Intermediate
12,2,18,8,10,0.471,36.19,6,4,0,51.12,68.6,32.8,92,Beginner
54,3,15,12,3,0.788,36.16,5,5,1,98.0,619.6,-393.2,139,Advanced
46,1,25,23,2,0.919,28.81,8,4,0,46.83,39.5,-320.2,69,Intermediate
386,3,30,29,1,0.98,30.36,10,8,7,98.0,544.2,-214.3,116,Advanced
362,5,12,1,11,0.125,51.81,3,0,1,20.0,-324.7,472.4,47,Beginner
349,4,15,9,6,0.601,46.22,5,5,3,94.47,580.1,511.1,105,Intermediate
231,1,13,12,1,0.943,29.16,4,5,4,98.0,719.7,-275.2,27,Advanced
359,5,20,15,5,0.768,18.22,5,0,0,59.53,-6.7,-239.7,22,Intermediate
81,4,17,17,0,0.98,26.43,6,5,1,77.36,229.0,-266.3,107,Advanced
451,5,19,18,1,0.965,28.35,6,6,4,98.0,543.7,-230.0,5,Advanced
251,1,11,10,1,0.894,27.0,4,3,1,76.13,398.6,36.6,36,Intermediate
470,5,28,23,5,0.808,45.05,10,9,9,98.0,833.4,478.4,74,Advanced
77,1,30,21,9,0.696,33.25,10,6,1,55.73,185.9,75.0,103,Intermediate
249,1,29,27,2,0.94,24.05,10,10,8,98.0,669.7,100.0,87,Advanced
349,2,20,19,1,0.94,23.43,7,7,3,98.0,580.1,174.1,138,Advanced
248,5,24,24,0,0.98,24.34,7,4,0,45.78,140.3,-357.4,109,Intermediate
224,5,11,9,2,0.776,35.11,4,3,0,67.17,53.3,-310.4,33,Intermediate
84,4,22,2,20,0.107,61.58,7,3,1,48.69,87.4,420.5,106,Beginner
191,1,22,1,21,0.054,57.83,7,6,0,62.28,151.2,564.8,109,Beginner
120,5,25,1,24,0.05,54.59,6,6,0,45.72,-32.5,461.3,128,Beginner
151,2,26,17,9,0.637,42.22,9,8,6,98.0,621.4,461.8,121,Advanced
342,4,10,7,3,0.688,27.43,3,1,0,77.02,233.1,51.9,95,Intermediate
316,2,18,1,17,0.05,57.21,4,0,0,20.56,-235.1,402.7,95,Beginner
304,3,20,19,1,0.962,36.06,7,5,5,98.0,474.9,84.1,69,Advanced
181,1,20,20,0,0.976,40.74,6,6,3,98.0,655.9,-320.4,49,Advanced
480,5,21,20,1,0.972,19.09,7,7,2,90.93,519.6,-333.0,144,Advanced
44,1,24,20,4,0.815,29.46,8,5,0,76.82,249.3,-272.5,36,Intermediate
172,5,22,22,0,0.98,28.7,7,8,4,94.48,529.1,-207.8,127,Advanced
60,5,14,12,2,0.871,28.59,5,5,1,93.26,525.8,145.3,119,Advanced
170,1,23,4,19,0.173,53.26,7,4,1,56.96,46.3,553.3,93,Beginner
481,4,22,14,8,0.623,49.09,7,8,3,95.75,490.2,441.0,49,Intermediate
184,2,14,10,4,0.698,46.71,5,1,0,76.71,237.3,78.0,107,Intermediate
455,2,23,23,0,0.98,27.25,6,6,1,61.24,81.9,-352.6,121,Intermediate
248,2,20,2,18,0.115,55.25,6,2,1,52.6,140.3,575.0,90,Beginner
350,2,26,21,5,0.806,32.66,9,9,4,98.0,452.7,187.3,127,Advanced
229,5,18,16,2,0.908,17.19,6,3,0,70.09,178.1,-285.2,77,Intermediate
133,1,28,27,1,0.98,25.03,10,8,9,98.0,629.9,-317.1,131,Advanced
383,2,21,9,12,0.446,38.09,3,0,1,23.98,-249.3,-237.6,61,Beginner
485,2,29,25,4,0.864,21.12,9,5,0,58.77,26.2,-337.9,123,Intermediate
132,3,12,1,11,0.05,37.77,4,0,1,43.53,-39.1,556.0,11,Beginner
390,2,12,2,10,0.176,54.81,3,2,2,88.7,217.7,428.4,136,Beginner
131,4,14,1,13,0.05,57.87,3,2,1,62.45,5.3,579.6,101,Beginner
359,5,27,26,1,0.98,20.98,5,5,0,50.27,-6.7,-346.4,140,Intermediate
395,4,20,4,16,0.183,54.23,7,5,1,68.14,199.6,559.0,139,Beginner
225,2,24,21,3,0.886,33.6,8,7,4,94.25,457.3,127.4,75,Advanced
369,5,10,9,1,0.912,22.04,3,4,0,70.41,252.2,-367.4,99,Intermediate
137,3,17,12,5,0.708,36.33,6,4,1,73.39,223.9,35.9,44,Intermediate
40,2,17,10,7,0.572,43.05,5,3,1,77.07,215.7,146.9,147,Intermediate
49,4,29,28,1,0.98,26.34,10,9,7,96.92,577.2,91.4,29,Advanced
224,5,12,11,1,0.935,21.89,4,3,0,60.47,53.3,-358.2,29,Intermediate
452,2,28,21,7,0.742,35.18,9,6,2,84.83,273.6,134.5,59,Intermediate
64,2,17,16,1,0.939,24.33,6,3,1,70.36,157.9,-278.4,66,Intermediate
228,4,26,23,3,0.888,12.63,9,6,4,88.52,395.6,-221.3,38,Advanced
353,3,16,15,1,0.957,38.3,4,6,3,96.45,422.0,-378.0,145,Advanced
102,4,11,9,2,0.792,49.95,4,3,3,98.0,856.2,530.2,127,Advanced
361,3,24,24,0,0.98,21.66,8,8,8,98.0,767.8,-296.0,31,Advanced
153,1,13,1,12,0.053,28.34,4,1,0,20.0,-324.1,47.2,127,Beginner
405,2,13,12,1,0.91,23.64,3,3,0,87.41,203.5,-325.4,48,Intermediate
290,5,29,5,24,0.169,52.96,9,5,1,65.37,129.2,488.4,67,Beginner
274,5,14,4,10,0.262,38.17,4,0,0,34.36,-75.8,62.6,148,Beginner
89,2,30,4,26,0.138,41.37,9,4,3,76.73,197.5,493.8,122,Beginner
232,4,17,13,4,0.765,21.59,5,5,1,93.48,402.6,-327.1,53,Intermediate
429,1,15,14,1,0.923,22.1,5,4,1,73.27,285.1,-211.2,97,Intermediate
10,2,19,13,6,0.672,35.75,6,6,0,68.86,276.9,184.1,121,Intermediate
380,4,15,7,8,0.488,37.51,4,3,1,73.42,215.1,192.7,87,Intermediate
247,1,29,6,23,0.205,57.3,10,7,1,72.62,231.0,511.9,38,Beginner
360,4,22,3,19,0.148,70.45,7,6,1,68.31,282.6,585.2,122,Beginner
332,5,25,17,8,0.693,28.26,8,4,0,60.38,110.9,27.8,53,Intermediate
217,1,11,1,10,0.095,48.83,4,1,0,63.37,145.8,452.4,121,Beginner
155,3,15,9,6,0.602,18.86,5,0,1,58.19,86.9,2.6,81,Beginner
314,2,22,19,3,0.847,21.32,7,7,3,98.0,511.6,-253.9,120,Advanced
71,4,20,15,5,0.757,20.18,7,5,2,61.23,253.3,49.5,124,Intermediate
293,5,30,28,2,0.92,31.62,10,10,8,98.0,987.5,-262.4,82,Advanced
48,1,25,4,21,0.141,56.13,7,3,0,48.24,21.4,460.9,49,Beginner
325,4,16,15,1,0.906,31.48,5,5,2,98.0,540.3,-246.6,49,Advanced
315,1,19,17,2,0.875,35.97,6,5,0,73.11,41.7,-350.1,6,Intermediate
43,3,25,23,2,0.903,19.17,8,8,6,98.0,663.3,9.3,61,Advanced
379,3,18,17,1,0.952,22.47,6,3,2,75.64,252.8,-286.5,32,Advanced
208,3,21,21,0,0.98,35.68,5,2,1,30.65,2.0,-326.7,103,Intermediate
394,4,26,1,25,0.05,59.65,8,7,1,84.5,272.6,552.2,100,Beginner
21,4,16,14,2,0.88,29.74,4,2,1,65.38,117.8,-234.5,137,Intermediate
90,2,12,12,0,0.98,34.58,4,4,2,98.0,563.7,67.8,25,Advanced
247,4,18,16,2,0.91,31.25,6,4,0,63.13,231.0,-266.8,109,Intermediate
95,3,14,14,0,0.98,27.77,5,4,2,98.0,394.1,-207.1,35,Advanced
165,1,21,11,10,0.529,43.74,4,0,0,37.12,-250.4,-213.2,119,Beginner
331,4,27,10,17,0.38,51.39,9,8,1,94.03,416.8,487.5,122,Intermediate
73,2,25,11,14,0.431,52.2,7,9,3,98.0,416.6,432.7,44,Intermediate
339,1,25,24,1,0.98,23.66,8,9,5,86.95,365.4,-330.1,146,Advanced
52,3,21,2,19,0.085,62.78,3,0,1,20.0,-407.8,415.4,66,Beginner
88,3,28,20,8,0.721,28.39,10,8,1,68.91,293.7,124.6,96,Intermediate
294,4,29,28,1,0.98,19.49,10,10,8,98.0,667.6,178.6,113,Advanced
397,3,25,12,13,0.492,55.61,8,9,2,82.26,424.1,476.6,91,Intermediate
86,4,12,5,7,0.446,42.42,4,3,0,84.81,412.7,447.6,131,Intermediate
150,2,16,1,15,0.089,48.98,5,3,0,45.17,3.2,458.1,11,Beginner
463,4,30,8,22,0.261,50.53,6,2,1,42.61,-109.7,106.0,77,Beginner
495,5,11,10,1,0.918,38.5,4,3,3,98.0,742.8,195.4,119,Advanced
291,3,21,17,4,0.823,26.29,6,3,0,46.44,-33.3,-214.9,3,Intermediate
224,4,23,19,4,0.832,4.41,8,4,1,45.85,53.3,-335.7,72,Intermediate
174,2,18,17,1,0.941,30.81,6,5,6,98.0,747.2,62.2,133,Advanced
307,4,24,15,9,0.619,36.46,4,1,2,26.76,-235.7,-281.4,50,Beginner
296,5,11,10,1,0.876,28.52,4,3,4,90.09,444.3,-321.3,15,Advanced
148,5,14,14,0,0.98,28.2,5,4,0,96.43,463.9,-299.2,58,Advanced
12,5,16,15,1,0.943,24.0,5,3,0,61.22,68.6,-378.9,80,Intermediate
76,2,13,13,0,0.98,26.6,4,5,3,98.0,784.7,130.6,14,Advanced
480,5,19,17,2,0.918,24.83,6,6,3,98.0,519.6,180.8,72,Advanced
210,2,19,6,13,0.323,37.86,6,2,3,71.93,74.2,193.4,99,Beginner
242,5,29,28,1,0.965,27.17,10,5,0,71.06,178.1,-330.1,145,Intermediate
234,1,20,15,5,0.764,37.95,7,5,3,94.14,386.2,199.9,101,Advanced
392,5,25,22,3,0.864,39.91,8,7,2,90.34,319.2,153.5,19,Advanced
33,2,11,6,5,0.518,39.39,4,3,2,98.0,478.6,470.2,141,Intermediate
42,2,11,10,1,0.886,18.85,4,3,3,94.03,504.4,131.0,100,Advanced
138,3,18,15,3,0.845,25.25,6,4,2,93.86,351.9,38.9,127,Advanced
244,3,16,2,14,0.147,32.54,3,0,0,20.0,-322.9,2.2,47,Beginner
336,1,29,1,28,0.05,62.96,8,7,0,57.58,51.7,587.3,5,Beginner
246,3,20,1,19,0.05,47.81,6,0,1,45.1,-59.6,453.6,66,Beginner
221,5,20,11,9,0.548,40.71,7,3,0,72.17,130.1,45.6,54,Beginner
469,3,27,20,7,0.751,25.22,9,8,2,88.87,357.2,102.8,63,Intermediate
81,3,28,27,1,0.98,36.05,9,6,0,61.81,229.0,-331.1,142,Intermediate
286,5,26,1,25,0.052,63.89,5,4,1,52.68,-140.6,546.4,53,Beginner
272,1,19,17,2,0.898,17.51,6,5,1,86.54,298.6,-321.4,41,Advanced
237,2,14,13,1,0.939,39.56,5,5,1,98.0,548.7,-356.2,133,Advanced
404,5,10,5,5,0.544,51.26,3,3,1,95.18,542.8,500.1,135,Intermediate
134,1,11,7,4,0.66,50.57,4,3,2,98.0,661.7,549.2,109,Advanced
477,2,27,19,8,0.698,27.09,5,2,0,28.66,-131.9,-376.1,19,Beginner
166,2,12,10,2,0.874,28.17,4,4,2,98.0,497.1,-261.6,135,Advanced
273,5,18,15,3,0.849,28.58,6,6,2,98.0,561.8,-266.5,7,Advanced
261,1,20,16,4,0.813,21.24,7,5,4,81.81,370.1,30.3,122,Advanced
425,2,21,7,14,0.313,33.96,6,0,0,20.0,-303.1,-205.9,112,Beginner
220,3,11,2,9,0.201,53.83,4,3,2,74.8,285.6,455.4,63,Beginner
143,1,20,8,12,0.385,56.37,7,7,1,76.37,342.8,464.6,30,Beginner
11,1,15,15,0,0.98,29.19,5,5,5,98.0,548.8,2.7,10,Advanced
182,2,17,17,0,0.98,31.5,6,5,4,98.0,689.9,155.6,6,Advanced
414,1,27,23,4,0.838,22.35,7,6,0,54.13,-16.9,-359.1,45,Intermediate
5,5,19,17,2,0.914,21.6,5,4,2,52.28,89.5,-290.5,72,Intermediate
449,3,18,2,16,0.111,45.73,5,4,0,61.85,51.3,404.4,52,Beginner
272,1,10,9,1,0.907,29.05,2,4,0,71.96,298.6,-225.9,91,Intermediate
71,4,30,29,1,0.98,20.59,9,6,1,82.04,253.3,-338.8,16,Advanced
152,4,22,22,0,0.98,23.56,7,7,3,71.71,336.1,-314.3,106,Advanced
278,4,25,21,4,0.847,26.56,8,8,0,92.93,303.9,-392.7,24,Intermediate
158,3,19,18,1,0.955,26.81,5,6,3,76.97,311.4,4.5,67,Advanced
55,1,15,4,11,0.258,56.29,5,4,4,96.39,415.9,563.5,4,Intermediate
333,4,15,5,10,0.345,46.17,5,4,2,94.39,389.6,487.0,140,Intermediate
337,5,10,8,2,0.844,33.66,2,4,0,79.88,400.3,131.9,66,Intermediate
60,2,28,17,11,0.601,49.53,10,9,7,98.0,525.8,531.0,56,Intermediate
141,1,21,14,7,0.651,36.39,7,5,1,73.08,274.8,181.6,26,Intermediate
122,2,17,6,11,0.351,62.2,6,4,1,85.74,381.9,511.2,35,Beginner
330,4,24,24,0,0.98,28.9,8,8,8,98.0,1040.4,13.3,41,Advanced
366,4,12,12,0,0.98,21.29,4,3,0,76.98,140.7,-304.9,15,Intermediate
364,5,19,2,17,0.086,54.63,5,2,0,24.36,-162.8,416.4,73,Beginner
470,3,19,19,0,0.98,36.1,6,7,4,98.0,833.4,-272.0,23,Advanced
385,5,29,25,4,0.846,23.87,8,3,0,42.55,-24.6,-383.9,25,Intermediate
161,2,26,18,8,0.673,27.97,8,3,0,53.94,-47.9,-283.1,14,Beginner
54,3,26,25,1,0.98,32.95,8,9,5,98.0,619.6,97.3,10,Advanced
308,4,15,10,5,0.696,32.34,5,4,2,73.37,284.2,76.0,125,Intermediate
459,2,20,12,8,0.609,28.55,6,3,1,63.85,127.3,22.6,115,Intermediate
488,2,30,16,14,0.517,45.93,10,8,8,98.0,566.9,538.8,102,Intermediate
116,5,10,9,1,0.915,24.83,3,3,0,84.69,263.8,-319.9,133,Intermediate
119,3,23,21,2,0.899,29.8,8,8,4,98.0,590.1,8.3,69,Advanced
19,4,17,9,8,0.555,42.64,4,5,0,61.16,39.2,23.2,51,Beginner
71,4,25,5,20,0.187,48.18,8,8,3,72.15,253.3,549.0,65,Beginner
278,4,20,20,0,0.98,37.24,6,3,1,98.0,303.9,-265.6,70,Advanced
274,5,24,20,4,0.85,25.38,5,2,1,24.89,-75.8,-329.0,16,Beginner
186,2,15,5,10,0.361,42.54,5,2,1,48.43,-45.9,31.4,44,Beginner
155,2,28,10,18,0.354,35.88,10,4,0,58.6,86.9,169.6,71,Beginner
415,5,27,3,24,0.128,48.41,8,1,0,30.57,-190.6,531.1,70,Beginner
231,3,23,21,2,0.914,21.19,8,8,6,98.0,719.7,156.6,59,Advanced
405,5,18,3,15,0.182,50.55,6,5,2,70.81,203.5,423.5,14,Beginner
482,5,13,11,2,0.812,37.28,4,5,2,85.06,333.0,144.7,43,Intermediate
159,4,14,13,1,0.949,25.12,5,5,1,98.0,603.7,-219.2,69,Advanced
102,4,18,16,2,0.915,23.15,6,6,6,98.0,856.2,-223.5,33,Advanced
477,5,26,16,10,0.614,38.15,8,3,1,20.0,-131.9,-238.5,70,Beginner
318,2,29,28,1,0.98,24.91,10,10,4,98.0,516.7,-360.1,49,Advanced
146,3,22,22,0,0.98,32.49,7,8,7,98.0,897.6,160.8,47,Advanced
311,3,29,26,3,0.887,52.01,10,10,6,80.15,441.6,111.3,140,Advanced
258,1,14,12,2,0.868,26.33,5,5,2,98.0,605.8,42.6,131,Advanced
453,3,25,12,13,0.48,29.39,7,4,1,60.09,-8.8,16.9,106,Beginner
128,4,21,16,5,0.766,34.24,7,5,1,87.84,304.9,83.8,64,Intermediate
496,3,12,11,1,0.886,30.68,4,4,3,98.0,629.5,18.3,121,Advanced
469,4,24,22,2,0.908,27.01,8,8,1,88.7,357.2,-365.6,23,Advanced
91,1,28,15,13,0.528,34.64,9,2,0,32.78,-9.6,4.8,29,Beginner
83,3,19,19,0,0.98,37.38,6,5,3,98.0,574.7,60.0,113,Advanced
267,5,15,7,8,0.474,48.42,5,4,0,77.84,227.6,194.0,136,Beginner
23,2,16,14,2,0.885,24.08,4,5,1,98.0,448.6,-289.3,22,Advanced
150,3,22,18,4,0.816,23.69,6,2,0,38.05,3.2,-203.7,74,Intermediate
218,4,24,1,23,0.05,65.03,6,1,0,22.41,-178.6,597.9,13,Beginner
485,4,14,7,7,0.49,31.45,5,2,0,52.75,26.2,60.3,147,Beginner
497,1,24,22,2,0.92,31.1,7,7,0,86.4,257.3,-333.1,56,Intermediate
76,1,25,24,1,0.98,32.31,8,9,7,98.0,784.7,126.9,123,Advanced
446,4,10,2,8,0.191,74.21,3,4,0,81.84,376.5,534.2,120,Beginner
46,3,18,16,2,0.908,36.66,5,2,0,50.7,39.5,-290.2,25,Intermediate
375,5,14,1,13,0.05,54.3,4,0,0,51.75,-212.2,592.9,143,Beginner
423,5,26,25,1,0.98,21.27,9,5,1,72.52,269.4,-318.9,145,Intermediate
446,1,23,17,6,0.746,21.68,8,8,2,93.05,376.5,187.2,99,Intermediate
112,2,21,19,2,0.894,17.85,6,7,1,96.57,501.9,181.5,144,Advanced
447,5,14,13,1,0.956,25.88,4,4,0,75.98,221.8,-255.4,135,Intermediate
58,2,20,5,15,0.246,44.27,6,5,4,82.6,395.3,491.2,85,Beginner
260,1,30,20,10,0.651,49.05,10,7,3,63.01,197.1,158.6,86,Intermediate
235,1,30,17,13,0.58,60.4,10,9,4,98.0,619.9,580.4,150,Intermediate
158,3,13,13,0,0.98,23.0,4,4,2,76.78,311.4,-300.7,29,Advanced
12,2,20,1,19,0.063,52.12,6,2,1,54.43,68.6,416.0,71,Beginner
387,5,25,16,9,0.628,57.58,8,9,5,98.0,541.1,462.5,85,Intermediate
168,5,16,9,7,0.584,42.01,5,3,0,78.36,132.3,4.9,15,Intermediate
331,1,30,29,1,0.96,18.37,10,9,4,86.95,416.8,-365.6,111,Advanced
206,5,19,1,18,0.05,49.57,5,0,0,20.0,-319.3,454.3,95,Beginner
187,1,17,17,0,0.98,28.27,6,1,1,73.41,233.3,49.6,12,Advanced
444,4,29,5,24,0.185,58.6,10,5,0,58.22,150.3,461.5,127,Beginner
48,5,22,11,11,0.483,34.85,5,5,0,39.06,21.4,99.1,63,Beginner
369,2,11,10,1,0.933,28.07,4,1,1,83.73,252.2,-286.8,17,Advanced
374,1,12,12,0,0.978,38.55,4,4,2,98.0,503.0,-266.2,13,Advanced
190,1,30,24,6,0.785,34.79,10,9,7,98.0,612.2,446.5,42,Advanced
132,2,23,1,22,0.05,53.33,7,2,0,30.67,-39.1,443.0,60,Beginner
3,5,28,25,3,0.903,15.19,10,8,6,93.39,480.7,-259.7,61,Advanced
469,3,30,12,18,0.411,46.43,10,7,4,74.39,357.2,470.2,85,Intermediate
474,3,25,11,14,0.422,51.92,8,8,6,98.0,523.6,567.3,99,Intermediate
121,1,30,27,3,0.898,19.81,10,8,3,82.11,310.4,-290.5,108,Advanced
16,4,30,18,12,0.602,34.01,7,0,0,36.67,-144.0,-248.6,67,Beginner
62,1,18,2,16,0.131,59.48,6,3,2,80.43,357.6,580.7,54,Beginner
34,4,23,12,11,0.534,33.5,8,7,1,59.77,166.0,42.4,112,Beginner
416,5,27,22,5,0.831,22.75,9,9,3,92.44,439.9,-299.2,19,Advanced
446,4,29,10,19,0.352,51.19,10,10,2,90.5,376.5,484.9,136,Intermediate
77,3,27,19,8,0.705,30.23,9,5,1,63.95,185.9,72.2,75,Intermediate
374,4,26,21,5,0.806,43.29,8,9,3,92.8,503.0,410.6,94,Advanced
90,2,16,11,5,0.666,48.35,4,5,3,98.0,563.7,441.6,20,Advanced
184,4,19,1,18,0.056,44.97,6,5,1,68.46,237.3,544.5,14,Beginner
300,4,27,26,1,0.948,28.14,9,8,6,98.0,598.0,34.9,15,Advanced
360,1,12,12,0,0.98,18.82,4,4,3,69.48,282.6,-257.5,60,Advanced
438,2,13,13,0,0.98,23.34,4,5,2,98.0,592.2,23.2,110,Advanced
23,4,26,25,1,0.98,13.97,8,8,5,98.0,448.6,-263.8,144,Advanced
99,3,30,19,11,0.647,34.19,10,8,1,71.28,236.3,160.8,92,Intermediate
141,2,18,17,1,0.957,26.85,6,5,1,67.57,274.8,-300.0,65,Intermediate
156,5,28,27,1,0.98,33.26,10,8,8,98.0,673.4,147.4,80,Advanced
500,5,17,15,2,0.867,16.6,6,4,2,96.51,318.1,-341.1,26,Advanced
389,4,20,16,4,0.809,27.76,7,5,3,98.0,398.0,-382.2,26,Advanced
161,3,30,27,3,0.892,36.56,8,3,1,47.49,-47.9,-234.5,129,Intermediate
486,3,18,16,2,0.87,29.0,5,6,3,98.0,510.9,176.2,139,Advanced
250,5,28,15,13,0.536,51.84,10,7,8,98.0,536.3,537.3,126,Intermediate
251,3,29,22,7,0.754,10.42,10,6,3,89.25,398.6,-333.2,130,Intermediate
217,5,25,7,18,0.279,47.37,8,5,0,54.66,145.8,420.5,109,Beginner
72,5,11,8,3,0.717,52.86,4,3,3,98.0,680.8,583.5,127,Advanced
468,5,30,2,28,0.05,53.32,3,0,1,20.0,-420.5,158.0,8,Beginner
7,4,20,15,5,0.752,30.8,7,5,2,88.17,412.3,198.1,10,Intermediate
88,2,16,12,4,0.766,50.92,5,6,1,79.67,293.7,105.3,135,Intermediate
115,2,20,17,3,0.862,27.1,7,6,1,86.21,357.7,-331.5,11,Intermediate
140,5,19,19,0,0.975,18.56,6,7,3,98.0,548.3,68.6,39,Advanced
66,3,18,18,0,0.98,33.91,6,6,6,98.0,762.0,-242.0,71,Advanced
9,2,24,2,22,0.089,52.61,8,5,1,58.07,126.8,587.5,79,Beginner
339,1,12,2,10,0.201,56.34,4,3,1,86.75,365.4,503.9,44,Beginner
485,4,23,1,22,0.05,51.97,5,4,0,56.96,26.2,501.9,134,Beginner
61,5,15,14,1,0.941,22.12,5,5,2,98.0,706.5,192.2,51,Advanced
149,2,26,3,23,0.12,49.32,5,1,0,38.33,-232.5,87.1,118,Beginner
254,4,30,2,28,0.05,57.09,9,2,1,48.98,-8.6,508.7,107,Beginner
464,2,19,18,1,0.931,36.98,6,7,3,98.0,413.2,-270.9,8,Advanced
348,2,26,20,6,0.751,19.07,9,3,1,48.37,95.1,-247.4,141,Intermediate
384,3,16,16,0,0.98,17.47,5,6,5,98.0,998.2,99.7,32,Advanced
291,2,27,24,3,0.88,23.6,7,3,0,39.54,-33.3,-315.9,91,Intermediate
209,5,21,21,0,0.979,45.28,7,6,2,69.3,243.8,-240.3,91,Advanced
100,5,20,18,2,0.891,32.34,7,2,0,67.63,103.9,-212.5,5,Intermediate
433,2,12,5,7,0.447,38.3,4,0,0,48.23,0.6,23.6,146,Beginner
403,2,23,21,2,0.908,29.01,8,6,4,98.0,485.9,-247.2,7,Advanced
13,1,26,12,14,0.48,28.68,7,0,0,23.87,-302.7,-338.4,65,Beginner
358,4,20,19,1,0.95,45.94,5,2,0,39.98,-44.6,-335.7,35,Intermediate
43,4,13,12,1,0.944,34.03,4,5,3,98.0,663.3,167.0,32,Advanced
370,5,24,1,23,0.05,63.25,6,5,1,57.04,89.4,565.4,2,Beginner
413,3,23,22,1,0.948,31.79,7,6,2,71.47,148.1,-395.6,19,Intermediate
66,5,28,23,5,0.804,22.63,10,9,8,98.0,762.0,189.7,21,Advanced
217,1,30,6,24,0.194,47.15,9,5,0,67.83,145.8,413.7,101,Beginner
62,2,15,14,1,0.96,23.18,4,4,0,87.35,357.6,-377.9,8,Advanced
284,3,16,1,15,0.05,64.45,5,1,2,37.69,-129.3,468.8,82,Beginner
464,4,29,12,17,0.414,39.24,10,9,1,98.0,413.2,427.4,42,Intermediate
41,2,12,9,3,0.75,33.17,4,3,0,63.79,282.1,126.3,6,Intermediate
199,2,29,27,2,0.944,23.44,10,10,7,98.0,684.1,-369.4,7,Advanced
487,1,13,11,2,0.814,13.88,4,5,3,98.0,603.5,-205.2,126,Advanced
151,5,18,12,6,0.642,48.74,6,6,4,98.0,621.4,581.2,137,Advanced
67,3,12,1,11,0.108,63.18,4,4,0,74.78,314.9,586.0,93,Beginner
245,1,30,2,28,0.05,49.95,6,1,0,31.66,-133.8,549.6,79,Beginner
255,2,20,13,7,0.661,57.85,7,7,4,98.0,507.2,461.4,36,Advanced
332,3,28,27,1,0.973,29.09,8,4,1,63.78,110.9,-268.9,130,Intermediate
157,3,10,1,9,0.137,59.07,3,2,0,76.7,223.6,504.0,74,Beginner
478,3,10,5,5,0.478,32.26,3,2,0,52.39,56.7,10.9,102,Beginner
261,1,21,6,15,0.287,44.74,7,4,3,98.0,370.1,477.2,118,Intermediate
144,5,10,9,1,0.919,20.35,3,2,2,90.75,437.3,-268.3,70,Advanced
481,5,21,21,0,0.98,27.43,7,7,3,83.45,490.2,-231.3,50,Advanced
463,2,24,3,21,0.141,56.01,6,1,0,36.27,-109.7,556.3,70,Beginner
250,2,20,11,9,0.568,50.7,7,7,3,98.0,536.3,497.0,135,Intermediate
13,1,26,4,22,0.167,34.99,5,0,1,20.0,-302.7,41.7,109,Beginner
299,1,12,11,1,0.935,28.06,4,4,2,98.0,555.9,-299.4,104,Advanced
278,5,15,13,2,0.889,28.58,5,3,1,79.6,303.9,-295.5,49,Intermediate
75,1,13,1,12,0.05,44.78,3,3,1,59.32,185.4,483.5,49,Beginner
317,2,20,9,11,0.465,39.06,5,3,0,51.31,89.9,130.2,80,Beginner
421,5,18,16,2,0.878,21.79,5,5,2,96.4,403.0,145.8,5,Advanced
53,2,21,12,9,0.571,18.41,7,5,0,65.63,85.6,10.3,18,Beginner
362,4,13,3,10,0.201,36.61,3,1,1,20.0,-324.7,25.3,84,Beginner
71,1,19,13,6,0.693,51.74,6,3,1,64.49,253.3,89.2,118,Intermediate
375,5,26,4,22,0.136,49.24,8,1,0,29.83,-212.2,118.6,58,Beginner
210,5,11,1,10,0.05,71.39,4,2,0,59.94,74.2,587.0,50,Beginner
4,5,26,15,11,0.561,55.7,8,9,4,98.0,495.7,513.6,106,Intermediate
484,4,14,2,12,0.132,60.73,3,1,0,61.15,156.5,543.9,27,Beginner
83,5,28,25,3,0.898,38.69,10,9,6,98.0,574.7,189.9,15,Advanced
299,4,27,26,1,0.948,23.01,9,9,7,98.0,555.9,70.0,112,Advanced
91,2,19,1,18,0.05,60.83,5,4,1,56.77,-9.6,473.8,75,Beginner
467,5,11,1,10,0.05,63.78,4,2,0,85.6,249.7,490.0,14,Beginner
370,2,18,10,8,0.548,37.4,5,2,2,71.75,89.4,29.6,96,Intermediate
403,5,23,9,14,0.382,63.15,8,8,6,98.0,485.9,559.3,143,Intermediate
217,5,17,3,14,0.171,57.31,5,3,1,79.09,145.8,469.9,54,Beginner
234,3,23,20,3,0.85,40.78,8,7,1,96.73,386.2,69.4,104,Advanced
318,2,27,15,12,0.571,45.21,9,8,8,96.96,516.7,443.8,106,Intermediate
393,1,30,22,8,0.744,39.72,10,10,6,98.0,608.9,-240.2,112,Advanced
424,3,18,15,3,0.82,38.86,6,5,1,81.16,421.7,198.4,72,Intermediate
9,4,30,19,11,0.64,29.37,8,6,3,81.6,126.8,37.6,13,Intermediate
332,3,15,14,1,0.923,18.15,4,1,1,53.28,110.9,-213.7,19,Intermediate
55,4,29,15,14,0.521,41.07,10,8,5,98.0,415.9,402.3,85,Intermediate
144,1,12,12,0,0.967,22.14,4,3,4,98.0,437.3,80.3,78,Advanced
415,1,21,12,9,0.586,30.14,6,0,1,34.62,-190.6,-279.0,5,Beginner
126,2,24,9,15,0.361,45.41,8,6,2,77.8,442.0,539.2,36,Beginner
399,5,10,1,9,0.124,63.76,3,3,1,47.48,50.6,418.3,50,Beginner
232,3,19,7,12,0.373,55.38,6,6,1,93.11,402.6,528.3,123,Intermediate
117,2,15,15,0,0.979,26.06,5,4,3,98.0,648.4,19.1,109,Advanced
168,4,27,4,23,0.135,49.9,7,4,2,61.8,132.3,511.0,129,Beginner
266,3,19,16,3,0.865,27.19,6,4,2,96.79,462.0,165.8,33,Advanced
383,1,12,2,10,0.13,26.03,0,1,0,20.0,-249.3,61.5,131,Beginner
304,3,10,10,0,0.98,36.22,3,3,2,98.0,474.9,-367.6,105,Advanced
467,4,10,6,4,0.646,19.96,3,4,0,71.94,249.7,46.4,8,Intermediate
434,5,10,2,8,0.236,46.23,3,4,1,93.2,368.9,533.1,83,Beginner
377,2,20,19,1,0.975,41.0,7,6,1,98.0,452.8,132.7,40,Advanced
302,1,16,9,7,0.569,34.56,5,2,0,51.66,109.0,26.8,137,Beginner
145,5,14,1,13,0.06,57.89,5,1,0,51.03,0.0,463.3,67,Beginner
207,2,18,15,3,0.807,48.41,6,6,6,98.0,636.0,480.3,75,Advanced
60,1,19,18,1,0.941,31.58,6,7,3,98.0,525.8,-228.0,141,Advanced
188,3,22,3,19,0.122,57.47,6,4,1,82.58,251.6,514.7,46,Beginner
464,1,20,9,11,0.459,42.0,7,5,4,85.98,413.2,501.7,94,Intermediate
213,5,29,2,27,0.07,66.42,10,9,3,70.04,196.0,597.4,132,Beginner
57,4,17,11,6,0.633,48.88,6,6,2,98.0,552.6,445.9,86,Intermediate
326,3,18,5,13,0.281,59.44,6,3,2,98.0,423.0,479.6,72,Intermediate
482,3,18,4,14,0.212,48.6,6,5,2,78.0,333.0,552.0,46,Beginner
434,2,11,10,1,0.897,23.98,4,2,1,92.85,368.9,68.0,44,Advanced
138,3,25,23,2,0.92,27.64,8,5,3,98.0,351.9,-367.4,126,Advanced
227,5,21,9,12,0.45,28.59,6,1,0,53.72,110.7,83.2,63,Beginner
266,4,18,8,10,0.465,32.74,6,6,2,96.96,462.0,462.6,50,Intermediate
124,4,17,13,4,0.781,32.81,6,5,2,81.19,390.8,122.0,67,Intermediate
135,5,20,1,19,0.05,61.74,7,5,0,29.16,-47.3,417.9,10,Beginner
119,1,28,26,2,0.914,24.0,9,9,4,98.0,590.1,-206.5,34,Advanced
498,5,18,14,4,0.779,35.48,6,3,0,61.64,162.0,44.7,136,Intermediate
374,1,19,18,1,0.952,29.91,6,6,3,96.21,503.0,52.3,120,Advanced
421,2,12,9,3,0.779,26.57,4,4,1,87.91,403.0,20.2,135,Intermediate
409,4,16,13,3,0.804,28.58,4,2,0,50.39,3.4,-235.8,124,Intermediate
480,1,25,24,1,0.947,34.34,8,9,5,92.38,519.6,-261.0,6,Advanced
53,3,25,4,21,0.157,52.37,7,2,1,61.37,85.6,526.7,67,Beginner
441,2,26,21,5,0.826,36.53,9,9,4,98.0,403.5,119.4,20,Advanced
34,1,20,18,2,0.913,17.08,6,5,1,77.24,166.0,-271.6,3,Intermediate
238,1,28,27,1,0.98,19.79,10,4,0,52.22,43.0,-392.4,37,Intermediate
298,3,21,1,20,0.06,49.37,5,2,0,28.86,-282.9,40.6,16,Beginner
179,1,12,11,1,0.903,18.28,4,3,0,52.99,84.4,-213.5,136,Intermediate
74,5,13,1,12,0.054,55.71,2,1,0,20.91,-263.4,465.7,77,Beginner
97,3,20,3,17,0.148,69.7,6,3,2,68.57,153.8,413.5,141,Beginner
413,4,17,15,2,0.905,32.08,6,5,1,62.13,148.1,-377.7,40,Intermediate
160,2,12,4,8,0.336,38.83,3,1,1,37.96,-19.2,180.5,76,Beginner
156,3,10,10,0,0.98,20.94,3,4,2,98.0,673.4,-377.6,50,Advanced
462,1,22,22,0,0.98,23.71,7,3,2,68.97,256.0,-348.6,77,Advanced
72,1,25,19,6,0.75,57.84,7,9,6,98.0,680.8,543.8,80,Advanced
458,4,14,5,9,0.375,35.51,5,3,0,67.35,88.9,195.5,7,Beginner
461,2,15,7,8,0.489,43.63,5,3,3,98.0,592.8,548.6,100,Intermediate
300,5,21,18,3,0.84,29.89,7,7,4,98.0,598.0,-205.2,32,Advanced
83,5,12,12,0,0.98,13.13,4,3,2,95.72,574.7,-331.6,29,Advanced
78,1,27,2,25,0.084,40.0,4,3,1,20.0,-290.1,160.7,150,Beginner
143,4,22,15,7,0.704,35.72,7,6,4,87.46,342.8,196.8,104,Intermediate
289,4,17,4,13,0.263,58.97,6,5,1,79.27,242.3,562.1,15,Beginner
77,2,22,19,3,0.851,15.79,4,2,1,70.61,185.9,-251.3,17,Intermediate
228,5,13,2,11,0.125,57.97,4,4,0,85.77,395.6,541.0,12,Beginner
58,4,16,3,13,0.182,59.04,5,6,1,85.48,395.3,535.0,85,Beginner
271,2,21,13,8,0.638,30.72,7,2,0,80.17,284.5,157.5,102,Intermediate
11,1,30,29,1,0.958,36.95,10,10,7,94.86,548.8,12.1,101,Advanced
355,3,27,15,12,0.567,42.71,9,3,2,67.95,172.1,193.6,1,Intermediate
28,2,23,23,0,0.98,17.87,8,6,4,81.41,425.3,-241.6,44,Advanced
98,3,17,3,14,0.206,66.28,6,6,3,90.2,486.2,567.6,28,Beginner
88,2,29,27,2,0.943,28.6,9,6,1,80.79,293.7,105.9,126,Advanced
416,2,12,6,6,0.463,49.99,4,4,2,98.0,439.9,445.5,22,Intermediate
27,5,16,13,3,0.822,31.32,5,3,2,87.57,348.3,170.5,119,Advanced
215,5,19,5,14,0.283,46.97,5,2,0,35.83,-52.5,143.0,37,Beginner
296,4,21,9,12,0.446,47.48,7,6,2,79.46,444.3,482.2,133,Intermediate
258,2,24,22,2,0.933,22.43,8,6,5,98.0,605.8,13.7,48,Advanced
341,3,18,3,15,0.153,52.88,6,6,0,60.13,253.2,461.9,52,Beginner
402,2,29,24,5,0.826,22.0,8,5,1,63.93,63.8,-350.6,81,Intermediate
197,3,18,1,17,0.05,66.83,4,3,2,37.27,-40.8,520.7,140,Beginner
415,3,23,1,22,0.05,50.5,6,0,0,48.81,-190.6,520.2,68,Beginner
159,5,11,8,3,0.726,49.14,4,3,3,98.0,603.7,525.5,73,Advanced
493,4,13,8,5,0.648,32.09,4,2,0,66.67,129.6,28.7,58,Intermediate
253,1,14,5,9,0.393,56.37,5,5,0,80.9,368.0,562.2,47,Beginner
369,5,10,9,1,0.914,31.77,3,3,1,73.87,252.2,-241.2,148,Intermediate
438,1,28,14,14,0.516,40.78,10,8,8,98.0,592.2,552.5,94,Intermediate
397,1,23,23,0,0.98,28.88,8,7,2,98.0,424.1,-211.3,146,Advanced
426,5,27,22,5,0.82,18.19,6,3,1,62.83,46.7,-239.5,133,Intermediate
269,2,16,11,5,0.67,32.38,4,5,1,76.58,207.6,136.1,65,Intermediate
22,5,12,12,0,0.98,15.47,4,4,3,98.0,646.8,-209.8,134,Advanced
247,1,16,11,5,0.67,34.81,5,3,0,68.17,231.0,165.8,20,Intermediate
91,2,10,1,9,0.146,55.59,2,0,0,54.23,-9.6,529.7,37,Beginner
445,5,16,15,1,0.941,37.56,5,4,0,47.75,4.7,-348.0,70,Intermediate
119,1,12,6,6,0.473,54.85,4,4,3,98.0,590.1,582.1,23,Intermediate
115,3,14,14,0,0.98,27.98,3,5,1,86.69,357.7,-368.6,3,Advanced
125,4,23,23,0,0.98,32.85,8,8,6,98.0,931.9,444.9,68,Advanced
322,2,30,22,8,0.738,52.52,10,10,7,98.0,775.8,554.4,10,Advanced
286,1,15,2,13,0.138,54.98,5,1,0,42.02,-140.6,131.9,141,Beginner
475,5,30,2,28,0.05,68.16,9,3,1,46.88,33.4,599.2,81,Beginner
209,4,26,7,19,0.278,46.15,9,4,1,61.8,243.8,484.1,145,Beginner
142,5,12,9,3,0.782,40.9,4,4,1,98.0,673.0,459.3,97,Advanced
25,4,10,5,5,0.524,36.62,2,4,1,71.93,111.7,94.5,42,Intermediate
4,4,12,10,2,0.864,27.69,4,4,2,98.0,495.7,156.7,100,Advanced
187,4,25,6,19,0.231,69.8,7,7,1,79.82,233.3,419.0,11,Beginner
463,4,24,15,9,0.637,25.69,8,3,1,25.99,-109.7,-272.5,76,Beginner
262,3,28,3,25,0.106,57.09,0,1,1,20.0,-500.0,465.4,107,Beginner
447,5,21,18,3,0.879,20.7,7,4,1,72.84,221.8,-391.3,67,Intermediate
51,5,10,2,8,0.177,57.53,3,4,0,57.46,213.4,486.0,35,Beginner
47,2,30,28,2,0.921,34.58,10,9,4,85.74,479.8,-308.7,139,Advanced
417,5,28,27,1,0.963,26.44,9,2,1,52.76,15.0,-384.6,32,Intermediate
54,2,25,19,6,0.741,41.19,7,9,3,98.0,619.6,414.2,42,Advanced
26,4,29,2,27,0.069,47.25,9,7,1,59.23,120.0,436.4,111,Beginner
203,5,15,6,9,0.396,60.8,5,4,0,80.49,337.4,463.3,39,Beginner
463,3,21,1,20,0.05,55.13,3,1,0,28.76,-109.7,429.6,31,Beginner
345,1,21,20,1,0.961,27.95,7,7,4,98.0,693.9,124.4,22,Advanced
50,5,15,15,0,0.98,8.53,5,5,5,98.0,913.2,-292.7,118,Advanced
419,4,30,24,6,0.808,25.65,9,2,1,37.76,-75.8,-389.9,19,Intermediate
422,3,21,20,1,0.943,25.05,7,7,7,98.0,708.8,84.6,139,Advanced
401,5,29,23,6,0.805,14.18,10,5,0,56.34,79.7,-202.4,23,Intermediate
452,1,16,4,12,0.225,62.49,5,4,1,83.92,273.6,498.2,24,Beginner
120,3,20,17,3,0.832,23.19,6,1,0,46.0,-32.5,-316.2,145,Intermediate
490,1,29,11,18,0.368,49.81,1,1,3,20.0,-500.0,-355.5,83,Beginner
161,1,13,9,4,0.72,38.17,4,3,0,35.66,-47.9,-251.0,108,Beginner
402,2,21,21,0,0.98,20.5,6,2,1,63.83,63.8,-347.9,106,Intermediate
290,3,26,25,1,0.98,34.56,9,4,2,57.43,129.2,-367.5,44,Intermediate
390,1,26,15,11,0.566,49.84,8,4,2,71.07,217.7,184.0,81,Intermediate
314,3,25,22,3,0.895,20.99,8,7,1,98.0,511.6,-254.1,72,Advanced
322,4,22,21,1,0.947,21.97,7,8,7,98.0,775.8,122.9,137,Advanced
309,1,10,5,5,0.486,38.24,2,4,1,90.18,573.7,577.7,128,Intermediate
390,1,16,11,5,0.686,40.64,5,3,1,83.33,217.7,174.3,11,Intermediate
370,4,26,2,24,0.096,49.61,8,4,2,60.14,89.4,465.1,97,Beginner
68,3,20,20,0,0.98,28.54,7,7,4,98.0,491.5,16.3,150,Advanced
414,1,17,14,3,0.812,23.54,5,2,1,50.74,-16.9,-262.8,68,Intermediate
269,5,28,27,1,0.953,19.44,10,6,1,78.06,207.6,-364.4,85,Intermediate
162,3,17,1,16,0.081,55.85,6,5,1,68.47,191.1,562.4,115,Beginner
258,1,18,17,1,0.924,20.23,6,6,2,98.0,605.8,122.2,33,Advanced
484,2,18,18,0,0.98,21.42,6,3,0,68.24,156.5,-279.8,43,Intermediate
429,3,17,11,6,0.625,30.17,5,5,0,67.45,285.1,157.2,95,Intermediate
417,2,20,2,18,0.12,59.07,7,2,0,66.03,15.0,517.5,146,Beginner
232,5,30,29,1,0.98,26.75,10,6,5,87.36,402.6,9.4,100,Advanced
393,4,30,27,3,0.901,21.84,10,9,7,98.0,608.9,122.9,117,Advanced
193,1,17,9,8,0.531,58.7,6,6,1,89.52,449.3,486.7,1,Intermediate
344,2,17,11,6,0.65,32.64,5,4,1,64.23,115.2,61.2,15,Intermediate
320,2,28,10,18,0.374,53.14,10,5,0,57.81,41.8,178.6,126,Beginner
125,1,22,20,2,0.905,26.59,7,8,6,98.0,931.9,-227.1,117,Advanced
134,1,13,12,1,0.942,25.38,4,4,2,98.0,661.7,-298.3,11,Advanced
31,1,21,1,20,0.05,56.82,5,0,0,20.0,-359.5,547.4,59,Beginner
70,4,26,13,13,0.487,46.77,7,5,0,56.64,74.0,188.6,33,Beginner
217,2,18,12,6,0.673,30.81,6,4,0,58.57,145.8,19.9,92,Intermediate
239,3,22,2,20,0.107,51.11,3,3,0,48.95,-195.7,150.3,90,Beginner
83,1,26,23,3,0.87,36.13,9,9,6,98.0,574.7,-304.3,4,Advanced
209,5,12,1,11,0.072,53.97,4,3,1,80.21,243.8,559.2,117,Beginner
303,5,30,27,3,0.902,29.19,8,6,1,79.01,200.0,-321.5,26,Intermediate
117,4,11,8,3,0.707,51.91,4,3,0,98.0,648.4,516.5,96,Intermediate
170,2,12,5,7,0.426,36.73,4,2,0,51.84,46.3,28.2,125,Beginner
184,4,16,14,2,0.903,21.87,5,4,0,52.58,237.3,-343.1,94,Intermediate
253,2,10,8,2,0.82,22.01,3,2,1,77.04,368.0,-202.1,148,Intermediate
184,5,23,6,17,0.247,54.17,8,5,1,91.05,237.3,540.8,74,Beginner
369,4,21,20,1,0.957,20.67,7,5,0,84.5,252.2,-336.1,42,Advanced
164,1,17,13,4,0.767,22.71,5,2,0,36.69,-149.3,-335.7,78,Beginner
217,1,30,2,28,0.052,55.7,10,6,0,51.96,145.8,478.3,110,Beginner
190,4,15,15,0,0.98,24.08,5,5,3,98.0,612.2,124.7,65,Advanced
92,4,28,6,22,0.202,48.64,8,1,0,24.12,-236.6,152.2,15,Beginner
343,4,22,20,2,0.906,26.17,7,3,0,63.28,77.0,-307.9,42,Intermediate
118,2,24,20,4,0.828,43.01,8,8,6,98.0,754.7,437.8,79,Advanced
149,4,30,20,10,0.683,28.49,1,1,0,22.83,-232.5,-335.5,55,Beginner
397,2,15,15,0,0.98,25.38,5,5,1,98.0,424.1,-210.2,138,Advanced
475,4,12,10,2,0.858,25.92,4,2,0,68.76,33.4,-204.1,132,Intermediate
336,2,26,25,1,0.968,30.87,8,4,1,49.9,51.7,-376.1,97,Intermediate
459,1,23,23,0,0.98,22.1,6,7,1,54.74,127.3,-331.2,58,Intermediate
428,5,14,7,7,0.509,34.6,3,0,0,26.33,-318.5,-358.4,26,Beginner
241,5,29,20,9,0.685,21.68,4,0,0,20.0,-276.9,-362.6,115,Beginner
386,4,25,22,3,0.898,33.64,7,9,4,94.92,544.2,96.6,143,Advanced
165,4,21,1,20,0.05,53.68,5,0,0,27.09,-250.4,471.4,92,Beginner
231,4,12,11,1,0.918,18.51,4,4,4,98.0,719.7,-314.9,3,Advanced
268,4,30,23,7,0.773,19.42,9,3,1,34.0,-92.1,-345.5,34,Beginner
481,3,21,13,8,0.617,37.37,7,5,3,96.06,490.2,419.8,83,Intermediate
425,5,22,2,20,0.109,55.5,5,1,0,20.58,-303.1,507.7,24,Beginner
245,4,10,2,8,0.237,51.35,3,2,0,32.83,-133.8,82.5,87,Beginner
327,3,24,24,0,0.98,20.4,7,6,0,53.54,176.7,-384.8,19,Intermediate
102,3,27,25,2,0.913,11.57,9,9,8,98.0,856.2,60.8,68,Advanced
403,5,26,21,5,0.811,27.46,9,8,5,98.0,485.9,-308.6,75,Advanced
277,3,17,9,8,0.508,25.41,3,1,0,25.9,-270.4,-262.2,97,Beginner
267,1,14,8,6,0.605,40.5,5,2,1,71.62,227.6,125.0,31,Intermediate
384,5,19,17,2,0.874,26.93,6,7,6,98.0,998.2,142.2,89,Advanced
317,1,21,8,13,0.359,39.38,6,3,2,54.96,89.9,175.2,39,Beginner
37,2,15,9,6,0.624,44.64,5,3,2,72.91,315.2,185.1,65,Intermediate
145,2,22,16,6,0.715,32.59,7,2,0,63.31,0.0,-202.9,126,Intermediate
89,1,29,24,5,0.82,21.81,10,8,1,52.16,197.5,39.2,10,Intermediate
368,2,12,1,11,0.061,54.09,4,2,0,57.76,89.9,592.3,74,Beginner
18,1,15,1,14,0.05,42.78,3,0,2,38.73,-106.7,404.7,142,Beginner
102,3,19,19,0,0.98,43.12,6,7,5,98.0,856.2,-244.5,50,Advanced
299,5,13,12,1,0.923,21.29,4,5,2,93.18,555.9,66.2,64,Advanced
348,2,26,21,5,0.79,34.42,9,6,3,50.03,95.1,-244.8,28,Intermediate
252,2,11,9,2,0.857,21.17,4,3,0,87.03,293.7,-261.3,25,Intermediate
431,4,10,0,10,0.05,54.1,2,0,0,46.42,-146.7,587.4,66,Beginner
460,4,17,14,3,0.835,25.05,6,5,3,72.9,262.4,-278.4,86,Intermediate
67,5,18,14,4,0.774,24.51,6,4,3,74.04,314.9,5.6,40,Intermediate
477,3,24,3,21,0.143,49.62,6,1,0,22.53,-131.9,144.4,85,Beginner
308,4,13,13,0,0.98,30.6,4,4,1,85.94,284.2,-350.8,6,Advanced
319,5,26,25,1,0.98,21.05,8,3,0,66.74,87.4,-374.5,79,Intermediate
48,3,13,6,7,0.432,28.57,3,2,0,29.65,21.4,102.4,131,Beginner
311,5,29,10,19,0.357,46.24,10,7,4,74.77,441.6,544.0,107,Beginner
363,5,20,15,5,0.773,14.15,7,5,2,84.44,333.5,78.6,86,Intermediate
291,1,26,10,16,0.392,35.72,7,3,1,48.8,-33.3,63.1,145,Beginner
43,4,10,10,0,0.98,24.82,3,4,3,98.0,663.3,-298.8,125,Advanced
262,4,25,1,24,0.06,37.92,1,0,1,20.0,-500.0,137.7,9,Beginner
468,5,18,8,10,0.435,24.74,2,1,0,20.0,-420.5,-397.7,112,Beginner
362,3,20,2,18,0.096,41.49,4,0,0,20.0,-324.7,43.8,109,Beginner
69,2,10,2,8,0.211,50.85,3,2,2,71.5,287.1,497.4,3,Beginner
480,3,23,22,1,0.97,26.06,8,8,2,98.0,519.6,66.3,61,Advanced
480,4,29,26,3,0.897,22.33,10,10,2,96.56,519.6,-370.1,99,Advanced
85,5,30,29,1,0.978,26.64,10,9,5,98.0,594.5,-328.3,100,Advanced
401,1,28,27,1,0.969,21.32,7,4,0,43.03,79.7,-366.9,22,Intermediate
204,1,25,24,1,0.974,21.91,8,9,8,98.0,967.8,12.2,37,Advanced
297,2,14,1,13,0.05,45.81,4,3,0,56.48,0.5,511.2,11,Beginner
223,3,17,16,1,0.94,24.55,6,3,0,71.8,244.0,-290.1,77,Intermediate
392,1,11,9,2,0.812,28.0,4,0,2,79.09,319.2,19.1,5,Intermediate
499,5,14,3,11,0.192,53.08,5,3,1,81.08,210.4,453.8,95,Beginner
398,4,15,14,1,0.903,38.28,5,4,2,98.0,469.5,-304.4,127,Advanced
466,5,24,24,0,0.98,26.04,8,8,6,98.0,816.4,-316.0,117,Advanced
474,1,10,10,0,0.963,23.8,3,4,1,98.0,523.6,-374.3,86,Advanced
46,2,29,9,20,0.31,41.12,10,3,0,54.42,39.5,92.9,101,Beginner
127,3,25,21,4,0.855,46.34,8,8,4,98.0,692.0,188.8,116,Advanced
361,4,24,20,4,0.852,49.53,8,8,7,98.0,767.8,559.8,116,Advanced
296,4,22,9,13,0.41,36.29,7,6,3,98.0,444.3,498.7,96,Intermediate
26,3,15,1,14,0.079,60.26,5,3,0,73.52,120.0,490.0,148,Beginner
48,2,21,4,17,0.176,48.38,4,2,0,43.75,21.4,408.1,21,Beginner
261,2,23,7,16,0.302,40.68,8,8,2,89.05,370.1,507.4,73,Beginner
309,2,27,13,14,0.494,61.65,9,9,4,98.0,573.7,519.1,92,Intermediate
84,4,24,1,23,0.05,71.6,8,2,0,57.57,87.4,578.3,126,Beginner
86,5,26,11,15,0.421,46.39,9,9,3,89.97,412.7,500.2,17,Intermediate
65,3,19,5,14,0.253,48.82,6,4,0,60.01,69.6,431.5,46,Beginner
283,5,18,17,1,0.951,42.33,6,6,4,98.0,802.4,436.0,8,Advanced
4,2,26,24,2,0.913,19.5,9,9,4,98.0,495.7,17.7,46,Advanced
287,5,22,21,1,0.934,27.63,7,8,7,98.0,768.2,105.0,52,Advanced
238,1,18,9,9,0.497,29.79,6,0,1,49.54,43.0,47.5,49,Beginner
233,4,19,1,18,0.05,58.07,5,2,1,20.27,-282.0,565.0,15,Beginner
340,5,21,14,7,0.679,25.21,7,4,2,70.86,278.3,149.5,89,Intermediate
262,2,23,2,21,0.091,61.56,2,0,1,20.0,-500.0,419.1,106,Beginner
364,4,17,3,14,0.174,68.44,5,0,1,20.0,-162.8,540.4,31,Beginner
382,1,13,12,1,0.915,45.13,4,5,2,98.0,827.3,540.9,91,Advanced
461,5,28,27,1,0.98,24.65,10,8,6,98.0,592.8,-328.2,57,Advanced
400,3,16,3,13,0.168,62.94,4,0,0,34.36,-63.6,498.1,103,Beginner
259,3,13,4,9,0.318,56.68,4,4,0,78.27,313.3,532.5,70,Beginner
247,5,15,2,13,0.12,72.25,5,4,2,82.06,231.0,579.5,137,Beginner
118,5,28,25,3,0.896,31.87,10,9,5,98.0,754.7,422.1,112,Advanced
300,2,13,11,2,0.833,33.97,4,5,3,98.0,598.0,86.9,55,Advanced
70,5,24,10,14,0.399,39.48,6,2,1,61.59,74.0,151.6,74,Beginner
466,2,18,18,0,0.98,17.05,5,6,6,98.0,816.4,-247.4,84,Advanced
423,5,22,7,15,0.299,66.02,7,5,3,74.57,269.4,401.0,19,Beginner
60,4,25,21,4,0.842,41.6,7,8,8,98.0,525.8,-292.5,57,Advanced
393,3,14,10,4,0.711,48.58,5,5,2,98.0,608.9,538.2,42,Advanced
59,3,18,13,5,0.733,48.68,6,6,4,98.0,615.3,464.3,22,Advanced
361,2,26,25,1,0.98,26.04,9,9,7,98.0,767.8,126.8,38,Advanced
44,3,30,29,1,0.98,22.73,10,9,4,67.64,249.3,-398.3,127,Advanced
245,3,27,21,6,0.78,21.76,6,2,0,47.48,-133.8,-268.0,122,Intermediate
329,5,16,3,13,0.189,48.22,5,2,0,59.45,121.7,489.2,86,Beginner
365,3,14,5,9,0.335,53.01,4,1,0,59.56,59.7,142.6,93,Beginner
210,3,29,25,4,0.853,25.73,10,6,0,56.44,74.2,-286.5,94,Intermediate
461,4,24,12,12,0.485,53.47,8,7,6,98.0,592.8,582.4,105,Intermediate
388,5,14,10,4,0.705,22.42,4,3,0,40.25,-48.7,-261.2,39,Beginner
105,5,23,4,19,0.174,58.86,6,0,0,31.96,-253.7,469.3,85,Beginner
336,2,16,14,2,0.849,16.25,5,4,0,54.48,51.7,-244.3,125,Intermediate
366,5,13,12,1,0.955,19.97,4,4,2,68.62,140.7,-290.9,6,Intermediate
167,3,13,10,3,0.773,18.01,4,2,0,69.87,69.1,-255.5,77,Intermediate
370,1,17,9,8,0.535,46.11,5,3,1,42.91,89.4,104.7,16,Beginner
450,1,14,2,12,0.129,33.83,4,0,1,38.16,-113.1,178.1,11,Beginner
409,2,26,5,21,0.179,46.27,8,3,1,43.19,3.4,404.4,93,Beginner
382,2,13,12,1,0.902,12.58,4,4,3,98.0,827.3,57.5,49,Advanced
318,3,13,13,0,0.972,26.02,4,5,4,98.0,516.7,173.2,76,Advanced
136,1,23,23,0,0.98,21.68,8,8,4,98.0,540.4,-346.0,69,Advanced
398,1,19,17,2,0.917,31.74,6,6,4,92.78,469.5,-366.8,84,Advanced
183,1,14,2,12,0.17,54.99,4,1,0,52.13,5.0,452.0,51,Beginner
267,5,11,11,0,0.98,22.03,4,1,1,62.57,227.6,-361.4,78,Intermediate
158,2,11,3,8,0.281,57.33,4,1,2,83.81,311.4,505.1,18,Beginner
157,4,16,14,2,0.88,21.8,4,5,1,65.82,223.6,-379.7,38,Intermediate
79,3,15,15,0,0.98,41.77,5,5,4,98.0,817.9,-346.0,49,Advanced
481,2,22,21,1,0.955,20.76,6,8,5,88.48,490.2,-266.9,80,Advanced
74,2,24,14,10,0.585,34.44,4,3,1,20.0,-263.4,-320.3,1,Beginner
44,1,13,2,11,0.191,62.12,4,5,0,68.92,249.3,505.4,134,Beginner
469,1,19,15,4,0.783,28.17,6,6,3,83.34,357.2,132.4,32,Intermediate
278,4,19,17,2,0.888,26.08,5,5,2,91.4,303.9,-203.1,126,Advanced
219,3,13,6,7,0.474,30.41,3,2,1,69.09,123.2,67.3,96,Beginner
369,5,20,12,8,0.62,33.06,7,5,1,71.38,252.2,70.3,47,Intermediate
192,1,11,2,9,0.165,57.44,4,3,0,64.74,185.8,495.1,81,Beginner
64,5,16,1,15,0.05,55.69,5,3,1,72.87,157.9,486.5,42,Beginner
365,1,25,4,21,0.148,47.83,8,5,1,46.66,59.7,447.4,57,Beginner
88,4,15,4,11,0.26,68.82,5,4,3,79.54,293.7,509.0,122,Beginner
277,5,24,1,23,0.05,63.36,5,1,0,20.0,-270.4,518.6,144,Beginner
475,1,12,6,6,0.514,25.51,4,0,0,51.97,33.4,73.8,71,Beginner
469,3,19,7,12,0.38,46.91,6,7,3,92.19,357.2,429.1,7,Intermediate
181,5,28,27,1,0.979,13.91,9,9,4,98.0,655.9,-240.4,66,Advanced
391,5,21,8,13,0.382,52.09,7,7,2,98.0,416.3,402.9,97,Intermediate
307,2,27,1,26,0.05,57.18,5,0,0,44.02,-235.7,463.8,76,Beginner
240,1,15,14,1,0.934,24.93,5,5,2,84.07,292.4,-280.8,94,Advanced
70,2,13,1,12,0.08,55.89,4,2,0,56.73,74.0,591.1,23,Beginner
189,3,20,16,4,0.778,42.24,7,7,4,98.0,592.1,435.6,79,Advanced
326,2,15,14,1,0.938,30.41,5,4,5,83.43,423.0,-349.6,62,Advanced
494,1,25,8,17,0.322,49.78,8,5,1,64.65,24.8,167.9,40,Beginner
3,3,17,11,6,0.626,52.75,6,6,2,92.04,480.7,431.4,144,Intermediate
359,3,26,1,25,0.05,49.1,7,3,2,66.68,-6.7,539.1,76,Beginner
424,2,10,10,0,0.98,23.6,3,4,2,86.43,421.7,-268.1,53,Advanced
476,5,17,13,4,0.76,29.71,6,4,3,87.02,317.3,29.9,71,Intermediate
212,2,15,1,14,0.05,55.95,4,2,0,34.01,-35.2,571.1,97,Beginner
60,5,24,22,2,0.913,13.29,8,8,4,98.0,525.8,-222.9,22,Advanced
136,1,14,14,0,0.98,15.89,4,5,3,95.4,540.4,-229.0,148,Advanced
426,3,20,17,3,0.85,36.31,6,2,0,43.14,46.7,-333.8,36,Intermediate
439,5,17,17,0,0.98,16.62,6,5,1,84.59,249.4,-251.1,16,Advanced
319,2,25,12,13,0.482,34.1,7,2,0,48.92,87.4,49.8,66,Beginner
62,4,17,13,4,0.749,31.14,5,4,1,79.88,357.6,127.3,145,Intermediate
61,4,24,23,1,0.967,24.16,8,8,6,98.0,706.5,9.7,56,Advanced
240,2,11,2,9,0.217,51.49,4,1,0,88.35,292.4,470.7,87,Beginner
295,4,25,10,15,0.407,40.78,7,2,2,57.55,-5.9,34.5,20,Beginner
17,4,23,18,5,0.767,25.15,8,6,2,80.52,203.6,-318.2,75,Intermediate
344,3,13,13,0,0.98,20.69,4,1,0,55.22,115.2,-364.5,36,Intermediate
273,2,12,11,1,0.942,25.26,4,4,2,98.0,561.8,-344.0,1,Advanced
7,3,16,14,2,0.884,15.96,5,4,5,84.87,412.3,-374.4,89,Advanced
48,1,30,29,1,0.98,29.16,8,2,0,46.1,21.4,-357.5,79,Intermediate
228,3,15,13,2,0.895,20.13,5,4,2,83.97,395.6,-243.6,106,Advanced
362,2,19,8,11,0.414,29.53,5,1,0,20.0,-324.7,-290.0,150,Beginner
413,2,19,12,7,0.625,33.38,6,5,2,64.09,148.1,7.2,113,Intermediate
216,2,16,9,7,0.546,32.87,4,0,0,47.29,40.0,61.6,129,Beginner
148,3,19,9,10,0.455,53.05,6,7,4,98.0,463.9,568.2,81,Intermediate
485,1,13,2,11,0.15,67.2,3,1,0,31.74,26.2,515.4,142,Beginner
230,1,24,23,1,0.97,20.03,7,7,3,87.79,359.6,18.2,9,Advanced
158,2,13,12,1,0.908,28.39,4,3,1,72.42,311.4,-201.6,118,Intermediate
222,3,21,14,7,0.66,43.72,7,6,1,61.5,168.6,138.5,35,Intermediate
7,2,16,15,1,0.936,33.07,5,5,4,86.07,412.3,-207.5,146,Advanced
151,3,22,19,3,0.842,43.75,6,7,5,98.0,621.4,103.2,110,Advanced
258,1,21,19,2,0.885,27.81,7,6,5,98.0,605.8,193.4,30,Advanced
460,3,23,17,6,0.74,26.52,8,3,3,74.91,262.4,100.4,44,Intermediate
370,3,22,18,4,0.825,32.05,7,5,0,53.22,89.4,-241.5,11,Intermediate
391,2,15,5,10,0.362,60.55,5,5,1,97.89,416.3,522.8,101,Intermediate
273,1,22,12,10,0.54,47.02,7,8,5,98.0,561.8,560.0,31,Intermediate
56,4,14,5,9,0.35,55.54,5,3,1,82.24,324.7,455.0,98,Beginner
196,2,18,11,7,0.605,57.37,6,5,2,59.58,223.6,182.0,10,Intermediate
499,3,14,10,4,0.69,32.21,5,4,1,65.41,210.4,60.8,78,Intermediate
23,4,21,19,2,0.899,31.36,6,5,2,98.0,448.6,-252.4,33,Advanced
440,1,26,7,19,0.26,61.86,9,7,2,80.56,341.0,438.8,47,Beginner
343,4,22,9,13,0.41,56.77,7,3,1,50.83,77.0,135.5,64,Beginner
142,2,12,11,1,0.912,26.62,3,4,2,98.0,673.0,-255.7,12,Advanced
389,3,11,10,1,0.942,33.67,3,3,2,90.53,398.0,-208.6,57,Advanced
419,1,16,1,15,0.05,54.34,4,0,0,30.15,-75.8,535.9,110,Beginner
22,3,22,19,3,0.844,25.14,7,6,2,98.0,646.8,1.8,52,Advanced
54,2,15,15,0,0.98,23.39,4,5,4,98.0,619.6,46.3,38,Advanced
333,1,30,24,6,0.785,12.9,10,9,6,85.37,389.6,8.5,74,Advanced
500,3,22,17,5,0.779,19.51,7,8,1,73.47,318.1,85.5,43,Intermediate
12,4,28,8,20,0.303,44.4,7,3,1,65.01,68.6,168.0,135,Beginner
333,2,29,26,3,0.887,28.05,10,10,1,78.3,389.6,-322.0,19,Intermediate
69,4,12,8,4,0.684,28.03,4,4,2,80.09,287.1,157.8,73,Intermediate
326,2,28,14,14,0.515,58.15,10,8,3,98.0,423.0,413.8,110,Intermediate
312,5,11,11,0,0.98,17.13,4,3,2,86.22,349.5,-253.8,59,Advanced
46,2,12,1,11,0.05,56.27,4,2,1,63.8,39.5,410.6,144,Beginner
341,4,21,19,2,0.888,21.99,7,4,0,66.24,253.2,-261.1,150,Intermediate
449,2,21,3,18,0.136,60.52,6,3,0,48.81,51.3,537.2,73,Beginner
432,3,23,10,13,0.44,44.27,7,2,2,55.19,88.8,119.6,107,Beginner
15,1,10,2,8,0.199,49.23,2,0,0,63.54,-127.8,144.0,55,Beginner
123,1,12,1,11,0.05,49.72,2,0,1,24.77,-292.9,122.2,144,Beginner
121,5,26,9,17,0.329,56.83,9,8,3,86.6,310.4,460.4,78,Beginner
227,1,22,10,12,0.448,22.72,6,5,1,66.3,110.7,23.8,92,Beginner
72,3,17,12,5,0.731,58.27,6,6,4,98.0,680.8,572.7,59,Advanced
428,3,13,1,12,0.05,53.96,2,0,0,26.54,-318.5,579.6,65,Beginner
389,4,14,12,2,0.863,24.16,5,5,3,74.84,398.0,-240.5,47,Advanced
405,1,16,13,3,0.839,23.11,5,3,1,72.56,203.5,-204.7,38,Intermediate
100,1,20,10,10,0.489,38.75,6,6,2,63.81,103.9,98.4,146,Beginner
8,2,27,24,3,0.887,22.5,7,3,0,58.32,1.7,-370.0,51,Intermediate
456,5,19,4,15,0.224,38.92,3,3,1,23.56,-172.0,53.8,141,Beginner
145,2,19,6,13,0.314,48.71,4,3,0,41.35,0.0,72.3,1,Beginner
329,3,29,20,9,0.68,23.08,9,6,0,54.02,121.7,37.1,94,Intermediate
455,3,11,10,1,0.892,25.27,4,2,0,62.37,81.9,-363.2,123,Intermediate
19,3,10,0,10,0.05,50.98,3,4,0,58.21,39.2,511.3,3,Beginner
3,5,30,27,3,0.901,32.43,10,9,8,90.47,480.7,63.3,10,Advanced
3,4,29,17,12,0.593,42.75,10,9,5,98.0,480.7,448.0,56,Intermediate
79,3,18,17,1,0.948,25.17,6,6,6,98.0,817.9,-358.6,48,Advanced
26,2,14,7,7,0.504,26.13,5,1,2,63.0,120.0,90.5,30,Beginner
410,2,12,11,1,0.927,33.94,4,4,4,98.0,722.6,-322.5,76,Advanced
303,5,13,10,3,0.739,33.86,4,3,1,77.44,200.0,89.3,88,Intermediate
491,1,28,5,23,0.181,44.12,4,0,0,25.11,-280.1,88.0,130,Beginner
401,1,25,2,23,0.086,66.17,7,4,0,73.09,79.7,555.9,60,Beginner
482,2,27,26,1,0.96,16.14,9,9,2,73.59,333.0,-305.4,120,Advanced
120,5,20,9,11,0.453,36.74,7,3,0,34.39,-32.5,122.3,63,Beginner
144,4,23,23,0,0.98,26.09,8,8,4,87.81,437.3,-318.8,114,Advanced
425,5,28,4,24,0.143,28.27,8,1,2,24.12,-303.1,27.1,139,Beginner
123,4,17,1,16,0.05,35.69,4,2,2,20.0,-292.9,182.0,62,Beginner
29,3,21,8,13,0.393,32.14,5,1,0,57.94,-22.3,71.8,136,Beginner
335,1,16,12,4,0.737,16.91,4,6,5,98.0,701.4,-225.0,85,Advanced
401,5,20,20,0,0.98,22.68,6,3,0,66.62,79.7,-396.7,41,Intermediate
485,4,14,10,4,0.738,30.78,4,2,1,45.97,26.2,-245.2,129,Intermediate
464,1,14,6,8,0.446,52.86,5,5,0,98.0,413.2,415.6,94,Intermediate
61,5,17,14,3,0.852,39.5,6,6,3,98.0,706.5,55.4,84,Advanced
387,4,29,26,3,0.898,24.74,10,9,2,98.0,541.1,-224.1,130,Advanced
424,4,15,7,8,0.487,48.38,4,5,2,96.08,421.7,414.1,98,Intermediate
350,2,23,23,0,0.98,24.73,8,7,0,97.41,452.7,-365.6,144,Advanced
410,2,22,22,0,0.98,29.41,7,8,7,98.0,722.6,64.9,2,Advanced
419,2,22,4,18,0.186,60.26,7,2,1,52.69,-75.8,467.8,112,Beginner
224,1,12,1,11,0.069,65.69,4,4,0,63.11,53.3,524.4,74,Beginner
21,3,26,3,23,0.097,63.12,6,5,1,65.9,117.8,477.5,15,Beginner
229,1,26,18,8,0.705,36.4,9,8,0,73.12,178.1,70.4,53,Intermediate
101,3,12,1,11,0.081,66.48,4,3,1,55.49,156.4,470.0,103,Beginner
57,2,18,16,2,0.882,25.09,6,6,2,98.0,552.6,-369.4,10,Advanced
63,4,28,14,14,0.483,46.63,10,8,4,93.35,521.6,515.9,74,Intermediate
349,2,14,10,4,0.699,41.36,5,5,3,98.0,580.1,432.0,102,Advanced
253,2,20,3,17,0.129,55.13,7,7,2,95.73,368.0,537.3,44,Beginner
270,1,27,26,1,0.98,17.31,9,6,1,76.97,270.3,-392.8,131,Advanced
373,2,26,25,1,0.967,20.61,9,9,6,77.54,475.9,-243.3,134,Advanced
275,1,18,13,5,0.727,28.18,6,5,1,71.9,302.7,178.5,97,Intermediate
316,2,24,1,23,0.05,49.08,5,3,0,31.14,-235.1,177.3,96,Beginner
44,3,29,19,10,0.661,35.09,9,7,3,70.62,249.3,95.8,42,Intermediate
426,4,19,1,18,0.05,49.03,5,2,2,60.95,46.7,580.3,137,Beginner
225,3,30,25,5,0.84,27.34,10,10,3,86.07,457.3,150.9,75,Advanced
78,1,26,15,11,0.586,44.19,4,1,1,24.04,-290.1,-352.2,11,Beginner
407,4,23,23,0,0.98,31.72,8,8,2,98.0,660.5,68.9,53,Advanced
368,3,25,23,2,0.928,28.61,8,3,0,65.31,89.9,-336.1,118,Intermediate
27,4,13,12,1,0.898,20.25,4,4,2,79.59,348.3,-365.0,87,Advanced
97,5,10,10,0,0.98,26.91,3,4,0,71.62,153.8,-362.3,88,Intermediate
8,1,27,1,26,0.052,56.4,8,2,1,62.22,1.7,450.3,104,Beginner
136,5,24,13,11,0.553,41.36,8,7,6,85.86,540.4,458.0,46,Intermediate
50,5,29,24,5,0.818,25.01,10,10,9,98.0,913.2,101.8,40,Advanced
355,3,20,14,6,0.723,26.18,6,4,1,52.76,172.1,10.8,132,Intermediate
262,1,18,2,16,0.098,37.24,2,0,0,20.0,-500.0,187.3,74,Beginner
491,2,27,1,26,0.05,46.19,7,1,0,20.0,-280.1,410.1,120,Beginner
375,2,29,3,26,0.094,55.23,7,0,0,28.25,-212.2,443.7,95,Beginner
306,3,27,15,12,0.564,29.21,9,9,2,66.21,131.9,91.2,86,Intermediate
255,4,27,10,17,0.378,48.54,9,9,6,98.0,507.2,505.4,76,Intermediate
28,3,13,12,1,0.886,20.33,4,4,2,94.64,425.3,134.9,146,Advanced
36,2,28,13,15,0.457,39.15,9,4,0,53.95,-14.4,2.8,87,Beginner
309,1,10,4,6,0.387,69.08,3,3,1,98.0,573.7,597.2,120,Intermediate
3,5,25,24,1,0.98,33.1,7,8,1,98.0,480.7,20.5,35,Advanced
22,5,14,14,0,0.98,40.19,5,4,4,88.31,646.8,199.9,71,Advanced
110,1,10,9,1,0.861,29.43,3,3,0,75.81,136.0,-347.2,81,Intermediate
443,2,25,17,8,0.684,32.39,7,4,1,73.86,130.8,13.2,9,Intermediate
230,5,17,14,3,0.82,32.04,6,6,0,91.97,359.6,112.5,150,Intermediate
355,2,28,18,10,0.643,26.26,10,6,2,85.04,172.1,66.3,92,Intermediate
206,4,15,1,14,0.05,52.59,1,0,0,20.0,-319.3,190.6,17,Beginner
87,3,24,23,1,0.94,29.31,8,6,6,88.58,323.4,-317.9,66,Advanced
186,4,23,3,20,0.131,52.16,8,3,0,46.49,-45.9,416.5,149,Beginner
46,5,27,12,15,0.462,40.89,9,3,0,55.9,39.5,86.0,87,Beginner
386,2,28,14,14,0.512,40.86,10,8,4,95.11,544.2,438.9,34,Intermediate
92,4,22,10,12,0.457,26.67,5,2,0,29.5,-236.6,-311.9,8,Beginner
189,3,17,14,3,0.814,34.04,5,6,3,98.0,592.1,102.8,61,Advanced
491,2,20,1,19,0.05,45.78,4,0,1,20.0,-280.1,79.6,124,Beginner
296,1,22,7,15,0.339,51.55,7,7,4,93.88,444.3,520.7,41,Intermediate
230,4,30,28,2,0.918,22.47,10,9,2,75.45,359.6,-324.0,121,Intermediate
272,4,13,3,10,0.263,54.97,4,5,0,76.69,298.6,473.3,84,Beginner
393,5,11,10,1,0.924,18.42,4,3,3,98.0,608.9,169.6,114,Advanced
128,2,19,14,5,0.75,27.01,6,6,1,88.33,304.9,110.7,136,Intermediate
319,4,18,10,8,0.538,28.97,6,2,1,64.89,87.4,116.5,118,Beginner
437,1,28,23,5,0.833,24.98,8,9,4,98.0,475.7,-207.7,105,Advanced
287,1,15,15,0,0.973,37.86,4,5,3,98.0,768.2,152.5,28,Advanced
224,3,13,11,2,0.841,30.61,3,3,0,50.18,53.3,-208.3,111,Intermediate
73,3,12,9,3,0.717,29.9,4,3,2,94.37,416.6,170.4,77,Intermediate
125,3,28,27,1,0.98,22.24,10,9,8,98.0,931.9,65.4,31,Advanced
474,5,22,20,2,0.928,25.34,7,8,4,91.33,523.6,138.5,114,Advanced
271,5,30,28,2,0.943,38.97,10,6,2,67.37,284.5,-213.3,137,Intermediate
151,1,15,12,3,0.781,25.38,4,5,4,98.0,621.4,-372.3,94,Advanced
210,2,11,11,0,0.98,26.65,4,1,0,43.14,74.2,-376.6,132,Intermediate
290,3,19,18,1,0.966,10.12,6,4,2,54.51,129.2,-386.2,78,Intermediate
269,5,13,10,3,0.751,22.18,4,4,1,66.55,207.6,41.4,134,Intermediate
350,4,12,9,3,0.713,24.59,4,4,0,98.0,452.7,-242.8,54,Intermediate
129,1,28,2,26,0.088,56.06,10,5,1,69.3,228.0,565.7,4,Beginner
325,4,18,15,3,0.85,25.83,6,6,2,91.9,540.3,-389.3,100,Advanced
222,2,11,11,0,0.98,26.28,4,3,1,68.19,168.6,-255.3,53,Intermediate
471,1,14,10,4,0.698,50.02,5,5,4,98.0,722.8,507.8,6,Advanced
79,4,17,17,0,0.98,11.82,6,6,4,98.0,817.9,-368.4,81,Advanced
75,2,28,16,12,0.573,31.49,8,5,2,63.83,185.4,181.1,5,Intermediate
231,4,23,19,4,0.815,43.67,7,8,6,98.0,719.7,479.0,78,Advanced
255,3,20,9,11,0.469,50.92,7,6,2,89.44,507.2,584.9,66,Intermediate
346,3,22,4,18,0.185,49.56,6,8,2,58.42,217.4,407.2,42,Beginner
203,2,26,23,3,0.896,25.66,9,7,3,87.47,337.4,-305.1,83,Advanced
457,2,14,14,0,0.98,24.58,5,4,2,98.0,556.4,125.8,62,Advanced
238,2,20,1,19,0.05,59.01,7,4,0,66.71,43.0,485.0,49,Beginner
65,4,18,1,17,0.05,57.57,6,2,0,55.72,69.6,402.2,13,Beginner
60,3,10,9,1,0.928,25.36,3,3,1,98.0,525.8,-399.5,103,Advanced
487,1,21,19,2,0.888,31.04,7,7,5,98.0,603.5,31.4,11,Advanced
68,1,24,24,0,0.98,9.69,8,7,4,85.77,491.5,-351.2,140,Advanced
474,2,23,23,0,0.98,20.8,8,7,4,98.0,523.6,-325.0,128,Advanced
140,3,11,5,6,0.452,58.77,4,3,2,98.0,548.3,553.8,20,Intermediate
47,2,18,16,2,0.88,18.85,6,6,4,98.0,479.8,-288.5,54,Advanced
153,5,18,1,17,0.079,39.88,5,0,1,20.0,-324.1,168.1,72,Beginner
308,2,13,13,0,0.98,24.02,4,5,1,79.83,284.2,-366.5,87,Advanced
214,3,21,18,3,0.87,29.54,7,6,5,85.62,384.9,84.4,142,Advanced
393,2,21,19,2,0.883,21.16,6,6,4,98.0,608.9,-336.1,4,Advanced
306,2,26,14,12,0.521,45.29,8,4,1,61.18,131.9,45.3,144,Beginner
201,5,26,24,2,0.924,26.91,9,8,7,98.0,742.1,-293.1,98,Advanced
318,2,28,16,12,0.562,43.1,10,7,6,98.0,516.7,489.3,74,Intermediate
486,1,18,17,1,0.917,14.82,5,4,4,98.0,510.9,-322.0,49,Advanced
206,3,14,3,11,0.205,42.6,4,0,0,21.29,-319.3,4.8,116,Beginner
77,4,21,21,0,0.98,18.41,7,6,1,86.88,185.9,-388.7,6,Advanced
205,3,23,19,4,0.845,42.16,8,3,3,46.4,-67.2,-340.4,29,Intermediate
421,3,16,16,0,0.98,27.9,5,4,3,70.83,403.0,-384.4,130,Advanced
109,5,19,16,3,0.853,28.82,6,5,3,81.34,366.7,-393.7,121,Advanced
475,2,29,22,7,0.773,29.2,10,5,0,43.71,33.4,-216.2,69,Intermediate
295,4,26,4,22,0.167,52.33,8,4,0,56.79,-5.9,194.4,147,Beginner
301,5,22,20,2,0.927,15.39,7,8,7,98.0,563.8,181.8,60,Advanced
159,2,29,25,4,0.878,16.48,9,10,6,98.0,603.7,-293.5,50,Advanced
461,3,10,10,0,0.956,34.01,3,4,3,98.0,592.8,53.5,21,Advanced
19,2,21,7,14,0.319,52.2,7,3,0,58.78,39.2,161.5,36,Beginner
150,4,15,13,2,0.839,19.0,4,1,0,40.53,3.2,-234.7,37,Intermediate
210,3,16,4,12,0.249,30.13,4,2,1,61.46,74.2,195.4,18,Beginner
239,5,26,16,10,0.61,32.77,7,1,2,41.37,-195.7,-250.3,146,Beginner
238,2,26,22,4,0.828,29.15,9,4,0,42.72,43.0,-343.8,68,Intermediate
74,1,20,1,19,0.05,48.85,5,1,0,21.12,-263.4,199.7,150,Beginner
113,3,21,15,6,0.727,45.86,6,6,6,98.0,680.5,501.3,49,Advanced
48,4,22,4,18,0.172,42.4,7,5,0,52.92,21.4,427.1,135,Beginner
287,2,28,21,7,0.757,42.51,10,9,8,98.0,768.2,509.3,75,Advanced
176,5,10,4,6,0.44,30.27,2,1,0,60.34,45.1,0.1,37,Beginner
283,3,21,19,2,0.884,21.06,7,7,7,98.0,802.4,-371.7,78,Advanced
295,5,11,9,2,0.837,13.02,3,1,0,55.95,-5.9,-326.9,32,Intermediate
352,3,29,28,1,0.98,29.12,9,5,0,73.39,172.7,-314.4,130,Intermediate
274,2,15,11,4,0.715,35.67,4,2,0,42.75,-75.8,-213.3,47,Beginner
324,5,10,9,1,0.897,19.34,2,4,2,95.26,481.0,-232.8,133,Advanced
294,1,26,24,2,0.94,26.78,9,9,3,98.0,667.6,90.9,113,Advanced
327,2,25,24,1,0.98,22.32,7,4,1,61.73,176.7,-205.4,66,Intermediate
309,4,28,26,2,0.933,21.49,10,9,4,98.0,573.7,-271.5,70,Advanced
159,5,17,13,4,0.745,45.83,6,5,3,98.0,603.7,402.3,114,Advanced
124,2,15,12,3,0.779,36.07,5,5,1,94.93,390.8,142.2,5,Intermediate
394,3,24,5,19,0.188,67.61,8,6,0,87.12,272.6,588.5,84,Beginner
172,3,29,26,3,0.913,32.28,10,10,5,95.43,529.1,-394.1,106,Advanced
275,4,29,26,3,0.906,25.86,10,9,4,79.04,302.7,7.8,109,Advanced
99,3,18,18,0,0.98,44.88,6,6,3,69.79,236.3,-258.9,134,Advanced
216,4,23,8,15,0.359,53.28,8,2,0,62.6,40.0,174.5,106,Beginner
265,4,27,25,2,0.934,20.29,9,9,2,84.82,234.8,-290.4,67,Advanced
314,5,25,21,4,0.852,25.79,8,8,5,97.33,511.6,-260.8,125,Advanced
264,1,22,13,9,0.61,21.27,7,7,2,46.87,216.0,126.8,26,Beginner
181,4,13,12,1,0.903,25.09,4,5,4,98.0,655.9,-310.3,25,Advanced
481,1,23,21,2,0.895,36.62,8,7,3,98.0,490.2,-263.2,2,Advanced
257,1,13,6,7,0.459,71.02,4,5,1,98.0,500.6,517.5,120,Intermediate
405,4,19,19,0,0.98,24.05,6,4,0,78.06,203.5,-340.2,47,Intermediate
369,2,22,13,9,0.587,38.57,7,6,0,72.3,252.2,159.3,34,Intermediate
280,4,10,5,5,0.483,38.72,3,1,2,58.84,138.8,83.2,29,Beginner
444,5,19,16,3,0.851,39.33,6,5,0,62.18,150.3,-269.9,104,Intermediate
65,1,16,10,6,0.635,27.87,5,4,0,60.87,69.6,58.3,72,Beginner
461,3,12,12,0,0.98,43.49,4,4,3,98.0,592.8,-257.8,144,Advanced
426,1,23,1,22,0.05,53.68,7,5,1,67.74,46.7,444.5,104,Beginner
252,5,25,24,1,0.98,16.71,8,8,1,82.6,293.7,-339.3,88,Advanced
367,5,28,24,4,0.85,24.19,8,2,2,61.23,123.8,-201.4,27,Intermediate
261,5,24,24,0,0.98,19.23,8,5,1,94.1,370.1,-218.3,133,Advanced
135,5,13,1,12,0.068,61.64,3,1,0,37.5,-47.3,503.0,47,Beginner
400,2,11,1,10,0.09,49.37,3,1,0,55.0,-63.6,566.8,122,Beginner
123,2,27,3,24,0.109,59.65,3,0,0,22.4,-292.9,501.7,1,Beginner
158,5,11,10,1,0.871,36.49,4,3,0,79.31,311.4,104.3,106,Intermediate
260,4,17,9,8,0.542,47.17,6,4,0,61.97,197.1,146.0,117,Beginner
419,2,17,5,12,0.316,47.96,6,2,0,47.43,-75.8,146.2,12,Beginner
192,2,13,1,12,0.057,69.96,3,3,1,66.34,185.8,566.3,106,Beginner
248,1,23,13,10,0.563,29.91,7,5,2,63.27,140.3,78.2,4,Intermediate
21,1,26,12,14,0.472,41.12,9,5,1,48.42,117.8,138.1,81,Beginner
58,4,28,26,2,0.945,12.21,10,9,3,86.06,395.3,47.7,136,Advanced
28,2,19,16,3,0.847,28.89,6,7,2,87.98,425.3,95.5,60,Advanced
37,5,19,19,0,0.98,27.61,6,5,1,84.87,315.2,-307.5,105,Advanced
435,5,14,12,2,0.857,36.39,5,5,1,82.03,341.7,137.3,29,Intermediate
421,3,11,10,1,0.953,13.88,4,2,2,69.11,403.0,-219.9,83,Advanced
411,2,27,5,22,0.185,49.43,9,5,2,69.85,231.7,420.3,70,Beginner
28,1,27,24,3,0.884,31.51,9,5,5,80.89,425.3,169.1,1,Advanced
39,2,30,2,28,0.05,56.1,8,7,0,63.65,219.9,554.2,126,Beginner
141,4,12,9,3,0.772,37.97,4,4,0,85.51,274.8,110.4,19,Intermediate
283,4,18,15,3,0.82,40.82,6,6,3,98.0,802.4,460.7,10,Advanced
168,4,23,23,0,0.98,25.89,8,5,0,65.59,132.3,-327.0,104,Intermediate
244,5,28,1,27,0.05,54.81,4,2,2,20.0,-322.9,489.6,125,Beginner
87,4,18,12,6,0.669,42.27,6,5,1,76.74,323.4,163.0,36,Intermediate
366,3,12,12,0,0.98,32.87,4,1,0,56.23,140.7,-386.9,102,Intermediate
157,2,29,28,1,0.98,22.74,8,5,1,74.92,223.6,-347.0,54,Intermediate
34,2,11,10,1,0.898,45.0,3,2,0,70.05,166.0,-318.3,116,Intermediate
372,2,24,21,3,0.885,23.3,8,7,6,84.59,484.0,86.0,125,Advanced
452,5,17,5,12,0.267,63.45,5,5,1,86.56,273.6,514.3,86,Beginner
8,3,10,1,9,0.129,51.25,2,2,0,40.68,1.7,484.6,49,Beginner
219,2,21,9,12,0.412,45.4,5,4,0,65.43,123.2,167.2,55,Beginner
414,1,17,3,14,0.19,49.33,4,0,0,38.86,-16.9,190.2,78,Beginner
354,1,19,5,14,0.252,34.48,5,5,0,52.02,56.9,166.3,29,Beginner
429,5,13,5,8,0.358,48.96,4,3,0,68.28,285.1,400.0,11,Beginner
208,2,24,3,21,0.109,71.9,7,5,0,45.97,2.0,507.4,102,Beginner
187,1,15,14,1,0.959,19.23,5,4,1,71.72,233.3,-272.7,75,Intermediate
355,2,13,1,12,0.09,58.34,3,2,1,58.02,172.1,466.4,77,Beginner
77,3,18,15,3,0.842,32.31,6,3,1,71.1,185.9,24.6,108,Intermediate
120,5,13,1,12,0.05,56.95,4,0,1,50.32,-32.5,463.5,72,Beginner
301,5,21,14,7,0.667,36.09,7,7,6,98.0,563.8,489.1,35,Advanced
335,1,21,15,6,0.705,55.06,7,7,5,98.0,701.4,562.4,1,Advanced
60,3,26,25,1,0.98,24.98,9,9,4,98.0,525.8,-304.4,87,Advanced
255,5,30,26,4,0.868,35.79,10,9,7,86.56,507.2,76.3,89,Advanced
183,4,11,10,1,0.881,27.57,4,2,0,34.83,5.0,-361.0,89,Intermediate
251,3,10,3,7,0.328,55.82,3,1,2,87.48,398.6,539.9,14,Intermediate
480,2,19,18,1,0.944,27.51,6,7,4,98.0,519.6,-328.3,123,Advanced
39,4,11,1,10,0.05,52.11,4,2,0,91.79,219.9,552.5,136,Beginner
498,3,27,5,22,0.204,71.62,9,7,2,60.7,162.0,577.7,55,Beginner
225,2,26,25,1,0.98,22.27,9,9,3,91.04,457.3,-330.6,5,Advanced
387,4,19,17,2,0.91,28.16,5,6,4,98.0,541.1,143.9,135,Advanced
213,5,30,18,12,0.59,45.39,10,4,0,68.02,196.0,138.0,98,Intermediate
156,5,20,20,0,0.98,30.11,6,6,5,98.0,673.4,99.3,71,Advanced
386,5,21,19,2,0.898,23.24,7,7,2,98.0,544.2,-264.6,28,Advanced
344,4,26,21,5,0.824,28.84,9,4,2,83.24,115.2,-251.7,5,Intermediate
73,4,21,20,1,0.934,33.4,6,6,2,98.0,416.6,79.0,34,Advanced
353,2,24,22,2,0.925,27.0,8,7,2,98.0,422.0,54.2,12,Advanced
377,2,15,12,3,0.829,34.74,5,5,3,80.53,452.8,71.0,26,Advanced
194,1,20,20,0,0.98,16.24,6,2,1,66.04,74.4,-393.9,137,Intermediate
463,1,27,6,21,0.235,44.03,8,5,0,31.43,-109.7,115.9,103,Beginner
321,5,30,2,28,0.05,49.43,7,0,1,33.77,-296.4,100.0,12,Beginner
167,3,14,13,1,0.942,30.01,5,4,1,67.77,69.1,-327.9,119,Intermediate
6,3,10,1,9,0.107,43.94,3,4,0,67.74,129.1,546.2,120,Beginner
338,1,22,21,1,0.944,24.01,7,7,3,98.0,569.8,-358.5,28,Advanced
105,1,11,1,10,0.12,36.77,3,1,0,20.76,-253.7,141.4,148,Beginner
379,1,24,6,18,0.267,63.43,7,8,3,72.05,252.8,469.7,19,Beginner
263,3,18,17,1,0.94,23.56,6,5,1,90.17,340.7,1.6,126,Advanced
234,3,26,23,3,0.901,34.73,9,7,2,91.85,386.2,16.9,47,Advanced
82,1,13,12,1,0.905,16.85,4,5,0,75.22,138.6,-294.7,61,Intermediate
356,4,10,10,0,0.967,27.63,2,4,2,98.0,540.9,-315.1,67,Advanced
83,1,14,14,0,0.98,24.96,5,5,2,98.0,574.7,-267.6,35,Advanced
209,5,11,2,9,0.222,75.98,4,3,1,78.18,243.8,509.7,128,Beginner
419,5,13,1,12,0.05,63.61,2,0,0,46.12,-75.8,411.1,25,Beginner
461,4,25,24,1,0.954,32.7,8,9,3,98.0,592.8,-355.5,93,Advanced
495,3,24,24,0,0.98,39.09,8,8,8,98.0,742.8,-355.5,56,Advanced
480,4,23,23,0,0.98,26.89,8,6,2,98.0,519.6,-280.0,146,Advanced
278,2,18,13,5,0.708,34.3,6,6,1,75.79,303.9,158.7,74,Intermediate
101,5,14,10,4,0.726,30.71,5,4,0,64.51,156.4,52.1,133,Intermediate
420,5,27,1,26,0.05,57.61,6,3,1,34.48,-127.2,406.2,72,Beginner
401,4,28,4,24,0.127,36.65,6,5,0,52.15,79.7,454.5,106,Beginner
496,5,15,15,0,0.98,24.92,4,5,4,98.0,629.5,-337.2,93,Advanced
326,2,28,26,2,0.942,29.15,10,8,2,81.93,423.0,48.3,56,Advanced
71,5,23,16,7,0.716,36.41,8,6,2,79.12,253.3,181.3,119,Intermediate
252,1,17,16,1,0.944,14.18,6,2,2,90.6,293.7,-256.7,50,Advanced
225,4,14,7,7,0.53,45.26,4,4,2,96.14,457.3,412.9,25,Intermediate
422,2,22,22,0,0.98,14.16,7,8,6,98.0,708.8,-254.2,102,Advanced
197,5,10,0,10,0.05,72.15,3,1,1,47.16,-40.8,532.3,50,Beginner
165,3,16,1,15,0.063,57.02,1,1,0,20.0,-250.4,506.2,108,Beginner
41,1,24,6,18,0.235,44.47,7,5,2,94.27,282.1,566.7,112,Beginner
418,2,20,20,0,0.98,28.33,7,7,6,98.0,1167.9,139.4,109,Advanced
378,5,13,7,6,0.549,35.74,3,3,0,44.15,-59.4,-203.1,134,Beginner
21,5,13,1,12,0.05,57.7,3,2,1,55.64,117.8,472.4,117,Beginner
217,2,24,2,22,0.092,52.26,8,5,0,77.23,145.8,527.4,126,Beginner
240,2,27,23,4,0.84,24.27,8,7,1,80.96,292.4,44.0,143,Intermediate
235,1,24,19,5,0.796,41.0,8,8,6,98.0,619.9,419.7,146,Advanced
460,1,13,12,1,0.944,21.92,4,3,2,76.52,262.4,-230.9,7,Advanced
76,1,24,24,0,0.98,22.09,7,8,6,98.0,784.7,171.7,120,Advanced
154,2,15,10,5,0.673,46.03,4,4,4,92.47,561.5,459.4,130,Advanced
91,1,22,18,4,0.814,17.85,7,4,0,57.89,-9.6,-276.3,146,Intermediate
123,1,22,3,19,0.157,48.41,2,1,0,20.0,-292.9,54.6,31,Beginner
454,4,28,14,14,0.497,55.94,10,9,4,95.9,492.6,463.0,141,Intermediate
471,5,27,24,3,0.879,35.43,8,9,7,98.0,722.8,442.0,149,Advanced
23,5,11,3,8,0.24,52.49,4,3,2,98.0,448.6,596.7,99,Intermediate
317,5,10,5,5,0.506,34.37,1,0,0,54.12,89.9,109.4,59,Beginner
117,1,29,24,5,0.815,42.57,10,10,7,98.0,648.4,425.5,106,Advanced
97,1,16,14,2,0.868,27.79,4,3,0,51.34,153.8,-208.3,19,Intermediate
147,5,11,10,1,0.911,31.97,4,3,1,72.65,390.9,66.4,47,Intermediate
98,1,14,14,0,0.98,33.09,5,4,3,98.0,486.2,117.0,83,Advanced
246,4,20,1,19,0.05,67.82,7,1,0,51.03,-59.6,452.6,135,Beginner
498,1,28,5,23,0.169,59.46,10,3,2,69.06,162.0,539.4,68,Beginner
294,1,29,24,5,0.82,36.37,9,9,6,98.0,667.6,482.2,105,Advanced
362,4,23,1,22,0.05,36.54,4,0,1,20.0,-324.7,191.5,85,Beginner
247,4,15,10,5,0.644,48.81,5,2,1,84.85,231.0,169.5,135,Intermediate
7,1,24,20,4,0.83,34.3,8,8,4,76.96,412.3,114.0,133,Intermediate
43,1,27,26,1,0.98,31.4,9,9,7,98.0,663.3,144.4,32,Advanced
135,5,18,10,8,0.582,31.22,5,1,0,46.55,-47.3,-260.9,71,Beginner
122,2,22,20,2,0.92,32.56,7,8,1,88.18,381.9,119.5,56,Advanced
421,5,20,4,16,0.202,59.85,7,5,2,90.29,403.0,567.3,100,Beginner
422,3,28,24,4,0.854,38.49,10,8,6,98.0,708.8,410.3,13,Advanced
428,5,22,1,21,0.05,67.37,3,1,0,22.48,-318.5,539.6,37,Beginner
319,5,11,6,5,0.585,33.23,4,1,0,49.02,87.4,101.2,140,Beginner
279,4,28,15,13,0.54,26.91,9,3,0,56.29,74.4,35.4,120,Beginner
325,1,21,19,2,0.912,13.06,7,7,4,98.0,540.3,-354.4,122,Advanced
204,5,19,19,0,0.98,28.78,6,7,6,98.0,967.8,158.5,98,Advanced
336,2,13,6,7,0.463,47.44,3,4,0,55.21,51.7,113.8,115,Beginner
398,2,24,22,2,0.927,21.7,7,8,2,98.0,469.5,-256.4,72,Advanced
382,3,10,9,1,0.881,15.25,3,4,3,98.0,827.3,-352.3,66,Advanced
307,2,13,1,12,0.05,63.06,2,1,0,20.0,-235.7,570.5,64,Beginner
30,4,24,18,6,0.77,29.73,8,5,4,77.17,260.9,129.7,2,Intermediate
363,2,15,11,4,0.759,45.32,5,2,3,78.48,333.5,160.6,48,Intermediate
184,5,25,24,1,0.962,32.42,8,3,1,69.34,237.3,-330.9,146,Intermediate
372,1,15,14,1,0.941,19.91,5,5,2,98.0,484.0,89.2,116,Advanced
270,3,25,12,13,0.488,35.91,8,5,4,69.12,270.3,181.9,58,Intermediate
441,5,24,21,3,0.883,20.76,8,5,4,71.04,403.5,10.2,23,Advanced
170,5,25,11,14,0.43,28.59,8,5,1,67.89,46.3,80.8,38,Beginner
466,5,25,24,1,0.98,24.51,8,8,7,98.0,816.4,-217.1,92,Advanced
423,4,26,2,24,0.076,63.21,8,6,2,86.52,269.4,534.2,129,Beginner
166,3,17,17,0,0.98,24.33,6,6,3,90.75,497.1,-378.5,51,Advanced
242,2,19,13,6,0.669,33.78,6,3,2,67.19,178.1,147.9,31,Intermediate
266,2,11,9,2,0.83,9.46,4,3,2,86.05,462.0,-318.5,61,Advanced
385,3,17,6,11,0.33,34.91,5,4,0,47.06,-24.6,99.7,26,Beginner
345,2,19,19,0,0.98,28.76,6,7,3,98.0,693.9,-226.8,69,Advanced
427,2,26,3,23,0.111,47.68,7,2,1,34.17,-72.1,456.5,71,Beginner
185,4,28,15,13,0.536,43.52,10,5,2,81.73,277.0,140.3,47,Intermediate
253,4,23,21,2,0.905,22.77,8,7,6,84.73,368.0,20.4,69,Advanced
216,3,12,10,2,0.873,27.36,3,0,0,67.78,40.0,-320.5,89,Intermediate
455,2,14,12,2,0.868,23.22,5,3,0,58.87,81.9,-277.6,133,Intermediate
153,1,21,4,17,0.206,37.95,6,0,0,20.0,-324.1,150.9,116,Beginner
294,2,19,18,1,0.935,31.79,6,6,6,98.0,667.6,108.7,150,Advanced
61,2,29,28,1,0.98,26.16,10,9,7,98.0,706.5,155.5,86,Advanced
426,5,13,1,12,0.05,54.74,4,2,1,51.8,46.7,556.5,39,Beginner
193,2,21,8,13,0.384,37.81,6,6,2,96.85,449.3,544.1,11,Intermediate
171,5,26,7,19,0.273,62.76,9,9,3,74.85,247.7,453.2,31,Beginner
292,3,19,19,0,0.98,24.94,6,3,0,79.28,179.5,-368.0,55,Intermediate
250,3,15,6,9,0.383,62.16,5,5,4,88.38,536.3,579.8,71,Intermediate
424,2,12,11,1,0.876,34.19,4,4,1,98.0,421.7,98.0,87,Advanced
266,4,23,21,2,0.897,37.68,8,6,3,98.0,462.0,109.7,67,Advanced
259,5,23,5,18,0.224,46.96,8,7,5,81.38,313.3,429.0,50,Beginner
53,5,25,11,14,0.424,26.79,7,6,0,61.86,85.6,92.2,124,Beginner
11,5,27,19,8,0.708,51.28,9,9,6,98.0,548.8,444.7,92,Advanced
200,1,30,3,27,0.107,58.55,10,4,3,56.83,203.1,518.8,15,Beginner
500,5,13,13,0,0.98,21.64,4,4,1,86.46,318.1,-380.0,80,Advanced
459,4,19,4,15,0.209,60.08,6,3,0,64.71,127.3,440.7,25,Beginner
315,3,16,8,8,0.5,37.96,5,1,0,56.3,41.7,63.8,119,Beginner
316,2,28,4,24,0.156,65.73,6,2,1,30.35,-235.1,575.8,31,Beginner
196,3,12,2,10,0.196,51.05,3,3,0,67.53,223.6,536.1,79,Beginner
89,5,23,22,1,0.943,32.11,8,4,1,81.7,197.5,-250.8,13,Intermediate
5,3,16,13,3,0.794,25.9,5,4,1,59.01,89.5,-278.4,142,Intermediate
170,1,10,9,1,0.892,34.37,3,2,0,58.96,46.3,-249.2,10,Intermediate
159,4,22,22,0,0.98,37.98,7,8,4,98.0,603.7,167.1,96,Advanced
96,4,18,16,2,0.908,29.7,6,4,4,95.63,372.3,-307.2,78,Advanced
130,4,24,4,20,0.18,53.38,8,6,1,87.27,364.4,505.4,10,Beginner
13,2,18,1,17,0.05,50.73,3,1,0,20.0,-302.7,144.1,134,Beginner
304,2,13,6,7,0.494,62.95,3,4,2,98.0,474.9,566.9,62,Intermediate
464,3,12,11,1,0.956,29.15,4,4,2,77.53,413.2,-302.7,124,Advanced
346,5,13,9,4,0.69,38.27,4,3,0,69.5,217.4,155.5,70,Intermediate
225,5,19,18,1,0.951,29.88,6,7,4,90.83,457.3,-286.9,29,Advanced
211,1,15,3,12,0.215,52.09,5,3,0,86.04,330.4,521.7,43,Beginner
154,1,12,12,0,0.98,35.5,4,4,4,98.0,561.5,-341.3,22,Advanced
72,1,16,15,1,0.924,13.13,5,6,5,98.0,680.8,-300.2,62,Advanced
300,5,27,25,2,0.933,25.14,9,9,4,98.0,598.0,-367.5,92,Advanced
284,5,27,2,25,0.082,55.98,7,2,0,36.87,-129.3,506.2,83,Beginner
4,2,17,16,1,0.93,20.41,6,6,3,98.0,495.7,-310.6,50,Advanced
208,5,20,7,13,0.359,43.75,6,2,1,48.77,2.0,145.5,54,Beginner
140,3,13,8,5,0.631,40.04,4,5,4,98.0,548.3,477.8,76,Advanced
86,2,18,6,12,0.337,71.12,6,5,1,96.16,412.7,557.4,44,Intermediate
352,4,22,19,3,0.886,15.81,7,5,2,67.43,172.7,-274.8,108,Intermediate
263,1,10,8,2,0.834,18.24,3,3,0,65.3,340.7,-316.7,49,Intermediate
317,1,28,16,12,0.555,23.98,10,3,0,57.25,89.9,9.8,135,Beginner
357,2,28,25,3,0.898,26.29,9,8,4,98.0,512.3,-251.0,38,Advanced
491,4,29,2,27,0.07,67.52,2,1,1,20.0,-280.1,551.8,29,Beginner
402,5,14,5,9,0.385,41.36,5,1,0,58.8,63.8,104.0,142,Beginner
311,3,28,23,5,0.817,36.35,8,7,5,92.37,441.6,17.3,11,Advanced
440,3,12,10,2,0.87,19.11,3,1,2,85.96,341.0,-378.2,2,Advanced
239,3,28,6,22,0.21,45.59,7,1,0,41.64,-195.7,64.8,35,Beginner
493,1,12,11,1,0.948,23.68,3,3,0,69.26,129.6,-251.2,26,Intermediate
381,4,17,16,1,0.915,32.64,6,6,4,98.0,802.6,175.5,84,Advanced
326,5,29,27,2,0.922,32.66,9,6,3,79.04,423.0,-201.4,130,Advanced
452,3,20,4,16,0.178,48.57,7,5,1,80.9,273.6,595.7,14,Beginner
258,4,14,10,4,0.703,59.8,5,4,3,98.0,605.8,465.8,78,Advanced
361,2,17,17,0,0.98,23.88,6,6,4,98.0,767.8,-204.5,50,Advanced
143,5,16,15,1,0.939,13.65,5,6,0,82.6,342.8,-334.4,117,Advanced
482,1,29,26,3,0.892,20.05,10,9,2,98.0,333.0,-333.3,46,Advanced
312,1,18,18,0,0.98,25.62,6,5,2,82.8,349.5,-262.5,46,Advanced
392,5,11,10,1,0.928,20.05,4,2,3,98.0,319.2,-390.2,17,Advanced
231,3,13,9,4,0.709,31.98,4,5,4,98.0,719.7,515.9,1,Advanced
434,3,21,20,1,0.954,26.73,7,7,3,81.72,368.9,2.9,147,Advanced
38,5,10,10,0,0.98,19.99,3,4,0,68.3,239.3,-245.0,65,Intermediate
58,2,15,12,3,0.812,37.59,5,4,1,79.3,395.3,155.0,129,Intermediate
254,2,22,17,5,0.788,19.07,3,3,0,35.61,-8.6,-321.9,146,Beginner
367,1,27,5,22,0.19,75.35,8,5,2,60.61,123.8,543.0,89,Beginner
405,3,12,11,1,0.955,28.89,4,2,0,71.51,203.5,-241.5,83,Intermediate
221,4,17,2,15,0.114,59.58,5,4,1,57.28,130.1,513.8,133,Beginner
325,5,18,8,10,0.419,58.52,6,5,5,98.0,540.3,577.2,112,Intermediate
277,3,28,20,8,0.728,17.58,6,2,1,34.53,-270.4,-376.8,43,Beginner
481,1,26,23,3,0.872,21.42,9,9,4,98.0,490.2,-339.0,149,Advanced
328,1,29,13,16,0.433,51.79,10,5,2,68.02,200.9,189.0,127,Beginner
209,2,23,8,15,0.369,51.16,7,6,3,77.82,243.8,447.4,4,Beginner
485,5,13,4,9,0.298,39.55,3,2,1,39.53,26.2,127.0,102,Beginner
54,3,29,28,1,0.98,21.7,10,9,5,98.0,619.6,1.9,6,Advanced
493,5,25,5,20,0.181,69.71,8,2,0,62.46,129.6,542.5,35,Beginner
78,5,23,1,22,0.065,59.27,4,0,1,20.0,-290.1,568.0,95,Beginner
145,5,17,4,13,0.219,33.93,5,1,1,50.26,0.0,163.9,102,Beginner
411,2,26,20,6,0.787,48.34,9,5,1,72.14,231.7,47.4,34,Intermediate
367,3,18,3,15,0.19,48.9,6,3,0,51.88,123.8,519.8,77,Beginner
486,1,16,16,0,0.974,24.22,5,5,3,98.0,510.9,-281.2,15,Advanced
375,2,15,1,14,0.05,49.36,2,0,0,36.38,-212.2,404.3,75,Beginner
319,2,23,22,1,0.937,20.61,8,7,0,55.64,87.4,-327.1,39,Intermediate
174,1,22,19,3,0.853,17.48,7,8,7,98.0,747.2,-275.2,140,Advanced
3,1,14,7,7,0.516,42.47,5,3,1,78.42,480.7,421.8,120,Intermediate
62,2,17,13,4,0.752,40.2,5,4,2,98.0,357.6,147.8,59,Intermediate
149,1,14,9,5,0.643,17.19,1,2,0,25.37,-232.5,-331.4,64,Beginner
21,4,25,20,5,0.813,34.67,7,6,2,67.89,117.8,-259.0,138,Intermediate
255,2,17,16,1,0.965,32.66,6,6,2,93.13,507.2,3.0,131,Advanced
389,2,26,12,14,0.476,53.06,8,9,1,87.34,398.0,440.3,125,Intermediate
482,1,14,13,1,0.935,25.78,5,3,2,81.25,333.0,-358.1,82,Advanced
245,3,18,10,8,0.562,31.1,4,1,0,38.55,-133.8,-292.1,64,Beginner
438,1,10,10,0,0.954,38.12,3,4,1,98.0,592.2,91.6,93,Advanced
493,3,10,2,8,0.195,49.07,3,3,1,55.58,129.6,585.8,117,Beginner
430,5,10,4,6,0.38,40.82,2,0,0,20.0,-422.8,-314.0,16,Beginner
233,4,11,1,10,0.051,53.46,3,1,0,21.15,-282.0,502.5,18,Beginner
163,1,29,13,16,0.452,57.14,10,10,4,85.78,498.2,513.3,67,Intermediate
489,1,15,13,2,0.876,22.67,4,2,0,45.76,23.4,-258.9,76,Intermediate
121,5,21,6,15,0.305,58.02,7,6,1,79.81,310.4,465.7,28,Beginner
206,5,30,3,27,0.1,44.96,3,2,1,21.25,-319.3,419.9,10,Beginner
38,2,20,12,8,0.583,22.62,7,3,0,85.95,239.3,124.1,76,Intermediate
397,3,18,15,3,0.824,32.36,5,6,4,88.6,424.1,166.5,30,Advanced
325,2,25,14,11,0.543,58.76,8,9,5,98.0,540.3,487.6,23,Intermediate
43,3,25,18,7,0.726,51.22,8,9,6,98.0,663.3,516.1,54,Advanced
111,2,12,1,11,0.05,59.01,2,1,0,20.0,-379.8,405.8,137,Beginner
278,5,29,9,20,0.325,56.0,10,5,1,73.11,303.9,409.4,14,Beginner
271,3,12,9,3,0.71,32.74,4,3,1,75.98,284.5,160.3,70,Intermediate
402,1,17,2,15,0.107,64.4,6,3,1,60.18,63.8,547.7,134,Beginner
134,2,30,23,7,0.774,39.56,10,10,4,98.0,661.7,445.4,1,Advanced
463,5,21,12,9,0.576,26.72,6,1,0,27.4,-109.7,-279.8,132,Beginner
223,2,21,21,0,0.98,23.57,7,2,3,80.82,244.0,-391.0,118,Advanced
412,5,27,22,5,0.815,30.33,7,5,1,78.47,287.8,137.6,1,Intermediate
120,4,19,1,18,0.05,57.48,4,2,2,56.89,-32.5,481.1,63,Beginner
19,5,22,19,3,0.867,24.07,6,2,0,65.61,39.2,-337.3,15,Intermediate
28,1,21,9,12,0.429,48.39,7,6,3,98.0,425.3,515.8,58,Intermediate
187,2,12,12,0,0.98,24.32,4,3,1,61.93,233.3,-210.1,141,Intermediate
477,5,16,6,10,0.352,39.39,4,2,0,40.03,-131.9,36.0,126,Beginner
25,1,26,13,13,0.518,31.48,7,4,3,48.55,111.7,148.9,1,Beginner
185,1,16,13,3,0.843,27.82,5,4,2,88.12,277.0,-364.5,124,Advanced
55,1,28,12,16,0.421,46.03,10,8,3,98.0,415.9,447.5,144,Intermediate
466,1,30,29,1,0.98,26.29,10,10,10,98.0,816.4,-379.5,97,Advanced
338,4,26,14,12,0.54,46.34,9,8,6,98.0,569.8,537.9,86,Intermediate
382,2,10,10,0,0.976,32.25,3,4,3,98.0,827.3,-287.9,100,Advanced
357,1,25,14,11,0.572,54.15,8,8,3,96.81,512.3,455.1,84,Intermediate
329,4,30,16,14,0.537,27.04,9,3,0,62.28,121.7,74.5,36,Beginner
387,2,25,23,2,0.933,28.57,8,9,5,98.0,541.1,-319.0,6,Advanced
5,1,23,18,5,0.782,36.63,7,2,0,42.96,89.5,-226.8,8,Intermediate
433,5,22,17,5,0.766,20.66,7,1,1,43.59,0.6,-259.3,55,Intermediate
370,3,20,7,13,0.375,35.21,6,4,0,77.11,89.4,175.0,111,Beginner
370,3,15,2,13,0.119,60.05,5,2,1,58.25,89.4,431.7,126,Beginner
197,5,20,5,15,0.262,35.03,6,2,0,47.2,-40.8,176.7,34,Beginner
401,2,29,16,13,0.555,27.17,8,2,0,57.9,79.7,27.3,49,Beginner
191,3,11,8,3,0.728,26.46,4,0,1,61.84,151.2,73.0,2,Intermediate
25,4,12,9,3,0.716,36.55,4,2,0,61.46,111.7,18.9,136,Intermediate
454,1,28,10,18,0.346,50.46,10,9,5,96.0,492.6,576.4,25,Intermediate
118,2,27,26,1,0.964,29.61,9,9,8,98.0,754.7,191.5,78,Advanced
51,1,20,4,16,0.192,55.21,5,5,0,77.63,213.4,582.1,9,Beginner
311,3,17,5,12,0.275,64.32,6,4,4,98.0,441.6,572.6,126,Intermediate
117,4,12,11,1,0.898,20.83,4,3,4,98.0,648.4,55.6,133,Advanced
430,1,24,13,11,0.554,23.81,3,1,0,20.0,-422.8,-397.3,118,Beginner
222,1,21,21,0,0.98,14.97,7,5,0,78.86,168.6,-306.9,27,Intermediate
3,3,26,25,1,0.98,32.14,9,7,4,91.9,480.7,53.4,70,Advanced
476,2,17,12,5,0.688,42.29,6,5,2,84.83,317.3,197.5,143,Intermediate
258,1,26,15,11,0.596,58.09,9,8,8,98.0,605.8,525.6,126,Advanced
132,4,30,7,23,0.248,29.61,9,3,0,51.14,-39.1,74.3,24,Beginner
339,4,13,12,1,0.897,24.66,4,4,2,87.09,365.4,7.0,130,Advanced
266,3,26,12,14,0.443,72.31,8,9,5,98.0,462.0,564.2,73,Intermediate
15,2,22,19,3,0.869,25.82,5,1,1,43.43,-127.8,-349.2,145,Intermediate
380,1,18,4,14,0.218,53.88,6,3,0,66.21,215.1,525.7,64,Beginner
201,2,14,14,0,0.98,24.75,5,5,4,98.0,742.1,-365.7,12,Advanced
350,3,13,13,0,0.98,29.65,4,3,2,98.0,452.7,16.8,74,Advanced
448,5,12,1,11,0.05,61.88,3,2,0,61.06,51.0,501.1,122,Beginner
306,1,15,3,12,0.167,50.09,5,4,1,60.81,131.9,431.8,125,Beginner
336,5,20,1,19,0.05,55.01,4,1,1,68.33,51.7,521.0,100,Beginner
128,3,21,18,3,0.867,29.98,7,5,2,92.05,304.9,106.0,131,Advanced
119,3,30,20,10,0.653,40.16,10,10,6,98.0,590.1,449.5,106,Advanced
208,2,25,10,15,0.384,32.54,6,2,0,47.97,2.0,137.9,87,Beginner
427,5,30,5,25,0.165,57.16,7,2,0,26.06,-72.1,172.7,140,Beginner
263,1,25,24,1,0.979,22.05,8,6,2,82.67,340.7,-264.4,41,Advanced
175,2,22,19,3,0.875,23.66,7,4,0,39.77,44.6,-306.0,6,Intermediate
390,2,27,17,10,0.626,32.92,9,7,2,52.92,217.7,127.2,141,Intermediate
427,3,26,21,5,0.807,27.33,7,4,1,47.97,-72.1,-295.9,114,Intermediate
452,3,26,10,16,0.39,53.19,9,4,6,86.74,273.6,400.1,117,Intermediate
150,5,15,1,14,0.066,52.94,4,3,0,34.71,3.2,443.3,57,Beginner
355,1,25,4,21,0.141,69.53,8,7,0,65.16,172.1,599.3,78,Beginner
296,3,14,14,0,0.98,29.08,5,4,1,94.29,444.3,-275.2,91,Advanced
225,3,16,6,10,0.369,52.0,5,5,4,93.39,457.3,528.9,97,Intermediate
199,2,24,24,0,0.98,20.24,8,8,7,98.0,684.1,-324.3,36,Advanced
58,1,20,19,1,0.956,33.57,7,6,2,98.0,395.3,6.8,58,Advanced
138,5,26,5,21,0.205,56.12,9,5,1,74.39,351.9,556.8,44,Beginner
275,2,25,24,1,0.98,16.2,8,7,3,64.68,302.7,-234.3,68,Advanced
444,1,25,24,1,0.98,32.3,8,7,0,54.03,150.3,-315.9,93,Intermediate
434,3,13,13,0,0.98,19.82,4,5,1,90.74,368.9,-290.3,38,Advanced
94,1,12,11,1,0.908,34.38,4,4,2,91.8,439.4,68.4,56,Advanced
340,4,15,1,14,0.05,40.43,5,3,1,71.67,278.3,547.9,55,Beginner
43,4,17,15,2,0.882,22.32,6,6,3,98.0,663.3,-389.2,45,Advanced
338,2,27,26,1,0.98,33.02,9,9,8,98.0,569.8,-399.2,122,Advanced
171,1,10,6,4,0.648,32.16,2,1,0,56.31,247.7,86.5,6,Intermediate
225,1,21,21,0,0.98,29.09,7,5,2,98.0,457.3,-360.0,90,Advanced
359,1,26,3,23,0.112,53.32,8,5,3,58.78,-6.7,529.5,23,Beginner
213,3,17,3,14,0.15,58.64,5,5,0,68.62,196.0,487.0,74,Beginner
404,2,16,6,10,0.356,52.89,5,5,3,98.0,542.8,557.0,92,Intermediate
267,4,14,3,11,0.207,53.43,5,4,0,87.91,227.6,410.8,71,Beginner
500,2,19,14,5,0.717,51.06,6,6,1,76.14,318.1,195.5,61,Intermediate
320,4,22,3,19,0.138,69.91,7,3,0,52.85,41.8,562.1,90,Beginner
149,3,22,8,14,0.372,38.23,4,3,1,29.4,-232.5,-244.7,5,Beginner
388,3,27,22,5,0.814,33.08,6,2,1,45.52,-48.7,-298.6,137,Intermediate
204,4,10,8,2,0.847,22.55,3,3,3,98.0,967.8,114.6,53,Advanced
268,3,16,12,4,0.725,25.77,2,3,1,41.51,-92.1,-254.6,7,Beginner
69,3,17,2,15,0.131,49.68,6,3,0,91.26,287.1,599.2,55,Beginner
60,3,18,15,3,0.836,35.1,6,6,3,98.0,525.8,401.8,54,Advanced
288,4,25,2,23,0.089,49.11,7,5,0,60.53,111.3,446.0,35,Beginner
94,2,12,12,0,0.98,24.7,4,4,1,87.03,439.4,-270.3,92,Advanced
499,1,16,13,3,0.814,20.92,5,4,1,65.19,210.4,25.2,25,Intermediate
428,3,11,1,10,0.05,58.88,3,0,0,25.75,-318.5,515.7,52,Beginner
351,2,21,20,1,0.958,23.82,7,6,4,79.06,418.1,-344.1,2,Advanced
368,5,30,18,12,0.585,24.58,7,7,2,78.21,89.9,30.0,35,Intermediate
298,5,30,2,28,0.05,58.36,4,3,0,21.45,-282.9,193.6,95,Beginner
31,2,11,1,10,0.05,47.45,0,0,0,20.0,-359.5,446.4,42,Beginner
197,3,12,1,11,0.05,63.28,4,1,1,47.37,-40.8,418.5,116,Beginner
248,3,21,18,3,0.863,9.24,6,4,0,57.62,140.3,-347.5,76,Intermediate
458,2,15,5,10,0.343,40.32,5,4,0,55.54,88.9,175.0,35,Beginner
110,1,14,6,8,0.418,32.26,5,4,1,51.51,136.0,183.5,40,Beginner
249,5,24,23,1,0.961,20.32,8,8,7,98.0,669.7,-247.0,49,Advanced
173,4,16,5,11,0.313,55.94,3,1,0,34.88,18.6,181.1,82,Beginner
68,3,22,21,1,0.936,22.47,7,7,4,94.35,491.5,-222.3,135,Advanced
52,1,10,4,6,0.411,25.9,1,0,0,20.0,-407.8,-383.2,37,Beginner
183,3,30,9,21,0.292,47.18,6,6,3,46.48,5.0,185.1,145,Beginner
42,2,11,11,0,0.98,22.41,4,1,3,94.33,504.4,-206.3,98,Advanced
34,2,10,6,4,0.648,31.97,3,1,1,66.87,166.0,33.8,85,Intermediate
176,5,18,15,3,0.841,19.22,4,3,0,61.61,45.1,-356.5,48,Intermediate
101,4,28,3,25,0.105,50.22,7,3,0,68.53,156.4,477.8,60,Beginner
278,2,23,22,1,0.937,19.39,7,7,1,90.78,303.9,-365.1,115,Advanced
9,2,20,3,17,0.171,64.43,6,4,1,58.7,126.8,527.6,148,Beginner
151,4,15,15,0,0.98,23.31,5,5,4,98.0,621.4,-365.6,76,Advanced
227,4,14,7,7,0.5,29.54,4,2,0,63.98,110.7,110.8,9,Beginner
482,5,23,23,0,0.98,26.03,7,8,2,92.52,333.0,-316.2,86,Advanced
318,4,20,19,1,0.948,25.46,7,7,0,95.83,516.7,-301.8,45,Advanced
441,3,22,22,0,0.98,30.5,7,5,2,96.66,403.5,20.1,116,Advanced
172,4,18,14,4,0.753,40.89,6,6,3,96.05,529.1,408.0,79,Advanced
225,2,16,7,9,0.413,55.74,5,6,3,91.17,457.3,578.8,22,Intermediate
211,1,13,13,0,0.972,27.85,4,2,1,80.18,330.4,-222.7,37,Advanced
444,1,16,15,1,0.911,18.69,5,2,0,68.65,150.3,-236.4,137,Intermediate
480,1,14,8,6,0.584,53.82,5,5,2,93.26,519.6,460.7,139,Intermediate
482,5,20,18,2,0.925,26.91,7,6,1,75.72,333.0,10.4,57,Intermediate
376,5,16,14,2,0.895,17.19,4,5,0,78.81,339.7,-274.1,79,Intermediate
252,2,26,8,18,0.3,43.43,9,8,0,79.76,293.7,426.2,51,Beginner
271,5,21,18,3,0.872,30.83,6,7,2,70.96,284.5,89.1,134,Intermediate
491,4,16,2,14,0.11,43.2,2,0,0,24.1,-280.1,178.7,128,Beginner
143,1,11,9,2,0.822,38.86,3,2,2,81.42,342.8,147.5,50,Intermediate
174,2,12,10,2,0.865,24.43,4,4,3,98.0,747.2,43.9,38,Advanced
449,2,11,9,2,0.845,28.37,4,1,0,55.64,51.3,-287.0,25,Intermediate
194,5,16,2,14,0.145,48.49,4,2,2,71.46,74.4,417.8,116,Beginner
118,4,16,15,1,0.947,24.74,5,6,3,98.0,754.7,-243.2,138,Advanced
281,2,11,1,10,0.05,67.26,3,1,0,38.11,-21.4,485.0,80,Beginner
163,5,24,12,12,0.506,51.4,8,7,5,98.0,498.2,531.1,72,Intermediate
446,2,21,6,15,0.306,54.49,7,4,3,87.82,376.5,586.0,56,Beginner
455,5,30,26,4,0.877,19.8,8,4,0,50.92,81.9,-295.0,119,Intermediate
154,4,28,27,1,0.98,24.77,10,9,5,98.0,561.5,-307.2,8,Advanced
265,4,10,7,3,0.712,48.11,3,2,0,71.0,234.8,185.9,48,Intermediate
492,1,24,24,0,0.98,21.59,8,8,4,98.0,676.5,176.4,91,Advanced
372,1,30,11,19,0.369,54.47,10,9,4,98.0,484.0,564.7,17,Intermediate
108,5,26,1,25,0.05,33.48,4,1,1,20.0,-375.5,126.5,53,Beginner
296,4,24,10,14,0.402,50.57,8,7,2,98.0,444.3,525.3,96,Intermediate
310,2,12,11,1,0.881,30.93,4,1,0,45.2,-109.3,-270.8,52,Intermediate
327,5,28,21,7,0.743,21.69,10,6,0,68.72,176.7,69.7,40,Intermediate
13,2,27,14,13,0.537,29.21,2,1,0,24.46,-302.7,-328.7,109,Beginner
150,2,21,4,17,0.167,60.04,7,0,0,46.32,3.2,487.1,138,Beginner
428,2,29,12,17,0.427,36.7,4,0,1,20.0,-318.5,-207.6,33,Beginner
121,3,19,16,3,0.817,27.27,6,5,1,78.44,310.4,-228.0,45,Intermediate
150,4,21,3,18,0.124,53.03,5,0,0,46.31,3.2,535.9,33,Beginner
162,1,26,14,12,0.536,40.53,8,7,1,52.81,191.1,171.6,43,Beginner
89,5,25,22,3,0.87,21.05,8,6,0,61.29,197.5,-252.6,138,Intermediate
78,2,21,11,10,0.513,37.89,3,0,1,20.0,-290.1,-294.5,114,Beginner
174,5,26,25,1,0.979,10.19,9,9,6,98.0,747.2,41.7,122,Advanced
438,5,28,25,3,0.894,22.87,10,8,5,98.0,592.2,-389.0,57,Advanced
1,3,23,22,1,0.942,25.59,8,6,3,67.81,137.2,-393.1,18,Intermediate
142,1,28,26,2,0.927,37.18,10,8,7,98.0,673.0,81.1,22,Advanced
31,3,18,10,8,0.555,33.61,1,2,0,20.0,-359.5,-359.3,140,Beginner
281,4,21,8,13,0.387,37.47,5,1,0,56.52,-21.4,43.0,36,Beginner
126,5,23,18,5,0.765,31.8,8,8,3,94.41,442.0,88.5,16,Advanced
396,1,22,20,2,0.919,33.67,7,8,4,98.0,578.8,-372.4,100,Advanced
293,4,13,11,2,0.884,22.23,4,5,3,98.0,987.5,-311.9,49,Advanced
392,2,19,16,3,0.859,15.08,6,3,1,81.38,319.2,-262.3,19,Intermediate
318,4,12,12,0,0.98,13.74,4,4,1,93.47,516.7,-233.2,51,Advanced
220,3,24,24,0,0.98,29.55,8,4,2,88.5,285.6,-300.7,105,Advanced
431,5,26,1,25,0.05,63.02,6,3,1,38.69,-146.7,581.5,51,Beginner
239,1,24,1,23,0.05,57.45,6,1,0,39.93,-195.7,518.5,143,Beginner
475,3,28,8,20,0.299,38.53,10,6,0,42.11,33.4,175.5,66,Beginner
498,4,23,14,9,0.614,30.85,7,5,2,61.38,162.0,8.9,21,Intermediate
295,2,17,5,12,0.267,43.77,6,2,1,35.14,-5.9,154.7,135,Beginner
338,2,11,6,5,0.564,53.79,4,3,2,98.0,569.8,528.5,42,Intermediate
128,2,10,10,0,0.971,17.14,3,3,1,77.06,304.9,-249.1,54,Advanced
408,4,30,29,1,0.974,12.55,10,8,2,88.35,323.0,-296.5,52,Advanced
336,2,26,22,4,0.862,19.11,9,4,0,55.42,51.7,-364.5,74,Intermediate
452,5,17,16,1,0.955,15.44,6,5,0,60.32,273.6,-287.4,89,Intermediate
134,2,30,29,1,0.98,15.08,10,10,5,98.0,661.7,-210.3,85,Advanced
394,3,15,1,14,0.099,64.92,5,4,0,77.92,272.6,467.3,98,Beginner
236,5,26,4,22,0.156,41.51,8,6,1,72.08,183.5,508.1,42,Beginner
93,1,14,12,2,0.868,28.19,5,5,2,75.7,434.3,-257.8,145,Advanced
86,2,24,23,1,0.978,34.88,8,8,3,90.6,412.7,67.4,71,Advanced
282,5,11,7,4,0.64,43.34,3,3,1,61.77,199.1,140.8,148,Intermediate
160,2,24,8,16,0.344,43.53,6,4,0,39.19,-19.2,137.0,11,Beginner
51,2,19,11,8,0.566,44.33,5,4,0,66.1,213.4,124.3,49,Beginner
214,1,22,21,1,0.968,37.38,7,8,2,89.48,384.9,-330.4,124,Advanced
327,1,10,1,9,0.124,57.8,3,2,0,62.02,176.7,562.3,32,Beginner
160,1,17,1,16,0.05,58.12,6,2,2,32.19,-19.2,410.9,96,Beginner
478,5,13,7,6,0.568,41.45,4,2,0,56.59,56.7,16.1,38,Beginner
390,3,22,15,7,0.688,28.36,6,4,2,68.97,217.7,114.3,124,Intermediate
257,2,10,8,2,0.784,29.64,3,4,0,92.56,500.6,149.8,92,Intermediate
468,5,29,14,15,0.473,29.86,4,0,0,20.0,-420.5,-372.5,75,Beginner
217,4,13,12,1,0.955,28.16,4,2,0,61.8,145.8,-359.1,41,Intermediate
70,2,20,13,7,0.626,21.05,7,2,0,57.76,74.0,53.4,139,Beginner
18,2,30,21,9,0.705,38.85,4,4,1,37.35,-106.7,-282.6,123,Beginner
470,2,18,16,2,0.908,45.72,6,5,6,98.0,833.4,460.2,69,Advanced
480,4,21,19,2,0.926,34.55,7,7,3,98.0,519.6,133.2,70,Advanced
370,4,30,8,22,0.257,21.57,9,6,1,65.5,89.4,122.0,115,Beginner
52,4,11,4,7,0.386,27.32,2,1,0,21.9,-407.8,-345.3,2,Beginner
147,3,21,10,11,0.472,58.55,7,4,2,88.97,390.9,414.5,118,Intermediate
21,3,21,15,6,0.7,25.19,7,5,0,56.81,117.8,-204.9,118,Intermediate
26,5,25,24,1,0.98,13.04,7,6,0,50.51,120.0,-352.9,112,Intermediate
124,3,22,21,1,0.956,26.45,7,7,2,94.25,390.8,-359.7,64,Advanced
287,4,20,19,1,0.956,31.06,7,7,5,98.0,768.2,40.0,70,Advanced
33,2,21,10,11,0.468,56.97,7,7,2,98.0,478.6,536.2,149,Intermediate
493,3,15,14,1,0.913,23.99,5,4,0,85.2,129.6,-354.8,105,Intermediate
228,1,17,7,10,0.388,59.7,6,5,0,87.85,395.6,476.7,115,Beginner
132,3,29,27,2,0.938,21.3,9,2,1,32.77,-39.1,-380.6,70,Intermediate
259,5,23,19,4,0.841,31.7,8,6,0,86.56,313.3,28.3,84,Intermediate
396,4,24,20,4,0.821,25.85,7,8,5,98.0,578.8,-383.5,57,Advanced
157,5,12,8,4,0.699,31.38,3,3,0,61.87,223.6,80.6,19,Intermediate
24,2,18,11,7,0.638,33.52,6,4,0,90.67,254.8,159.4,121,Intermediate
26,4,14,8,6,0.606,32.97,5,3,0,47.21,120.0,90.1,79,Beginner
426,4,29,24,5,0.822,27.0,9,3,2,43.04,46.7,-249.1,79,Intermediate
56,4,30,8,22,0.26,49.76,10,8,2,84.94,324.7,449.1,93,Beginner
318,4,17,8,9,0.463,54.89,6,6,2,98.0,516.7,494.9,103,Intermediate
193,3,18,17,1,0.944,28.58,6,6,3,94.4,449.3,157.4,129,Advanced
389,2,24,20,4,0.84,42.95,8,7,3,93.39,398.0,134.9,111,Advanced
31,3,13,2,11,0.147,58.0,1,0,1,22.89,-359.5,599.0,122,Beginner
449,2,21,20,1,0.973,32.86,6,2,0,64.89,51.3,-272.3,107,Intermediate
350,4,14,6,8,0.432,56.25,5,3,0,90.29,452.7,463.6,141,Intermediate
225,5,21,19,2,0.893,26.06,7,6,3,88.82,457.3,-349.6,19,Advanced
104,1,25,8,17,0.304,55.67,8,6,3,98.0,399.9,536.3,107,Intermediate
489,4,25,23,2,0.907,21.34,8,3,0,55.98,23.4,-297.8,18,Intermediate
152,3,12,10,2,0.852,21.28,4,3,2,88.32,336.1,-208.7,72,Advanced
246,1,16,7,9,0.421,37.19,5,2,0,38.75,-59.6,18.7,7,Beginner
198,2,17,5,12,0.279,42.53,5,2,1,51.4,-37.1,153.1,62,Beginner
116,5,25,2,23,0.075,67.14,8,6,1,67.63,263.8,560.6,57,Beginner
209,2,16,2,14,0.147,50.89,5,4,2,76.36,243.8,459.9,72,Beginner
76,1,19,19,0,0.98,22.14,6,7,5,98.0,784.7,-281.9,127,Advanced
1,4,14,14,0,0.98,13.25,4,2,0,64.67,137.2,-383.6,46,Intermediate
145,2,17,5,12,0.303,45.17,4,2,0,56.25,0.0,128.3,17,Beginner
57,2,20,18,2,0.907,36.95,7,6,4,97.1,552.6,199.8,22,Advanced
208,1,14,5,9,0.391,42.75,5,1,1,55.61,2.0,48.8,121,Beginner
432,4,12,2,10,0.13,62.78,3,2,0,59.05,88.8,445.4,39,Beginner
82,5,12,1,11,0.05,66.33,4,2,0,57.53,138.6,575.8,57,Beginner
1,5,19,17,2,0.89,31.46,6,4,1,53.14,137.2,-261.8,104,Intermediate
56,1,13,11,2,0.861,40.35,4,5,1,97.58,324.7,185.6,133,Advanced
255,5,10,9,1,0.921,34.32,3,4,1,98.0,507.2,97.6,12,Advanced
138,4,27,17,10,0.621,22.21,9,8,2,82.35,351.9,178.6,116,Intermediate
245,5,30,22,8,0.749,21.63,7,2,1,27.47,-133.8,-284.1,59,Beginner
15,1,20,5,15,0.26,34.6,5,1,0,45.93,-127.8,134.3,78,Beginner
167,5,22,9,13,0.427,49.47,7,3,3,65.0,69.1,154.6,27,Beginner
206,2,13,7,6,0.55,26.4,0,0,0,24.61,-319.3,-362.8,19,Beginner
216,2,11,1,10,0.05,51.43,2,2,0,53.51,40.0,440.7,104,Beginner
276,5,11,10,1,0.888,24.95,4,3,3,98.0,637.0,-385.4,94,Advanced
391,4,14,11,3,0.772,25.86,5,5,2,85.04,416.3,191.2,51,Intermediate
234,3,12,9,3,0.726,37.91,4,4,1,90.36,386.2,193.7,55,Intermediate
421,4,25,9,16,0.346,37.09,8,8,4,89.87,403.0,484.0,79,Intermediate
265,2,26,25,1,0.98,16.87,9,8,4,75.62,234.8,-238.5,66,Advanced
131,5,25,24,1,0.958,27.3,7,4,2,36.02,5.3,-364.8,126,Intermediate
115,1,16,16,0,0.98,16.21,4,6,0,98.0,357.7,-213.4,33,Advanced
162,3,17,9,8,0.542,44.62,5,3,0,82.05,191.1,122.4,80,Intermediate
299,1,17,15,2,0.886,25.22,5,6,4,96.39,555.9,-327.9,98,Advanced
122,3,13,3,10,0.231,66.71,4,4,3,92.8,381.9,595.7,45,Intermediate
458,3,19,18,1,0.963,27.69,6,3,1,46.99,88.9,-372.5,30,Intermediate
240,5,21,20,1,0.954,24.83,6,3,0,79.91,292.4,-216.7,90,Intermediate
432,5,14,8,6,0.565,27.4,4,2,0,41.32,88.8,60.3,60,Beginner
342,4,15,6,9,0.381,57.83,5,4,2,70.97,233.1,405.4,147,Beginner
167,5,19,1,18,0.063,61.06,6,3,0,53.01,69.1,496.8,32,Beginner
115,1,12,4,8,0.293,71.96,4,3,1,95.02,357.7,560.9,86,Beginner
372,3,22,20,2,0.924,36.22,7,8,4,98.0,484.0,125.6,64,Advanced
166,3,17,10,7,0.591,44.02,5,4,1,98.0,497.1,437.8,52,Intermediate
124,1,24,8,16,0.349,57.66,8,8,2,98.0,390.8,541.6,86,Intermediate
466,3,25,22,3,0.896,27.85,8,8,5,98.0,816.4,-236.8,116,Advanced
242,1,17,11,6,0.632,38.61,6,4,0,70.91,178.1,30.7,45,Intermediate
25,4,17,3,14,0.153,64.91,6,3,1,64.24,111.7,453.2,93,Beginner
248,2,21,17,4,0.8,24.4,6,3,2,54.59,140.3,-272.2,126,Intermediate
231,5,10,10,0,0.98,20.47,3,4,3,98.0,719.7,116.6,146,Advanced
432,2,14,7,7,0.467,21.17,5,2,0,64.4,88.8,56.5,94,Beginner
356,4,12,12,0,0.98,24.44,4,4,2,98.0,540.9,182.6,24,Advanced
96,4,15,14,1,0.922,20.76,5,5,1,68.98,372.3,-329.0,127,Intermediate
76,5,22,22,0,0.98,37.95,7,8,6,98.0,784.7,71.9,149,Advanced
302,2,15,2,13,0.104,66.53,5,4,0,68.95,109.0,457.9,143,Beginner
24,2,20,19,1,0.932,31.62,7,5,3,75.36,254.8,-258.5,105,Advanced
160,4,24,8,16,0.328,51.25,7,2,1,44.07,-19.2,155.7,18,Beginner
70,1,24,20,4,0.852,22.09,6,6,0,46.51,74.0,-202.8,93,Intermediate
11,3,21,20,1,0.945,14.29,7,6,5,93.4,548.8,-209.2,28,Advanced
460,2,22,3,19,0.134,51.19,7,8,3,77.47,262.4,547.4,115,Beginner
45,5,19,16,3,0.835,18.4,6,6,4,97.58,494.6,176.0,8,Advanced
5,3,20,15,5,0.773,23.71,7,2,0,56.96,89.5,13.0,23,Intermediate
467,4,26,22,4,0.833,21.36,8,7,2,87.2,249.7,-345.0,105,Intermediate
95,5,19,5,14,0.243,55.45,6,5,1,79.36,394.1,519.2,39,Beginner
409,1,17,15,2,0.903,28.18,3,1,0,47.58,3.4,-260.3,14,Intermediate
16,4,30,4,26,0.127,54.25,7,3,1,49.16,-144.0,513.5,18,Beginner
77,4,29,26,3,0.885,28.88,9,7,1,66.09,185.9,-370.5,46,Intermediate
56,3,28,23,5,0.827,20.21,10,6,1,83.0,324.7,-216.2,74,Intermediate
354,1,27,5,22,0.204,54.43,9,4,0,54.29,56.9,412.2,108,Beginner
311,3,18,16,2,0.877,17.13,6,6,2,98.0,441.6,-274.2,77,Advanced
238,1,30,9,21,0.3,49.29,8,2,3,37.86,43.0,162.5,64,Beginner
121,5,23,22,1,0.957,25.05,6,6,0,79.41,310.4,-370.8,136,Intermediate
45,1,28,14,14,0.493,52.15,10,8,5,98.0,494.6,446.7,117,Intermediate
285,1,10,1,9,0.117,46.65,0,1,0,31.93,-100.9,402.9,67,Beginner
116,1,12,2,10,0.142,60.93,4,3,1,79.13,263.8,578.4,150,Beginner
296,2,10,9,1,0.888,28.91,3,4,2,98.0,444.3,-295.7,108,Advanced
344,1,30,3,27,0.102,39.07,7,5,1,65.13,115.2,406.3,55,Beginner
425,4,16,2,14,0.141,63.68,5,0,0,33.93,-303.1,411.4,61,Beginner
247,1,10,9,1,0.93,16.15,3,3,0,69.63,231.0,-372.0,12,Intermediate
3,4,25,24,1,0.98,26.38,8,9,6,98.0,480.7,-388.5,120,Advanced
141,3,26,6,20,0.22,67.82,9,6,1,81.29,274.8,493.8,91,Beginner
427,2,29,18,11,0.634,35.06,9,2,0,40.91,-72.1,-269.4,18,Beginner
267,3,22,16,6,0.721,23.23,7,7,0,81.82,227.6,105.5,23,Intermediate
310,1,24,3,21,0.125,60.84,5,3,0,41.38,-109.3,599.7,16,Beginner
229,3,22,22,0,0.98,34.14,7,5,0,58.2,178.1,-237.8,24,Intermediate
82,3,24,12,12,0.487,27.01,8,6,0,69.86,138.6,53.8,49,Beginner
449,4,20,2,18,0.081,40.94,7,3,0,51.14,51.3,196.9,114,Beginner
387,1,10,10,0,0.98,22.18,3,3,1,98.0,541.1,-375.9,150,Advanced
498,1,13,1,12,0.053,63.64,4,2,2,64.21,162.0,553.2,64,Beginner
428,1,29,12,17,0.397,22.29,7,1,0,24.03,-318.5,-316.5,81,Beginner
146,5,11,11,0,0.958,30.89,4,3,2,98.0,897.6,45.9,81,Advanced
128,2,11,2,9,0.144,54.55,4,2,0,79.21,304.9,573.5,98,Beginner
125,2,26,22,4,0.861,24.82,9,9,8,98.0,931.9,-289.0,104,Advanced
460,1,29,5,24,0.156,56.71,10,6,0,59.86,262.4,548.3,15,Beginner
279,2,19,17,2,0.915,30.45,6,3,0,51.76,74.4,-263.5,87,Intermediate
228,3,12,11,1,0.909,26.44,4,4,3,81.98,395.6,20.7,59,Advanced
485,5,22,20,2,0.927,35.62,7,2,0,55.11,26.2,-385.3,122,Intermediate
302,4,10,5,5,0.465,46.56,3,2,0,60.05,109.0,155.5,140,Beginner
455,5,17,1,16,0.05,51.63,6,2,1,50.92,81.9,481.0,53,Beginner
493,1,21,3,18,0.14,64.36,7,4,0,64.18,129.6,439.7,86,Beginner
40,3,28,6,22,0.218,56.53,8,3,1,71.03,215.7,455.0,39,Beginner
181,3,12,11,1,0.92,31.68,4,4,4,95.27,655.9,157.7,9,Advanced
368,1,22,1,21,0.05,64.74,7,2,0,67.85,89.9,520.0,22,Beginner
407,3,10,9,1,0.898,22.73,3,4,1,98.0,660.5,146.2,128,Advanced
75,3,19,3,16,0.16,44.78,6,2,0,66.64,185.4,448.2,49,Beginner
160,1,24,9,15,0.363,41.31,6,3,1,50.9,-19.2,128.9,16,Beginner
275,5,10,4,6,0.361,50.33,3,3,1,77.67,302.7,489.8,36,Beginner
400,4,25,21,4,0.843,43.0,6,2,0,30.81,-63.6,-255.1,93,Beginner
57,5,30,23,7,0.777,27.58,10,9,6,98.0,552.6,196.4,64,Advanced
301,1,16,9,7,0.579,46.77,5,6,3,98.0,563.8,460.1,23,Intermediate
149,1,25,15,10,0.603,33.31,7,2,0,34.28,-232.5,-272.5,71,Beginner
109,5,21,21,0,0.98,33.52,7,6,2,84.39,366.7,-301.3,131,Advanced
258,5,29,14,15,0.483,45.11,10,10,6,98.0,605.8,570.8,70,Intermediate
208,4,22,10,12,0.459,24.08,7,3,1,39.23,2.0,39.7,146,Beginner
318,2,26,23,3,0.871,34.66,9,8,6,98.0,516.7,-330.8,56,Advanced
159,2,13,13,0,0.969,25.46,4,5,2,98.0,603.7,-254.6,39,Advanced
412,4,15,10,5,0.646,40.43,5,4,0,73.77,287.8,148.4,89,Intermediate
40,5,19,12,7,0.614,42.22,6,5,1,78.86,215.7,144.3,128,Intermediate
431,4,28,1,27,0.05,69.2,4,3,0,37.76,-146.7,596.8,122,Beginner
15,3,23,1,22,0.05,59.43,7,1,0,38.89,-127.8,599.2,136,Beginner
368,5,14,8,6,0.583,37.35,5,3,0,53.23,89.9,185.3,9,Beginner
174,2,28,25,3,0.877,26.8,10,9,5,98.0,747.2,413.6,114,Advanced
192,1,22,22,0,0.98,18.7,6,4,0,84.04,185.8,-211.2,5,Advanced
10,2,18,4,14,0.247,60.56,6,3,1,79.09,276.9,590.5,117,Beginner
352,3,18,15,3,0.822,20.24,6,5,1,71.72,172.7,-294.4,40,Intermediate
83,4,24,23,1,0.975,16.91,8,8,7,98.0,574.7,-203.7,106,Advanced
330,4,28,24,4,0.859,40.58,10,9,8,98.0,1040.4,438.0,59,Advanced
363,4,20,7,13,0.343,59.91,6,5,0,82.29,333.5,430.5,11,Beginner
423,2,27,22,5,0.818,24.51,9,6,4,75.63,269.4,-261.0,104,Intermediate
355,4,24,13,11,0.535,24.86,8,5,0,50.21,172.1,68.5,54,Beginner
151,1,11,10,1,0.89,35.83,4,3,3,98.0,621.4,57.7,24,Advanced
370,5,26,23,3,0.902,19.65,9,5,1,51.49,89.4,-389.6,47,Intermediate
413,3,21,20,1,0.937,35.54,6,4,0,70.25,148.1,-312.4,28,Intermediate
159,5,21,18,3,0.877,23.06,7,7,3,98.0,603.7,-398.0,32,Advanced
63,5,22,20,2,0.909,31.53,7,6,4,98.0,521.6,142.3,66,Advanced
446,1,11,10,1,0.925,40.56,4,3,1,85.42,376.5,81.3,69,Advanced
74,1,29,5,24,0.176,30.73,8,0,0,39.03,-263.4,28.8,50,Beginner
297,5,28,25,3,0.887,18.59,8,6,0,48.67,0.5,-366.4,40,Intermediate
119,3,30,18,12,0.591,48.51,10,9,5,98.0,590.1,543.1,124,Intermediate
64,1,22,8,14,0.344,39.89,7,4,0,78.32,157.9,196.4,79,Beginner
389,4,15,8,7,0.535,66.78,4,4,1,82.46,398.0,420.2,35,Intermediate
72,5,22,19,3,0.866,18.68,7,8,6,98.0,680.8,-243.1,73,Advanced
336,4,15,9,6,0.629,24.8,4,2,0,59.48,51.7,37.3,150,Beginner
347,2,20,2,18,0.104,53.5,7,2,0,54.66,14.3,541.4,2,Beginner
31,2,26,13,13,0.494,35.44,1,1,0,20.0,-359.5,-327.8,139,Beginner
87,2,13,13,0,0.98,28.34,4,5,0,81.59,323.4,-210.1,20,Advanced
398,3,19,18,1,0.95,19.95,6,7,3,98.0,469.5,-267.8,38,Advanced
254,3,20,15,5,0.738,27.87,6,2,0,50.55,-8.6,-242.2,89,Intermediate
61,2,29,26,3,0.884,38.84,9,10,5,98.0,706.5,9.1,33,Advanced
496,1,21,21,0,0.98,25.15,7,7,5,98.0,629.5,-353.7,147,Advanced
133,1,17,16,1,0.957,27.15,6,6,4,98.0,629.9,-335.7,111,Advanced
3,5,18,15,3,0.852,39.63,6,5,1,98.0,480.7,32.5,87,Advanced
463,5,16,14,2,0.874,22.03,4,0,0,36.55,-109.7,-395.1,59,Intermediate
9,1,13,6,7,0.494,33.36,4,1,0,71.54,126.8,147.5,140,Beginner
277,2,24,1,23,0.05,57.85,5,2,1,21.71,-270.4,572.6,54,Beginner
497,3,26,23,3,0.887,21.2,9,8,1,64.53,257.3,-277.9,149,Intermediate
289,3,14,14,0,0.98,12.15,5,5,1,71.6,242.3,-340.9,149,Advanced
293,5,19,19,0,0.98,25.87,6,7,5,98.0,987.5,-255.2,103,Advanced
195,4,25,24,1,0.973,26.42,8,8,3,95.66,426.6,-370.8,105,Advanced
64,4,24,13,11,0.544,35.55,8,5,1,63.5,157.9,130.4,89,Beginner
287,4,11,10,1,0.895,26.63,4,3,4,98.0,768.2,-379.8,143,Advanced
449,4,10,9,1,0.866,28.82,3,2,0,63.25,51.3,-227.3,87,Intermediate
46,5,11,1,10,0.05,50.5,2,2,0,65.83,39.5,534.3,142,Beginner
441,5,20,4,16,0.182,59.26,7,5,2,92.69,403.5,575.1,31,Beginner
208,3,29,27,2,0.929,30.6,7,4,0,58.88,2.0,-299.9,65,Intermediate
269,1,11,10,1,0.878,13.72,3,3,1,69.34,207.6,-360.0,25,Intermediate
83,5,24,19,5,0.795,40.09,8,8,4,94.97,574.7,130.2,1,Advanced
311,2,25,13,12,0.533,42.3,8,8,5,84.73,441.6,482.6,45,Intermediate
92,2,30,2,28,0.05,49.1,8,2,2,24.78,-236.6,456.3,141,Beginner
137,1,22,20,2,0.923,26.31,7,4,1,78.76,223.9,-367.4,50,Intermediate
361,4,30,26,4,0.873,28.64,10,10,8,98.0,767.8,-265.3,124,Advanced
26,1,19,11,8,0.594,36.41,6,3,0,71.49,120.0,16.4,42,Intermediate
224,5,15,3,12,0.214,63.6,5,4,1,69.98,53.3,535.1,103,Beginner
298,2,30,2,28,0.05,56.4,3,0,0,20.0,-282.9,541.1,29,Beginner
67,1,20,20,0,0.975,25.66,7,6,2,98.0,314.9,-390.4,73,Advanced
148,4,16,15,1,0.962,25.92,5,4,2,83.31,463.9,69.9,114,Advanced
172,2,23,21,2,0.905,26.12,7,6,3,98.0,529.1,-320.8,133,Advanced
332,2,18,3,15,0.178,57.72,6,6,1,60.82,110.9,488.1,56,Beginner
489,1,25,2,23,0.076,57.78,7,3,0,50.48,23.4,577.5,88,Beginner
419,4,25,6,19,0.259,41.39,6,3,1,42.35,-75.8,158.1,88,Beginner
95,2,10,9,1,0.899,11.93,2,4,1,83.01,394.1,-233.1,68,Advanced
10,4,21,18,3,0.86,33.0,6,7,2,89.7,276.9,3.1,60,Advanced
26,2,27,14,13,0.533,37.85,9,7,1,56.47,120.0,96.5,140,Beginner
298,3,23,3,20,0.129,45.51,2,1,0,20.0,-282.9,587.3,66,Beginner
79,3,25,23,2,0.912,36.24,8,9,7,98.0,817.9,165.4,111,Advanced
116,3,30,9,21,0.307,57.79,10,8,2,70.54,263.8,546.3,64,Beginner
424,5,17,17,0,0.974,18.34,6,6,2,86.57,421.7,-225.8,81,Advanced
437,1,24,23,1,0.941,17.72,8,7,6,91.43,475.7,-344.2,87,Advanced
420,2,10,6,4,0.595,26.16,3,2,0,35.87,-127.2,-206.7,30,Beginner
127,4,13,12,1,0.95,18.38,4,5,2,98.0,692.0,-214.4,35,Advanced
310,5,24,17,7,0.698,23.06,8,1,0,51.83,-109.3,-293.1,103,Beginner
306,3,14,6,8,0.463,53.08,5,1,0,61.97,131.9,190.5,148,Beginner
93,1,26,25,1,0.949,27.5,8,6,2,96.43,434.3,-378.1,102,Advanced
277,5,28,18,10,0.653,46.95,5,0,1,29.86,-270.4,-281.9,91,Beginner
263,4,28,26,2,0.92,26.48,10,4,0,98.0,340.7,-259.9,150,Advanced
199,3,11,10,1,0.942,28.95,4,3,3,98.0,684.1,-319.2,105,Advanced
376,2,16,5,11,0.307,45.77,5,6,1,81.98,339.7,457.3,133,Beginner
339,4,20,11,9,0.536,48.67,7,6,1,77.96,365.4,432.4,52,Intermediate
267,2,10,8,2,0.849,24.33,3,3,2,75.46,227.6,-394.4,122,Intermediate
363,2,29,8,21,0.268,59.62,9,7,2,91.85,333.5,513.9,130,Beginner
382,4,30,28,2,0.924,40.91,10,10,10,98.0,827.3,442.4,124,Advanced
284,2,26,1,25,0.05,60.45,9,3,0,37.59,-129.3,482.7,56,Beginner
134,5,15,15,0,0.98,33.73,5,5,4,98.0,661.7,184.1,112,Advanced
380,3,12,10,2,0.863,23.18,4,4,1,56.55,215.1,-228.6,126,Intermediate
359,3,27,9,18,0.332,37.31,8,4,0,50.51,-6.7,116.7,90,Beginner
492,4,25,23,2,0.926,37.7,8,9,5,98.0,676.5,426.5,35,Advanced
75,4,29,4,25,0.122,64.01,8,8,1,68.18,185.4,488.9,28,Beginner
210,3,18,6,12,0.358,40.04,6,3,1,66.41,74.2,183.3,126,Beginner
463,2,13,10,3,0.787,29.7,4,2,0,48.28,-109.7,-362.9,28,Intermediate
258,5,28,16,12,0.589,49.16,10,8,9,98.0,605.8,540.6,143,Advanced
472,4,12,11,1,0.924,51.69,4,4,3,98.0,799.3,500.5,89,Advanced
7,1,22,17,5,0.785,18.88,7,8,1,91.58,412.3,155.8,31,Intermediate
18,4,19,1,18,0.05,45.52,4,2,0,23.11,-106.7,140.1,32,Beginner
399,5,21,11,10,0.518,25.11,6,4,1,53.56,50.6,36.3,6,Beginner
180,3,18,10,8,0.557,40.61,6,2,2,62.1,203.5,166.6,90,Intermediate
261,5,10,8,2,0.846,29.23,3,3,0,88.08,370.1,92.4,124,Intermediate
215,2,23,1,22,0.05,49.12,7,1,1,50.21,-52.5,524.9,111,Beginner
204,2,15,13,2,0.89,42.61,5,4,4,98.0,967.8,438.5,88,Advanced
470,3,12,11,1,0.933,31.07,4,4,2,98.0,833.4,131.3,89,Advanced
48,1,18,9,9,0.488,37.93,5,0,1,54.01,21.4,117.7,37,Beginner
387,1,16,15,1,0.947,24.29,5,5,4,98.0,541.1,3.4,124,Advanced
445,3,25,23,2,0.924,27.32,7,3,2,33.09,4.7,-338.6,81,Intermediate
329,1,17,15,2,0.873,33.23,6,3,0,64.04,121.7,-374.6,126,Intermediate
198,1,20,15,5,0.752,25.9,5,1,0,41.94,-37.1,-249.0,148,Beginner
81,3,20,13,7,0.645,38.63,6,4,1,69.49,229.0,68.9,132,Intermediate
342,2,27,26,1,0.98,24.83,9,7,1,72.47,233.1,-242.0,142,Intermediate
235,1,12,10,2,0.832,38.96,4,3,3,98.0,619.9,138.0,113,Advanced
75,3,10,2,8,0.188,53.92,3,4,0,73.36,185.4,470.9,47,Beginner
180,2,28,27,1,0.974,20.24,10,8,2,68.41,203.5,-319.2,44,Intermediate
481,4,16,14,2,0.873,25.36,5,6,3,81.73,490.2,183.4,104,Advanced
133,3,25,14,11,0.576,44.14,8,9,6,98.0,629.9,448.3,37,Intermediate
90,1,22,17,5,0.782,24.44,7,7,3,98.0,563.7,131.8,77,Advanced
341,4,26,25,1,0.958,34.73,9,7,3,70.47,253.2,-302.4,105,Advanced
100,5,23,10,13,0.432,30.68,8,4,0,60.78,103.9,106.2,43,Beginner
460,4,15,9,6,0.613,30.51,5,2,1,85.98,262.4,148.3,17,Intermediate
430,1,20,1,19,0.05,44.91,0,0,1,20.0,-422.8,6.8,22,Beginner
492,3,16,14,2,0.876,33.2,5,6,4,98.0,676.5,-398.4,105,Advanced
457,1,18,15,3,0.814,37.07,6,6,4,98.0,556.4,175.6,20,Advanced
122,1,21,18,3,0.874,35.25,7,4,1,94.34,381.9,45.1,119,Advanced
107,1,11,9,2,0.786,24.88,4,2,2,73.26,119.9,-303.6,4,Intermediate
172,5,10,9,1,0.877,29.4,3,4,2,98.0,529.1,122.4,116,Advanced
235,5,24,22,2,0.903,38.98,8,8,4,98.0,619.9,-278.8,96,Advanced
440,3,11,10,1,0.948,36.73,4,2,1,66.93,341.0,-239.1,40,Intermediate
367,5,28,7,21,0.254,64.05,10,8,1,49.75,123.8,531.9,41,Beginner
323,3,23,20,3,0.881,32.65,8,6,5,98.0,497.7,-349.9,79,Advanced
440,1,26,19,7,0.733,41.97,9,8,2,89.33,341.0,189.9,88,Intermediate
323,5,19,18,1,0.924,20.64,6,6,4,96.67,497.7,98.4,126,Advanced
190,4,24,24,0,0.98,24.62,8,8,5,98.0,612.2,-340.3,114,Advanced
207,4,13,10,3,0.737,54.48,4,4,2,98.0,636.0,443.8,78,Advanced
259,1,23,22,1,0.939,32.91,8,7,2,82.86,313.3,27.4,1,Advanced
45,5,16,16,0,0.98,24.45,5,6,2,80.95,494.6,-364.8,139,Advanced
371,1,26,3,23,0.099,70.07,2,0,1,34.85,-188.7,526.0,67,Beginner
327,1,17,1,16,0.05,60.55,6,4,1,67.93,176.7,519.1,128,Beginner
366,1,26,3,23,0.104,64.02,7,6,2,66.05,140.7,527.9,41,Beginner
267,5,28,26,2,0.914,27.52,10,8,1,71.77,227.6,-363.9,56,Intermediate
392,5,10,9,1,0.89,28.69,3,3,1,70.86,319.2,-275.6,93,Intermediate
475,1,11,3,8,0.285,45.88,4,1,0,44.55,33.4,157.4,110,Beginner
285,3,17,13,4,0.753,37.48,3,1,0,52.1,-100.9,-297.9,22,Intermediate
223,3,21,21,0,0.98,34.91,7,6,3,69.26,244.0,-323.3,120,Advanced
53,3,28,5,23,0.193,51.45,9,4,1,65.02,85.6,424.2,86,Beginner
390,2,19,19,0,0.98,27.51,6,2,1,63.12,217.7,-271.3,123,Intermediate
452,1,27,26,1,0.97,33.8,9,7,2,77.24,273.6,-239.3,88,Advanced
350,1,25,24,1,0.954,23.98,8,7,1,91.74,452.7,-241.4,83,Advanced
433,5,24,9,15,0.376,28.16,7,1,0,47.76,0.6,71.6,96,Beginner
431,4,29,5,24,0.184,35.27,6,1,1,32.61,-146.7,93.0,76,Beginner
400,5,16,1,15,0.05,51.16,4,5,0,55.19,-63.6,455.2,16,Beginner
252,5,24,22,2,0.92,21.69,8,6,2,94.79,293.7,-373.4,51,Advanced
50,2,26,25,1,0.975,19.68,9,9,8,98.0,913.2,-208.7,147,Advanced
2,1,30,21,9,0.69,40.64,9,5,0,57.96,112.6,54.9,38,Intermediate
103,4,14,2,12,0.111,40.42,4,1,0,20.0,-270.5,72.9,66,Beginner
216,2,26,7,19,0.257,51.34,8,6,0,42.81,40.0,176.0,33,Beginner
372,4,14,8,6,0.57,41.95,5,5,2,98.0,484.0,482.7,69,Intermediate
228,5,30,20,10,0.654,30.84,10,10,7,77.81,395.6,160.5,117,Intermediate
12,5,21,12,9,0.592,35.31,5,5,0,53.34,68.6,55.1,108,Beginner
106,2,28,3,25,0.107,59.72,9,8,3,73.0,217.5,450.8,16,Beginner
490,3,21,8,13,0.386,43.89,1,0,0,20.0,-500.0,-384.7,139,Beginner
495,4,11,8,3,0.759,41.82,4,3,3,98.0,742.8,510.1,96,Advanced
189,2,17,17,0,0.972,34.5,6,6,3,98.0,592.1,75.5,103,Advanced
403,3,22,22,0,0.98,17.8,6,7,3,93.26,485.9,107.0,116,Advanced
360,2,22,3,19,0.15,62.32,7,7,0,80.33,282.6,513.9,101,Beginner
466,3,21,18,3,0.88,17.09,6,7,7,98.0,816.4,45.1,132,Advanced
444,4,24,16,8,0.658,34.82,8,5,0,59.72,150.3,40.9,105,Intermediate
315,5,22,22,0,0.98,34.18,7,3,1,50.47,41.7,-293.8,149,Intermediate
198,3,13,6,7,0.438,41.09,2,2,0,45.34,-37.1,15.2,102,Beginner
314,2,11,10,1,0.918,17.51,4,3,4,94.71,511.6,98.7,126,Advanced
160,1,16,13,3,0.813,24.45,4,0,1,51.42,-19.2,-261.3,82,Intermediate
175,4,12,1,11,0.05,59.06,4,1,0,58.05,44.6,402.3,50,Beginner
305,5,24,21,3,0.87,33.32,8,6,2,64.97,367.4,55.5,78,Intermediate
286,3,30,4,26,0.137,45.93,5,2,0,41.06,-140.6,141.7,24,Beginner
291,5,29,25,4,0.875,12.5,9,5,1,47.68,-33.3,-255.7,72,Intermediate
193,3,21,20,1,0.96,36.21,7,5,5,97.0,449.3,59.9,110,Advanced
205,3,28,18,10,0.642,38.4,6,2,2,52.72,-67.2,-244.5,115,Beginner
6,1,23,21,2,0.929,26.07,7,6,0,48.61,129.1,-378.5,59,Intermediate
301,3,12,11,1,0.951,32.51,3,4,3,96.34,563.8,153.3,71,Advanced
288,3,22,18,4,0.83,29.34,5,6,1,60.57,111.3,-268.5,87,Intermediate
468,3,21,4,17,0.21,47.08,1,0,1,20.0,-420.5,-261.3,21,Beginner
253,3,21,18,3,0.86,27.74,7,7,2,85.1,368.0,1.1,95,Advanced
234,3,26,25,1,0.974,23.56,9,6,3,95.39,386.2,-363.8,74,Advanced
34,4,30,5,25,0.177,61.7,9,5,1,69.77,166.0,540.1,112,Beginner
99,1,14,3,11,0.233,54.09,5,2,0,74.27,236.3,459.2,96,Beginner
170,3,10,5,5,0.51,41.62,3,2,0,52.77,46.3,163.0,27,Beginner
189,3,23,16,7,0.686,30.99,8,8,3,98.0,592.1,416.0,85,Advanced
182,2,12,10,2,0.832,48.06,4,4,2,98.0,689.9,469.8,51,Advanced
198,3,18,14,4,0.786,34.66,5,3,0,48.12,-37.1,-357.1,93,Intermediate
385,4,29,5,24,0.163,68.57,9,0,0,35.14,-24.6,580.8,95,Beginner
66,5,23,23,0,0.98,31.56,8,7,7,98.0,762.0,-356.7,58,Advanced
167,2,29,4,25,0.129,57.56,9,2,0,51.01,69.1,495.8,93,Beginner
82,1,10,4,6,0.358,39.73,3,2,0,68.32,138.6,152.8,27,Beginner
154,2,24,24,0,0.98,33.24,7,8,7,98.0,561.5,-375.8,57,Advanced
343,2,16,14,2,0.88,31.2,4,3,1,48.47,77.0,-393.0,109,Intermediate
24,1,11,3,8,0.316,61.84,3,2,2,85.83,254.8,415.6,78,Beginner
170,3,16,13,3,0.811,20.86,4,1,1,63.28,46.3,-361.7,6,Intermediate
12,3,29,26,3,0.899,21.4,8,7,1,44.3,68.6,-278.4,69,Intermediate
478,5,18,16,2,0.907,22.91,6,3,1,55.08,56.7,-396.5,39,Intermediate
364,4,29,6,23,0.2,31.64,6,1,1,35.38,-162.8,23.6,135,Beginner
122,3,12,4,8,0.353,45.35,4,2,2,71.61,381.9,520.0,140,Beginner
100,4,23,3,20,0.118,58.76,7,3,0,43.42,103.9,447.5,11,Beginner
50,2,19,18,1,0.936,28.11,6,7,6,98.0,913.2,11.6,56,Advanced
237,1,16,16,0,0.98,26.62,5,6,3,94.36,548.7,-278.5,88,Advanced
377,3,21,21,0,0.98,27.38,7,5,4,86.93,452.8,-262.3,51,Advanced
293,3,22,21,1,0.969,15.14,7,8,7,98.0,987.5,13.9,110,Advanced
441,2,10,4,6,0.359,44.39,3,4,1,89.37,403.5,413.8,19,Intermediate
172,5,23,9,14,0.374,50.17,7,8,2,95.77,529.1,540.7,128,Intermediate
140,3,16,15,1,0.933,29.25,5,6,4,98.0,548.3,103.5,38,Advanced
240,3,26,24,2,0.914,16.66,9,8,1,80.68,292.4,1.1,36,Intermediate
102,4,13,12,1,0.959,22.44,4,5,2,98.0,856.2,115.4,51,Advanced
488,2,16,16,0,0.98,21.89,4,6,3,93.19,566.9,1.3,141,Advanced
93,3,30,24,6,0.803,41.36,10,10,1,88.41,434.3,185.3,42,Intermediate
240,5,15,3,12,0.218,61.9,5,4,2,80.32,292.4,593.5,39,Beginner
262,4,12,1,11,0.093,54.35,1,0,1,20.0,-500.0,174.2,38,Beginner
29,5,21,1,20,0.05,54.44,7,3,0,42.59,-22.3,417.6,23,Beginner
235,1,23,23,0,0.98,25.59,8,8,6,98.0,619.9,19.4,140,Advanced
228,4,21,18,3,0.842,28.39,7,7,2,86.42,395.6,-365.1,99,Advanced
130,4,18,18,0,0.98,23.66,6,4,2,84.06,364.4,-394.7,85,Advanced
64,5,12,5,7,0.436,36.02,4,2,1,83.1,157.9,188.5,21,Beginner
23,5,16,14,2,0.89,19.4,5,6,5,97.36,448.6,104.2,8,Advanced
5,1,11,6,5,0.549,30.83,4,2,1,59.27,89.5,71.1,47,Beginner
241,3,27,2,25,0.07,67.42,5,1,0,20.0,-276.9,584.9,140,Beginner
45,5,15,15,0,0.98,33.72,5,5,3,89.58,494.6,-217.6,80,Advanced
480,5,23,21,2,0.93,22.55,8,7,3,98.0,519.6,76.0,122,Advanced
123,1,15,1,14,0.063,48.76,3,0,0,29.75,-292.9,565.7,46,Beginner
327,3,23,16,7,0.707,40.79,8,5,1,66.08,176.7,96.0,16,Intermediate
337,2,11,10,1,0.939,33.34,3,2,1,88.78,400.3,153.1,35,Advanced
248,4,11,10,1,0.886,16.6,3,3,1,58.07,140.3,-218.1,36,Intermediate
442,3,16,13,3,0.792,6.01,5,4,2,65.32,292.5,19.7,91,Intermediate
56,2,15,4,11,0.264,46.55,5,5,0,85.96,324.7,475.0,29,Beginner
118,3,16,12,4,0.771,45.52,5,5,4,98.0,754.7,573.5,147,Advanced
127,5,15,14,1,0.936,19.81,5,5,5,98.0,692.0,84.9,104,Advanced
68,2,24,20,4,0.828,29.74,8,6,3,98.0,491.5,-355.1,62,Advanced
148,2,19,9,10,0.49,47.33,6,7,2,88.68,463.9,526.3,91,Intermediate
157,1,13,3,10,0.261,54.55,4,2,2,74.17,223.6,460.7,108,Beginner
383,1,29,16,13,0.553,50.11,7,2,0,20.0,-249.3,-230.1,115,Beginner
151,1,23,16,7,0.693,51.36,8,8,4,98.0,621.4,551.9,3,Advanced
439,1,18,17,1,0.963,24.09,6,4,1,74.44,249.4,-365.9,77,Intermediate
387,3,20,19,1,0.968,24.25,7,7,4,98.0,541.1,-305.8,60,Advanced
451,3,16,16,0,0.98,29.58,5,6,3,97.43,543.7,-229.9,46,Advanced
53,4,18,14,4,0.758,30.63,6,2,0,47.94,85.6,-207.0,97,Intermediate
493,4,11,1,10,0.109,48.44,4,1,1,59.66,129.6,453.8,37,Beginner
307,1,27,4,23,0.134,39.55,3,0,0,31.3,-235.7,82.9,39,Beginner
492,4,18,18,0,0.98,20.23,6,6,4,95.27,676.5,-363.1,100,Advanced
178,3,24,17,7,0.712,30.84,8,5,3,88.35,313.4,123.2,10,Intermediate
477,1,11,3,8,0.26,49.48,3,0,0,35.14,-131.9,7.6,57,Beginner
295,4,11,9,2,0.806,31.27,4,0,0,40.28,-5.9,-289.4,114,Intermediate
36,4,17,14,3,0.812,27.42,5,2,0,45.62,-14.4,-233.0,61,Intermediate
206,3,10,1,9,0.083,52.22,2,0,0,20.0,-319.3,88.1,44,Beginner
69,1,30,25,5,0.848,26.22,10,10,4,68.91,287.1,-324.3,32,Intermediate
471,1,10,6,4,0.649,36.29,3,4,2,98.0,722.8,543.6,74,Advanced
153,4,21,11,10,0.546,44.0,3,0,0,23.43,-324.1,-349.2,118,Beginner
112,1,17,7,10,0.414,53.63,6,5,2,95.71,501.9,570.5,14,Intermediate
277,2,14,1,13,0.052,42.05,3,0,0,20.0,-270.4,478.4,92,Beginner
213,4,12,11,1,0.917,13.7,4,1,0,76.36,196.0,-368.3,118,Intermediate
49,3,16,16,0,0.98,32.79,5,5,3,98.0,577.2,-378.8,34,Advanced
409,5,11,1,10,0.101,44.97,3,3,0,37.87,3.4,440.0,103,Beginner
423,2,21,15,6,0.723,43.16,7,5,2,82.32,269.4,122.9,63,Intermediate
372,5,14,13,1,0.953,27.37,4,5,2,98.0,484.0,42.6,3,Advanced
309,2,10,10,0,0.98,29.9,3,4,2,98.0,573.7,-296.3,106,Advanced
202,1,12,10,2,0.835,23.87,2,1,1,52.67,95.9,-299.9,108,Intermediate
272,4,28,22,6,0.78,32.76,10,6,4,68.08,298.6,47.6,104,Intermediate
261,4,15,4,11,0.296,56.02,5,4,0,79.8,370.1,501.5,13,Beginner
83,5,22,22,0,0.98,24.63,7,8,6,98.0,574.7,-388.0,68,Advanced
41,1,18,2,16,0.116,52.78,6,4,1,89.62,282.1,594.3,27,Beginner
127,3,20,18,2,0.895,28.47,7,7,4,98.0,692.0,30.3,99,Advanced
228,4,27,25,2,0.943,12.18,9,7,1,84.36,395.6,-315.3,68,Advanced
81,3,25,24,1,0.957,31.42,8,7,3,81.07,229.0,-399.9,94,Advanced
54,2,21,21,0,0.98,26.28,6,7,6,98.0,619.6,-242.8,132,Advanced
426,2,14,5,9,0.386,41.63,5,2,0,68.39,46.7,108.5,13,Beginner
188,1,27,19,8,0.703,12.25,9,3,3,73.97,251.6,59.7,37,Intermediate
293,4,10,9,1,0.886,20.89,3,4,3,98.0,987.5,110.5,88,Advanced
263,4,21,19,2,0.926,21.36,7,6,3,87.13,340.7,-235.8,140,Advanced
368,3,22,5,17,0.243,65.06,7,4,1,64.64,89.9,556.8,8,Beginner
370,1,29,14,15,0.49,31.1,10,5,0,57.53,89.4,115.3,126,Beginner
149,4,13,2,11,0.181,60.25,3,0,0,25.86,-232.5,83.6,120,Beginner
424,5,16,13,3,0.835,30.01,5,5,3,95.52,421.7,139.7,30,Advanced
186,4,10,8,2,0.757,21.43,2,0,1,51.8,-45.9,-234.3,125,Intermediate
418,1,15,15,0,0.98,42.05,5,5,5,98.0,1167.9,527.4,88,Advanced
203,3,29,26,3,0.901,20.53,10,10,1,69.6,337.4,19.9,8,Intermediate
56,3,10,8,2,0.753,25.96,3,3,0,84.53,324.7,153.2,8,Intermediate
381,5,26,25,1,0.951,31.98,8,9,7,98.0,802.6,-352.5,50,Advanced
16,3,29,4,25,0.129,48.19,6,1,1,31.24,-144.0,152.9,81,Beginner
387,1,12,12,0,0.98,29.11,4,4,2,98.0,541.1,17.0,118,Advanced
22,4,17,16,1,0.956,34.58,6,6,3,98.0,646.8,21.3,15,Advanced
104,4,28,16,12,0.558,54.3,9,5,5,88.14,399.9,464.3,100,Intermediate
302,2,25,5,20,0.217,46.63,7,6,0,76.69,109.0,419.5,101,Beginner
471,3,11,10,1,0.903,29.86,4,3,3,98.0,722.8,-250.3,58,Advanced
205,1,28,1,27,0.05,51.75,8,3,0,53.13,-67.2,529.5,40,Beginner
61,1,26,24,2,0.922,27.51,9,9,5,98.0,706.5,170.3,40,Advanced
117,2,16,11,5,0.704,42.64,4,6,3,98.0,648.4,428.6,68,Advanced
449,1,18,15,3,0.842,25.24,4,2,1,66.2,51.3,-285.1,45,Intermediate
364,2,16,10,6,0.619,17.1,4,0,0,28.63,-162.8,-299.2,86,Beginner
51,4,20,14,6,0.714,23.16,7,4,2,81.56,213.4,34.3,19,Intermediate
193,2,26,24,2,0.928,24.74,8,8,4,93.26,449.3,-220.5,106,Advanced
133,1,24,15,9,0.634,45.48,8,8,7,98.0,629.9,542.2,150,Advanced
89,4,30,16,14,0.518,46.42,9,7,3,59.14,197.5,174.9,34,Beginner
424,5,12,11,1,0.887,33.98,4,4,1,98.0,421.7,-268.9,102,Advanced
309,3,29,28,1,0.98,17.83,10,9,4,98.0,573.7,22.2,109,Advanced
90,2,29,21,8,0.734,44.14,8,10,5,98.0,563.7,412.0,83,Advanced
326,5,18,7,11,0.412,61.01,6,4,2,96.66,423.0,458.0,46,Intermediate
207,2,13,11,2,0.875,30.01,4,3,3,98.0,636.0,166.4,148,Advanced
31,1,14,6,8,0.397,30.15,2,0,1,20.0,-359.5,-359.6,94,Beginner
225,4,29,24,5,0.842,30.92,10,7,4,98.0,457.3,-257.5,56,Advanced
93,4,10,6,4,0.563,46.74,3,4,0,88.43,434.3,441.8,40,Intermediate
123,2,11,1,10,0.116,67.79,3,0,1,20.0,-292.9,508.3,131,Beginner
440,2,11,8,3,0.732,28.44,4,2,1,86.18,341.0,128.7,109,Intermediate
356,1,13,8,5,0.62,47.56,4,5,2,98.0,540.9,523.8,134,Intermediate
68,3,26,25,1,0.98,30.43,9,8,5,94.4,491.5,-242.5,112,Advanced
426,3,11,1,10,0.064,62.53,4,2,0,47.54,46.7,592.0,19,Beginner
288,2,30,28,2,0.936,26.99,7,2,0,48.65,111.3,-228.2,118,Intermediate
438,3,18,18,0,0.98,11.53,6,6,2,98.0,592.2,-378.5,149,Advanced
374,4,21,20,1,0.93,25.84,7,6,5,93.29,503.0,81.4,4,Advanced
170,3,22,8,14,0.375,45.29,7,4,0,62.35,46.3,122.7,113,Beginner
268,4,27,1,26,0.05,55.35,5,2,0,44.93,-92.1,563.8,119,Beginner
266,3,23,19,4,0.837,29.8,7,8,3,92.32,462.0,-334.6,52,Advanced
360,3,11,1,10,0.109,60.64,3,2,2,82.44,282.6,564.0,131,Beginner
125,4,27,26,1,0.98,37.76,9,9,7,98.0,931.9,407.2,61,Advanced
167,1,11,5,6,0.47,43.74,3,2,0,54.76,69.1,49.7,64,Beginner
123,5,21,1,20,0.05,53.02,4,0,0,20.27,-292.9,408.4,11,Beginner
149,4,28,5,23,0.196,40.99,6,2,0,40.92,-232.5,93.4,57,Beginner
81,2,20,14,6,0.702,31.51,6,5,1,78.05,229.0,94.6,118,Intermediate
19,2,18,16,2,0.893,26.88,5,1,1,51.53,39.2,-293.2,83,Intermediate
471,4,16,15,1,0.939,30.27,5,6,3,98.0,722.8,-281.0,46,Advanced
38,1,26,6,20,0.23,46.85,9,6,1,80.79,239.3,518.9,110,Beginner
444,1,23,18,5,0.785,36.61,8,4,0,67.1,150.3,21.0,52,Intermediate
2,4,27,12,15,0.432,38.74,9,6,1,58.63,112.6,134.4,58,Beginner
389,3,29,28,1,0.98,28.78,10,10,5,86.64,398.0,-267.1,78,Advanced
165,1,22,4,18,0.164,62.87,2,2,0,20.0,-250.4,161.9,14,Beginner
259,2,17,3,14,0.186,52.76,6,5,1,82.77,313.3,526.3,76,Beginner
142,4,22,22,0,0.98,16.33,7,8,5,98.0,673.0,-298.3,109,Advanced
246,3,17,2,15,0.128,63.43,5,2,0,40.55,-59.6,599.1,31,Beginner
226,3,14,12,2,0.863,28.76,5,5,3,98.0,680.8,39.9,84,Advanced
265,1,17,6,11,0.37,58.1,6,2,0,86.98,234.8,418.4,2,Beginner
197,4,20,16,4,0.779,22.72,5,1,0,48.91,-40.8,-359.0,124,Intermediate
269,1,14,7,7,0.491,32.8,5,3,0,69.92,207.6,180.4,108,Beginner
413,2,16,16,0,0.98,14.28,5,4,1,64.66,148.1,-341.7,109,Intermediate
218,2,21,5,16,0.237,33.13,6,0,2,41.24,-178.6,104.5,66,Beginner
181,3,12,10,2,0.803,39.45,4,4,4,98.0,655.9,419.6,89,Advanced
66,2,12,11,1,0.906,29.54,4,4,3,98.0,762.0,155.9,108,Advanced
180,5,26,24,2,0.916,39.63,9,7,3,72.46,203.5,-258.8,55,Intermediate
63,2,27,10,17,0.363,44.11,8,8,3,90.73,521.6,599.3,59,Intermediate
92,1,16,12,4,0.722,32.41,3,0,0,29.47,-236.6,-354.1,49,Beginner
477,3,12,2,10,0.153,38.2,4,2,0,29.81,-131.9,129.9,56,Beginner
45,1,19,9,10,0.493,50.22,6,6,1,98.0,494.6,467.4,103,Intermediate
242,2,13,6,7,0.424,34.22,4,5,1,61.93,178.1,159.3,136,Beginner
418,3,28,25,3,0.908,50.72,9,9,9,98.0,1167.9,530.6,34,Advanced
477,4,11,3,8,0.307,43.62,4,1,0,35.59,-131.9,2.6,41,Beginner
74,4,20,1,19,0.05,54.71,5,0,0,20.0,-263.4,411.5,7,Beginner
82,2,18,6,12,0.343,49.38,6,4,0,61.53,138.6,162.5,58,Beginner
187,5,19,4,15,0.188,65.49,6,2,0,90.98,233.3,580.6,120,Beginner
278,1,25,22,3,0.88,34.65,8,6,0,62.2,303.9,-399.1,54,Intermediate
480,2,15,6,9,0.415,50.6,5,5,1,98.0,519.6,514.8,1,Intermediate
104,2,29,28,1,0.98,31.56,10,10,2,81.91,399.9,-237.1,30,Advanced
83,1,30,16,14,0.525,49.19,10,9,7,98.0,574.7,598.6,33,Intermediate
127,3,19,19,0,0.98,18.81,6,7,4,98.0,692.0,-263.9,31,Advanced
438,1,18,18,0,0.98,40.16,6,6,4,98.0,592.2,-304.7,124,Advanced
16,4,14,2,12,0.142,48.0,3,1,0,42.94,-144.0,414.3,142,Beginner
191,5,27,26,1,0.98,21.85,8,3,0,67.08,151.2,-373.1,68,Intermediate
60,4,25,21,4,0.859,18.96,6,9,2,98.0,525.8,175.4,15,Advanced
79,4,19,14,5,0.729,41.7,6,7,2,98.0,817.9,573.6,144,Advanced
459,2,24,20,4,0.835,18.4,8,3,0,59.85,127.3,-308.1,107,Intermediate
1,4,17,16,1,0.919,20.58,6,3,0,60.0,137.2,-309.9,124,Intermediate
161,3,24,8,16,0.339,37.0,6,5,1,45.3,-47.9,11.0,18,Beginner
458,3,27,21,6,0.788,30.59,9,3,1,43.75,88.9,-204.7,22,Intermediate
305,3,19,18,1,0.939,17.85,6,5,1,94.98,367.4,-396.9,24,Advanced
36,1,23,23,0,0.98,20.25,5,2,0,64.14,-14.4,-398.0,150,Intermediate
233,5,21,1,20,0.05,53.65,4,0,0,20.0,-282.0,154.6,110,Beginner
486,5,11,10,1,0.952,36.84,4,3,3,98.0,510.9,-275.9,126,Advanced
201,4,11,9,2,0.862,33.69,4,3,3,98.0,742.1,-364.1,95,Advanced
265,3,15,8,7,0.522,27.11,5,4,1,68.66,234.8,192.3,53,Intermediate
266,1,15,14,1,0.924,40.06,5,5,2,93.14,462.0,148.4,54,Advanced
331,4,13,12,1,0.891,37.88,4,4,1,92.36,416.8,-381.2,15,Advanced
94,5,29,27,2,0.932,13.03,10,6,2,88.17,439.4,-203.1,37,Advanced
420,1,22,1,21,0.06,67.98,5,3,0,42.13,-127.2,551.5,98,Beginner
495,2,10,10,0,0.98,27.1,3,4,3,98.0,742.8,17.8,63,Advanced
72,5,28,26,2,0.912,27.86,10,9,7,98.0,680.8,149.9,82,Advanced
410,5,16,16,0,0.98,28.18,5,5,5,98.0,722.6,72.4,131,Advanced
409,3,30,23,7,0.764,30.79,10,5,1,44.79,3.4,-231.9,19,Intermediate
371,2,14,1,13,0.084,68.17,5,1,0,28.51,-188.7,542.0,109,Beginner
186,2,11,1,10,0.05,65.2,3,1,1,44.98,-45.9,467.2,147,Beginner
235,3,12,10,2,0.795,33.32,4,4,1,98.0,619.9,435.5,135,Advanced
420,2,18,17,1,0.968,22.59,6,0,0,48.95,-127.2,-397.6,30,Intermediate
77,3,29,26,3,0.884,26.39,10,7,3,75.09,185.9,-202.8,44,Intermediate
415,1,21,13,8,0.625,41.73,3,1,1,25.9,-190.6,-280.3,93,Beginner
461,1,12,11,1,0.92,5.81,4,4,3,98.0,592.8,-278.5,70,Advanced
341,1,16,14,2,0.893,20.9,4,3,1,80.41,253.2,-208.2,97,Intermediate
171,4,20,11,9,0.558,26.41,6,3,0,76.44,247.7,172.3,101,Intermediate
280,5,21,19,2,0.896,16.27,7,5,2,78.92,138.8,-237.2,24,Intermediate
26,1,27,1,26,0.05,65.24,7,4,1,60.09,120.0,514.9,131,Beginner
466,5,10,9,1,0.898,21.18,3,3,3,98.0,816.4,-333.0,17,Advanced
172,1,10,7,3,0.728,8.56,3,4,1,92.23,529.1,-341.7,92,Intermediate
29,1,25,4,21,0.174,53.87,7,1,1,38.33,-22.3,410.2,139,Beginner
398,2,12,6,6,0.524,67.55,4,3,2,98.0,469.5,533.3,8,Intermediate
329,2,24,15,9,0.62,21.43,7,6,0,58.72,121.7,69.4,65,Beginner
312,5,17,12,5,0.694,37.53,6,4,1,75.61,349.5,154.1,67,Intermediate
28,1,18,16,2,0.862,35.87,6,6,3,92.14,425.3,-310.7,63,Advanced
376,5,13,11,2,0.84,24.55,4,4,2,94.08,339.7,-338.1,130,Advanced
319,5,26,17,9,0.637,45.63,9,7,1,52.63,87.4,22.7,11,Beginner
397,3,13,13,0,0.979,23.49,4,5,2,92.08,424.1,60.7,119,Advanced
414,4,10,3,7,0.264,53.57,2,1,0,33.47,-16.9,171.4,3,Beginner
106,3,22,22,0,0.98,33.58,7,8,1,68.0,217.5,-255.9,144,Intermediate
106,5,13,10,3,0.788,28.87,4,4,0,79.73,217.5,20.6,147,Intermediate
462,2,13,3,10,0.24,40.58,3,4,3,69.33,256.0,408.2,113,Beginner
266,5,14,14,0,0.98,17.89,5,4,2,86.02,462.0,-392.7,126,Advanced
219,3,23,23,0,0.98,8.77,7,6,0,56.11,123.2,-339.2,25,Intermediate
144,5,25,21,4,0.841,30.97,8,8,2,88.85,437.3,34.3,23,Advanced
320,5,29,3,26,0.114,62.75,9,4,3,60.3,41.8,527.5,31,Beginner
377,5,30,24,6,0.809,34.49,10,8,9,98.0,452.8,190.7,53,Advanced
2,4,14,1,13,0.053,59.37,5,3,1,65.84,112.6,557.6,52,Beginner
277,3,14,2,12,0.14,52.57,3,1,0,23.19,-270.4,88.3,25,Beginner
497,4,14,14,0,0.975,26.98,5,2,1,70.77,257.3,-255.0,18,Advanced
141,2,13,11,2,0.836,26.32,4,4,1,71.27,274.8,60.9,123,Intermediate
141,2,10,9,1,0.891,25.93,3,3,0,80.94,274.8,-391.2,104,Intermediate
440,4,22,7,15,0.325,68.73,7,6,1,96.82,341.0,500.8,123,Beginner
32,4,10,9,1,0.869,29.26,3,4,0,73.83,313.5,-213.0,54,Intermediate
199,2,10,9,1,0.937,22.17,3,4,3,98.0,684.1,-379.4,128,Advanced
230,5,18,15,3,0.829,29.29,6,3,2,76.88,359.6,76.1,30,Intermediate
399,4,27,11,16,0.399,45.34,8,4,0,61.71,50.6,172.9,115,Beginner
65,5,20,12,8,0.591,28.65,7,2,1,56.62,69.6,6.3,36,Beginner
218,3,18,3,15,0.175,37.38,5,0,1,36.58,-178.6,69.4,78,Beginner
77,3,13,3,10,0.195,60.36,4,3,1,64.52,185.9,576.1,142,Beginner
394,4,24,3,21,0.122,69.88,7,7,1,82.21,272.6,571.0,14,Beginner
317,1,16,1,15,0.08,61.2,5,4,0,56.69,89.9,448.2,116,Beginner
249,2,30,25,5,0.819,26.72,10,10,9,98.0,669.7,134.0,84,Advanced
197,5,12,3,9,0.221,49.54,3,1,0,53.3,-40.8,163.1,49,Beginner
77,4,26,13,13,0.498,36.87,8,5,0,68.3,185.9,141.5,147,Beginner
461,3,24,22,2,0.932,29.09,8,8,4,98.0,592.8,50.8,118,Advanced
324,1,17,16,1,0.967,26.68,6,5,2,98.0,481.0,-367.6,125,Advanced
160,1,18,4,14,0.219,26.54,6,3,0,36.52,-19.2,132.1,139,Beginner
207,3,30,27,3,0.892,3.57,10,10,7,98.0,636.0,-269.9,129,Advanced
364,1,25,14,11,0.556,31.55,4,2,0,28.95,-162.8,-284.6,116,Beginner
360,1,10,2,8,0.186,49.56,3,4,1,77.01,282.6,500.7,27,Beginner
231,3,21,19,2,0.884,13.43,6,7,6,98.0,719.7,-254.8,59,Advanced
152,5,25,24,1,0.98,22.56,7,5,2,88.74,336.1,42.9,59,Advanced
330,5,17,17,0,0.98,37.29,6,6,5,98.0,1040.4,169.2,27,Advanced
330,3,24,24,0,0.98,27.4,8,8,8,98.0,1040.4,-211.6,45,Advanced
300,5,23,13,10,0.572,52.3,8,8,4,89.32,598.0,480.8,119,Intermediate
37,4,16,15,1,0.938,28.07,5,3,2,74.95,315.2,-275.5,88,Advanced
237,5,10,6,4,0.581,38.61,3,4,0,98.0,548.7,429.1,9,Intermediate
307,2,10,2,8,0.179,62.86,2,0,0,20.31,-235.7,466.5,102,Beginner
476,3,24,24,0,0.98,29.0,6,6,0,71.12,317.3,-397.0,44,Intermediate
263,5,26,23,3,0.876,24.08,9,8,3,87.91,340.7,-300.1,9,Advanced
172,5,17,17,0,0.976,25.31,6,5,2,98.0,529.1,-275.2,12,Advanced
278,5,19,12,7,0.658,37.42,6,6,0,74.62,303.9,102.3,14,Intermediate
89,1,20,19,1,0.94,19.65,7,6,1,76.75,197.5,-333.6,37,Intermediate
46,4,28,1,27,0.05,66.8,8,2,0,59.75,39.5,521.3,98,Beginner
340,1,20,20,0,0.98,28.86,7,7,2,70.02,278.3,-272.7,48,Advanced
494,2,21,3,18,0.158,55.42,7,3,0,46.66,24.8,428.7,133,Beginner
424,1,21,20,1,0.951,35.62,7,6,2,98.0,421.7,-207.6,55,Advanced
292,4,12,1,11,0.104,49.18,4,2,0,59.01,179.5,525.7,9,Beginner
21,4,24,17,7,0.724,21.68,7,5,0,56.91,117.8,-399.7,22,Intermediate
494,1,29,12,17,0.413,37.69,8,5,3,68.2,24.8,169.3,36,Beginner
225,5,12,10,2,0.839,32.2,4,3,2,91.18,457.3,103.4,93,Advanced
145,5,11,10,1,0.869,34.77,4,1,0,60.83,0.0,-317.5,81,Intermediate
447,5,20,6,14,0.278,52.88,7,4,1,64.0,221.8,568.9,145,Beginner
374,3,26,23,3,0.866,48.04,9,9,2,98.0,503.0,-365.4,21,Advanced
375,5,11,1,10,0.106,41.09,1,1,0,37.47,-212.2,160.5,18,Beginner
139,5,25,20,5,0.819,36.14,8,9,3,85.07,388.1,163.7,81,Intermediate
496,3,14,14,0,0.98,31.41,4,4,3,98.0,629.5,175.9,107,Advanced
227,2,13,11,2,0.861,26.83,4,3,0,67.02,110.7,-205.7,62,Intermediate
266,4,13,13,0,0.98,19.35,4,5,1,88.98,462.0,-223.3,28,Advanced
376,1,21,19,2,0.921,32.37,7,7,1,98.0,339.7,-303.2,65,Advanced
330,2,22,22,0,0.98,18.92,7,7,7,98.0,1040.4,-237.4,97,Advanced
87,1,19,19,0,0.979,12.52,6,5,1,79.48,323.4,-385.9,71,Advanced
152,4,22,6,16,0.285,46.06,7,7,2,81.73,336.1,490.4,25,Beginner
181,1,26,25,1,0.973,39.54,9,8,4,98.0,655.9,129.2,9,Advanced
474,4,27,22,5,0.826,40.58,9,9,5,98.0,523.6,165.6,134,Advanced
358,3,25,5,20,0.212,29.44,8,4,0,41.77,-44.6,162.4,51,Beginner
184,3,20,17,3,0.86,30.6,7,4,1,82.9,237.3,-355.9,4,Intermediate
368,4,14,7,7,0.468,22.32,4,3,0,47.78,89.9,90.7,63,Beginner
370,1,25,24,1,0.98,25.58,6,2,1,58.32,89.4,-295.0,33,Intermediate
198,5,24,6,18,0.255,35.71,7,5,1,46.97,-37.1,177.6,32,Beginner
202,2,28,17,11,0.609,38.89,9,5,0,53.96,95.9,34.8,99,Beginner
448,5,24,7,17,0.283,43.14,7,3,0,42.58,51.0,125.0,101,Beginner
281,5,12,1,11,0.091,62.68,4,2,0,48.41,-21.4,430.6,102,Beginner
75,3,21,19,2,0.921,23.28,7,6,2,74.05,185.4,-250.9,133,Intermediate
360,3,25,19,6,0.764,31.52,8,8,1,72.83,282.6,112.7,69,Intermediate
295,5,30,29,1,0.98,15.53,7,4,0,39.97,-5.9,-365.0,111,Intermediate
255,3,16,14,2,0.872,22.97,5,5,1,98.0,507.2,125.2,37,Advanced
363,2,28,10,18,0.365,56.14,10,7,2,87.58,333.5,413.3,98,Beginner
454,5,15,15,0,0.98,27.47,5,4,3,96.36,492.6,-296.9,94,Advanced
166,3,17,15,2,0.861,30.3,6,4,3,98.0,497.1,109.3,55,Advanced
210,2,30,16,14,0.519,43.87,7,3,0,59.36,74.2,65.0,149,Beginner
95,1,13,11,2,0.81,15.8,4,5,4,98.0,394.1,-208.5,140,Advanced
324,2,14,4,10,0.317,61.83,5,5,3,98.0,481.0,597.0,96,Intermediate
202,2,27,13,14,0.492,32.33,8,7,0,48.47,95.9,165.7,29,Beginner
172,4,29,13,16,0.431,65.79,10,10,5,97.64,529.1,593.9,27,Intermediate
349,3,12,12,0,0.98,34.62,4,4,3,98.0,580.1,153.9,97,Advanced
205,2,27,3,24,0.117,64.69,8,4,0,45.75,-67.2,481.0,138,Beginner
233,5,22,14,8,0.621,27.61,4,1,1,20.0,-282.0,-300.6,25,Beginner
221,3,28,16,12,0.57,48.83,10,8,1,54.0,130.1,64.1,108,Beginner
130,3,20,6,14,0.322,70.61,7,4,1,91.15,364.4,549.5,87,Beginner
63,4,22,22,0,0.98,29.58,7,8,2,98.0,521.6,42.5,90,Advanced
414,2,14,4,10,0.265,51.0,5,2,0,47.48,-16.9,159.1,22,Beginner
46,3,22,1,21,0.05,53.44,6,2,0,55.62,39.5,435.0,27,Beginner
163,4,18,15,3,0.812,24.45,6,5,2,92.07,498.2,191.5,67,Advanced
334,2,18,1,17,0.083,66.6,6,1,1,40.49,-53.3,569.4,45,Beginner
66,3,15,13,2,0.834,22.72,5,5,4,98.0,762.0,121.5,96,Advanced
328,1,18,3,15,0.164,62.09,6,4,1,74.56,200.9,423.6,72,Beginner
367,4,13,1,12,0.096,63.66,4,3,0,64.43,123.8,470.8,96,Beginner
332,5,27,13,14,0.485,39.48,7,3,1,58.45,110.9,126.5,90,Beginner
153,4,18,9,9,0.515,36.25,3,1,0,20.0,-324.1,-245.8,145,Beginner
10,3,18,18,0,0.98,31.94,6,5,3,61.95,276.9,-212.7,53,Advanced
444,5,30,19,11,0.62,31.53,10,6,1,77.87,150.3,4.9,56,Intermediate
164,5,20,6,14,0.321,57.05,6,1,0,20.0,-149.3,536.5,98,Beginner
403,3,24,21,3,0.884,20.02,8,7,7,98.0,485.9,130.3,85,Advanced
99,4,30,25,5,0.832,31.61,9,5,1,73.93,236.3,-334.6,25,Intermediate
82,5,28,23,5,0.809,28.69,8,7,3,61.73,138.6,-210.5,39,Intermediate
390,2,17,10,7,0.6,52.44,6,4,2,71.71,217.7,92.9,124,Intermediate
470,4,21,17,4,0.829,38.79,7,7,5,98.0,833.4,402.1,14,Advanced
431,2,27,21,6,0.773,30.85,8,4,0,40.56,-146.7,-325.3,26,Beginner
376,1,20,13,7,0.636,32.05,7,7,0,73.46,339.7,73.4,109,Intermediate
124,3,15,7,8,0.456,56.06,5,5,1,91.7,390.8,470.7,144,Intermediate
457,3,21,14,7,0.663,41.16,7,6,4,98.0,556.4,481.3,128,Advanced
334,4,10,8,2,0.847,25.64,2,3,0,41.26,-53.3,-397.9,109,Intermediate
87,1,28,10,18,0.359,59.13,10,6,2,79.14,323.4,475.2,43,Beginner
65,3,22,11,11,0.504,29.68,6,4,0,55.63,69.6,13.1,116,Beginner
436,4,15,9,6,0.588,50.32,5,5,4,98.0,518.1,412.7,57,Intermediate
138,4,20,20,0,0.98,25.58,7,4,2,84.91,351.9,-309.9,50,Advanced
383,5,10,1,9,0.114,45.43,1,1,0,32.53,-249.3,83.7,42,Beginner
70,4,26,13,13,0.484,42.47,8,5,1,65.76,74.0,54.6,47,Beginner
141,3,21,20,1,0.942,23.31,6,4,1,79.95,274.8,-355.1,96,Advanced
142,2,10,10,0,0.98,15.75,3,3,2,98.0,673.0,29.0,123,Advanced
141,5,19,14,5,0.749,33.85,6,7,2,93.68,274.8,159.8,100,Intermediate
338,5,11,11,0,0.968,22.78,4,3,2,95.67,569.8,98.2,126,Advanced
458,1,18,16,2,0.897,10.53,5,2,1,67.5,88.9,-339.6,41,Intermediate
456,3,28,4,24,0.16,44.91,4,3,1,45.16,-172.0,168.2,88,Beginner
371,4,23,11,12,0.47,33.84,4,1,0,34.6,-188.7,-210.0,103,Beginner
102,4,20,20,0,0.98,46.7,7,7,6,98.0,856.2,408.1,58,Advanced
481,5,20,13,7,0.666,37.94,7,7,4,98.0,490.2,420.2,119,Advanced
272,2,20,20,0,0.98,25.52,7,6,2,77.16,298.6,-224.1,84,Advanced
273,5,12,11,1,0.894,32.8,4,4,1,98.0,561.8,-378.7,41,Advanced
351,2,14,12,2,0.885,20.88,5,3,0,96.05,418.1,-303.3,106,Advanced
385,1,27,10,17,0.366,43.36,9,3,2,42.55,-24.6,100.2,9,Beginner
477,4,29,1,28,0.05,71.53,8,3,2,58.5,-131.9,549.8,119,Beginner
292,5,13,9,4,0.665,22.21,3,4,0,74.26,179.5,112.9,30,Intermediate
306,2,29,28,1,0.98,27.68,9,6,0,63.56,131.9,-252.9,68,Intermediate
373,1,10,10,0,0.98,33.04,3,4,1,86.3,475.9,-263.7,113,Advanced
128,5,20,19,1,0.954,22.45,6,6,1,82.5,304.9,-327.6,120,Advanced
154,1,27,18,9,0.65,58.6,9,8,6,96.66,561.5,499.4,54,Advanced
313,4,14,12,2,0.854,34.35,5,5,0,98.0,475.0,112.1,97,Advanced
33,1,29,25,4,0.856,45.86,10,9,6,77.85,478.6,189.0,13,Advanced
161,4,30,25,5,0.836,30.96,9,0,0,56.28,-47.9,-335.7,127,Intermediate
359,1,18,1,17,0.05,73.79,5,5,1,45.94,-6.7,563.5,37,Beginner
489,2,28,27,1,0.98,28.57,9,1,0,38.81,23.4,-296.3,121,Intermediate
260,3,11,1,10,0.05,49.46,4,1,1,69.58,197.1,547.3,77,Beginner
200,5,20,3,17,0.134,53.61,6,3,0,70.44,203.1,526.9,62,Beginner
221,4,16,7,9,0.415,48.45,4,0,0,62.5,130.1,192.3,51,Beginner
343,5,23,4,19,0.173,61.02,8,4,1,68.74,77.0,409.7,116,Beginner
273,3,15,13,2,0.873,22.73,5,5,4,98.0,561.8,-264.8,46,Advanced
12,2,19,11,8,0.567,44.3,5,3,0,63.23,68.6,7.0,91,Beginner
270,3,25,23,2,0.902,22.53,7,6,1,75.04,270.3,-220.5,4,Intermediate
201,3,14,11,3,0.792,33.99,5,5,3,98.0,742.1,167.2,100,Advanced
351,3,27,26,1,0.98,27.94,9,8,4,81.34,418.1,-332.0,20,Advanced
438,5,24,20,4,0.847,15.59,8,7,7,98.0,592.2,-329.7,35,Advanced
482,5,15,13,2,0.838,24.13,5,2,3,77.24,333.0,-332.0,109,Advanced
306,1,24,24,0,0.98,42.03,8,6,0,73.75,131.9,-302.5,117,Intermediate
182,4,16,15,1,0.927,20.92,5,6,3,98.0,689.9,70.8,16,Advanced
222,2,21,11,10,0.54,40.68,7,6,1,72.16,168.6,125.8,18,Intermediate
89,3,22,20,2,0.91,17.18,6,5,0,71.85,197.5,-251.1,18,Intermediate
468,5,27,3,24,0.125,51.16,5,1,0,22.4,-420.5,474.0,30,Beginner
424,5,17,8,9,0.477,37.2,6,6,2,79.68,421.7,410.9,38,Intermediate
427,3,19,16,3,0.853,33.99,5,0,0,41.88,-72.1,-325.0,53,Intermediate
165,1,19,1,18,0.054,36.05,4,2,1,20.0,-250.4,73.3,78,Beginner
162,5,28,18,10,0.649,43.15,10,7,1,52.71,191.1,101.5,115,Intermediate
429,5,27,6,21,0.24,54.45,9,7,3,70.31,285.1,552.7,13,Beginner
273,2,14,14,0,0.98,27.15,5,5,3,98.0,561.8,38.8,63,Advanced
353,1,12,4,8,0.372,51.47,4,2,2,91.96,422.0,435.4,6,Intermediate
245,3,30,18,12,0.603,19.46,6,2,0,34.86,-133.8,-221.4,93,Beginner
222,5,13,13,0,0.98,26.33,4,2,2,73.05,168.6,-370.7,136,Advanced
317,3,14,2,12,0.136,61.93,5,2,1,59.92,89.9,536.0,138,Beginner
407,1,12,11,1,0.936,37.58,4,4,4,98.0,660.5,134.3,11,Advanced
168,3,13,1,12,0.091,52.26,4,4,1,65.82,132.3,532.0,107,Beginner
405,3,11,11,0,0.971,19.18,4,2,1,74.69,203.5,-362.1,120,Advanced
123,5,22,12,10,0.564,36.0,2,2,1,20.0,-292.9,-356.0,125,Beginner
202,5,20,19,1,0.926,35.91,7,4,0,67.97,95.9,-262.7,8,Intermediate
457,4,11,11,0,0.98,20.75,3,3,1,95.94,556.4,-382.2,21,Advanced
478,3,23,18,5,0.778,17.94,8,4,0,54.98,56.7,-253.5,56,Intermediate
462,5,13,9,4,0.661,31.2,4,4,2,84.38,256.0,112.5,10,Intermediate
159,2,21,19,2,0.918,19.38,7,7,5,98.0,603.7,44.9,52,Advanced
422,2,25,23,2,0.932,30.9,8,9,8,98.0,708.8,91.8,37,Advanced
469,5,18,14,4,0.775,26.44,6,5,2,98.0,357.2,160.5,129,Advanced
490,5,16,5,11,0.318,43.31,0,1,0,20.0,-500.0,-357.5,135,Beginner
11,5,28,24,4,0.871,31.1,9,8,6,98.0,548.8,120.1,44,Advanced
373,4,26,25,1,0.98,31.93,9,9,4,89.82,475.9,-391.1,110,Advanced
499,5,27,3,24,0.115,42.79,9,6,1,54.76,210.4,566.0,4,Beginner
383,1,13,8,5,0.652,19.8,1,1,0,30.74,-249.3,-284.0,58,Beginner
117,4,15,15,0,0.98,39.83,5,5,3,98.0,648.4,163.9,137,Advanced
382,3,18,14,4,0.768,40.58,6,6,6,98.0,827.3,536.5,137,Advanced
53,3,13,7,6,0.538,22.67,4,3,0,44.87,85.6,35.2,58,Beginner
241,2,18,2,16,0.129,38.23,3,0,0,23.59,-276.9,14.0,99,Beginner
314,3,15,7,8,0.486,54.13,5,5,3,97.26,511.6,536.8,8,Intermediate
229,2,20,20,0,0.98,23.79,7,3,1,69.1,178.1,-339.0,121,Intermediate
350,4,24,22,2,0.916,31.1,8,8,3,98.0,452.7,60.6,37,Advanced
121,5,18,4,14,0.207,57.61,5,4,3,87.36,310.4,505.7,14,Beginner
304,1,25,13,12,0.521,55.6,8,9,3,98.0,474.9,541.1,81,Intermediate
323,5,18,15,3,0.826,42.59,6,5,4,98.0,497.7,187.6,125,Advanced
317,4,20,13,7,0.653,31.74,7,4,0,62.31,89.9,18.8,94,Intermediate
145,1,16,1,15,0.05,58.54,4,1,0,44.22,0.0,507.5,74,Beginner
153,3,11,1,10,0.068,50.44,2,1,0,22.03,-324.1,118.0,41,Beginner
129,1,10,10,0,0.98,28.84,3,2,0,71.26,228.0,-269.7,13,Intermediate
231,5,13,13,0,0.98,18.58,4,5,3,98.0,719.7,-246.1,5,Advanced
293,2,22,21,1,0.971,24.26,7,8,6,98.0,987.5,-315.8,6,Advanced
182,1,12,11,1,0.916,33.43,4,4,4,98.0,689.9,156.1,52,Advanced
205,5,19,16,3,0.855,24.36,4,5,0,38.92,-67.2,-259.7,85,Intermediate
144,3,12,12,0,0.98,21.13,4,3,2,98.0,437.3,-286.3,2,Advanced
110,4,17,16,1,0.936,15.63,6,2,1,73.4,136.0,-297.7,89,Intermediate
329,5,15,2,13,0.167,38.1,5,3,0,65.95,121.7,513.9,110,Beginner
409,3,14,13,1,0.906,23.48,5,2,0,44.97,3.4,-348.4,28,Intermediate
146,4,20,20,0,0.98,25.79,7,7,5,98.0,897.6,-328.3,67,Advanced
431,3,28,4,24,0.153,36.84,6,1,0,37.66,-146.7,150.4,47,Beginner
286,1,23,19,4,0.814,38.44,5,2,0,48.43,-140.6,-316.5,118,Intermediate
84,5,14,2,12,0.169,46.37,5,2,0,66.11,87.4,405.2,60,Beginner
183,5,27,2,25,0.081,67.91,7,6,0,57.92,5.0,583.4,119,Beginner
4,2,29,26,3,0.901,30.17,10,8,5,98.0,495.7,54.9,2,Advanced
20,4,25,9,16,0.372,53.25,8,5,1,43.21,17.8,90.4,136,Beginner
169,1,14,2,12,0.128,47.14,3,1,0,20.0,-307.0,87.2,146,Beginner
228,2,13,12,1,0.889,14.78,4,3,2,87.15,395.6,-400.0,103,Advanced
399,4,30,27,3,0.886,32.71,10,4,0,60.66,50.6,-388.1,125,Intermediate
68,2,28,27,1,0.951,36.78,10,8,5,95.13,491.5,-260.3,108,Advanced
420,5,18,13,5,0.743,17.78,4,1,0,41.86,-127.2,-239.4,38,Beginner
118,1,19,18,1,0.956,33.9,6,7,5,98.0,754.7,129.4,22,Advanced
70,4,21,19,2,0.882,32.23,6,1,2,52.28,74.0,-267.4,127,Intermediate
350,4,28,25,3,0.876,23.41,10,7,4,98.0,452.7,-258.5,1,Advanced
388,5,16,7,9,0.407,23.65,5,1,0,51.26,-48.7,108.4,92,Beginner
303,5,24,18,6,0.765,29.76,8,2,0,67.54,200.0,63.0,4,Intermediate
58,5,29,28,1,0.98,20.83,10,7,1,82.89,395.3,-252.4,27,Advanced
58,4,16,14,2,0.848,35.61,5,5,3,97.12,395.3,-385.2,49,Advanced
196,2,15,15,0,0.975,24.28,5,4,2,79.37,223.6,-387.3,119,Advanced
226,3,12,11,1,0.884,22.01,4,4,2,98.0,680.8,-327.8,15,Advanced
500,4,25,10,15,0.408,46.34,8,6,5,80.39,318.1,423.0,15,Intermediate
144,5,15,5,10,0.345,58.29,4,5,1,84.97,437.3,566.1,36,Beginner
97,5,10,7,3,0.679,32.65,3,2,1,65.27,153.8,52.0,64,Intermediate
473,4,20,5,15,0.238,34.83,6,3,0,55.67,-55.9,101.2,45,Beginner
77,1,21,2,19,0.107,56.33,6,6,1,61.31,185.9,449.2,114,Beginner
14,3,10,0,10,0.05,43.57,0,0,0,20.0,-325.0,182.5,73,Beginner
212,4,25,20,5,0.782,10.17,6,4,1,59.57,-35.2,-235.8,135,Intermediate
201,4,21,20,1,0.933,29.58,7,7,6,98.0,742.1,-364.6,133,Advanced
310,2,19,4,15,0.204,47.78,6,3,1,38.05,-109.3,146.5,44,Beginner
439,3,17,12,5,0.68,31.86,6,4,1,64.14,249.4,56.9,112,Intermediate
467,5,23,22,1,0.95,21.8,8,6,3,79.95,249.7,-340.1,91,Advanced
145,5,25,24,1,0.98,25.14,8,7,0,44.08,0.0,-399.3,96,Intermediate
491,2,26,16,10,0.627,36.88,5,0,0,20.0,-280.1,-352.9,127,Beginner
317,2,18,17,1,0.947,21.03,5,2,1,51.37,89.9,-332.5,29,Intermediate
35,2,20,20,0,0.978,37.16,7,7,4,98.0,795.0,178.4,130,Advanced
470,4,15,14,1,0.914,21.32,5,4,5,98.0,833.4,192.6,86,Advanced
69,4,14,11,3,0.787,36.72,5,5,1,67.63,287.1,161.7,1,Intermediate
295,4,28,25,3,0.886,26.69,9,2,0,53.89,-5.9,-322.2,60,Intermediate
396,3,18,17,1,0.962,31.92,6,6,2,98.0,578.8,-392.5,15,Advanced
125,5,15,15,0,0.977,35.81,5,5,5,98.0,931.9,484.8,50,Advanced
136,1,25,24,1,0.97,25.34,8,9,5,98.0,540.4,150.8,29,Advanced
239,3,24,10,14,0.424,23.03,4,1,0,44.34,-195.7,-203.6,99,Beginner
443,2,15,13,2,0.886,22.16,5,3,0,73.34,130.8,-218.0,2,Intermediate
112,3,13,10,3,0.753,48.23,4,4,2,98.0,501.9,433.7,13,Advanced
332,5,23,6,17,0.274,40.62,8,4,2,67.62,110.9,401.5,135,Beginner
227,5,29,4,25,0.134,51.21,10,5,3,62.04,110.7,424.3,61,Beginner
56,5,13,10,3,0.792,37.92,4,4,1,68.27,324.7,142.3,10,Intermediate
356,3,15,14,1,0.925,25.52,5,4,1,88.47,540.9,37.2,118,Advanced
417,4,29,14,15,0.489,35.55,8,4,1,44.22,15.0,39.5,138,Beginner
288,3,25,21,4,0.837,15.82,8,4,1,48.52,111.3,-217.2,49,Intermediate
89,1,22,14,8,0.653,31.08,6,6,0,71.92,197.5,61.2,46,Intermediate
78,2,17,1,16,0.05,47.71,4,2,0,20.0,-290.1,188.2,85,Beginner
212,4,19,19,0,0.98,24.96,6,3,2,49.89,-35.2,-386.7,12,Intermediate
254,1,13,1,12,0.05,62.12,4,2,1,52.67,-8.6,569.9,149,Beginner
277,4,27,6,21,0.228,38.37,6,1,0,28.48,-270.4,34.1,57,Beginner
122,3,20,18,2,0.92,21.71,7,7,0,80.74,381.9,-315.1,39,Intermediate
251,3,26,24,2,0.912,17.62,9,5,2,93.98,398.6,-305.4,110,Advanced
148,4,28,11,17,0.399,61.56,10,9,5,88.75,463.9,555.1,59,Intermediate
344,2,12,1,11,0.06,45.23,3,2,0,67.21,115.2,415.3,21,Beginner
399,2,28,17,11,0.59,34.05,9,3,0,64.84,50.6,20.6,71,Beginner
327,1,16,2,14,0.095,72.07,4,4,1,73.46,176.7,550.1,144,Beginner
1,1,16,1,15,0.05,67.09,5,4,1,62.3,137.2,542.2,74,Beginner
497,1,19,5,14,0.251,54.09,5,5,2,80.27,257.3,400.4,27,Beginner
12,1,16,4,12,0.243,57.27,5,0,0,44.6,68.6,440.4,34,Beginner
500,4,17,13,4,0.751,31.89,6,6,1,67.75,318.1,124.1,135,Intermediate
16,2,24,1,23,0.05,49.67,7,2,1,39.34,-144.0,425.2,116,Beginner
259,2,16,14,2,0.892,26.56,5,4,2,91.79,313.3,36.8,3,Advanced
53,4,22,1,21,0.058,59.21,7,4,0,48.71,85.6,436.8,33,Beginner
48,3,17,17,0,0.98,28.26,5,5,1,52.26,21.4,-390.7,111,Intermediate
342,1,16,2,14,0.125,65.08,5,6,0,76.82,233.1,567.3,46,Beginner
364,3,12,1,11,0.05,64.07,3,1,0,28.8,-162.8,412.3,73,Beginner
60,4,28,26,2,0.913,23.79,10,9,3,98.0,525.8,-231.2,132,Advanced
489,4,12,1,11,0.05,61.29,4,1,1,57.25,23.4,538.5,116,Beginner
161,5,21,5,16,0.235,30.29,7,4,0,46.08,-47.9,163.0,101,Beginner
160,3,15,12,3,0.821,42.01,5,1,0,48.98,-19.2,-360.1,99,Intermediate
149,5,30,18,12,0.616,26.87,7,1,2,20.0,-232.5,-363.0,37,Beginner
231,3,11,8,3,0.727,53.67,4,3,3,98.0,719.7,566.7,30,Advanced
89,4,18,13,5,0.726,27.18,6,4,0,66.57,197.5,31.1,123,Intermediate
213,1,20,20,0,0.98,21.91,7,3,1,66.85,196.0,-300.2,8,Intermediate
105,5,30,6,24,0.209,40.89,4,2,1,20.3,-253.7,81.1,98,Beginner
26,1,13,12,1,0.938,16.48,3,2,1,61.78,120.0,-339.0,61,Intermediate
185,5,27,23,4,0.851,10.59,7,8,0,70.76,277.0,18.4,5,Intermediate
337,3,11,3,8,0.295,59.69,4,3,2,90.13,400.3,475.7,87,Intermediate
382,2,16,16,0,0.98,32.3,5,6,4,98.0,827.3,102.4,20,Advanced
177,3,27,24,3,0.876,34.8,9,9,6,98.0,711.2,413.4,128,Advanced
162,1,17,13,4,0.774,33.75,6,4,0,53.52,191.1,37.7,38,Intermediate
394,3,22,5,17,0.232,59.3,7,5,2,84.84,272.6,459.9,36,Beginner
341,1,18,17,1,0.929,20.05,5,5,2,81.29,253.2,-315.2,102,Advanced
417,3,28,23,5,0.827,29.62,7,3,0,45.06,15.0,-283.4,46,Intermediate
454,1,11,11,0,0.98,31.95,4,2,3,98.0,492.6,-202.5,56,Advanced
411,1,30,24,6,0.787,18.98,8,5,2,64.97,231.7,24.6,51,Intermediate
469,4,14,11,3,0.756,31.64,5,5,1,83.26,357.2,40.2,76,Intermediate
209,1,22,5,17,0.232,58.68,7,4,2,70.14,243.8,499.7,109,Beginner
198,2,15,12,3,0.779,40.56,5,1,0,44.07,-37.1,-290.2,117,Intermediate
161,4,26,21,5,0.812,32.65,7,4,0,50.38,-47.9,-226.2,19,Intermediate
118,3,24,24,0,0.98,26.73,8,8,5,98.0,754.7,134.5,71,Advanced
375,3,13,2,11,0.137,54.5,3,2,0,26.06,-212.2,441.9,79,Beginner
358,3,15,14,1,0.943,40.5,5,2,1,51.49,-44.6,-375.4,143,Intermediate
401,4,24,23,1,0.941,23.75,8,4,1,58.46,79.7,-259.4,89,Intermediate
84,4,20,20,0,0.98,29.29,6,3,0,54.01,87.4,-373.6,125,Intermediate
246,1,21,7,14,0.32,39.79,6,1,0,45.96,-59.6,119.6,79,Beginner
111,5,17,6,11,0.342,42.54,2,0,0,20.0,-379.8,-302.3,78,Beginner
447,5,24,15,9,0.622,39.83,6,6,2,80.63,221.8,72.9,82,Intermediate
134,3,29,26,3,0.892,29.9,9,10,7,98.0,661.7,147.3,15,Advanced
72,2,12,12,0,0.98,24.96,3,4,3,98.0,680.8,83.2,66,Advanced
285,4,24,2,22,0.075,38.64,7,2,1,47.9,-100.9,108.6,143,Beginner
440,4,29,28,1,0.949,12.81,10,9,4,81.8,341.0,-330.7,148,Advanced
458,5,14,1,13,0.059,59.47,4,2,1,41.29,88.9,518.9,27,Beginner
49,3,18,18,0,0.98,28.78,5,6,4,98.0,577.2,91.0,68,Advanced
163,3,21,20,1,0.942,19.19,7,7,2,96.3,498.2,-316.5,123,Advanced
77,3,26,23,3,0.894,12.6,6,6,1,66.09,185.9,-238.5,126,Intermediate
154,2,24,24,0,0.98,31.02,8,8,5,98.0,561.5,121.6,97,Advanced
267,4,30,4,26,0.125,61.43,9,9,5,65.32,227.6,556.0,84,Beginner
141,4,21,20,1,0.932,27.66,7,6,2,84.97,274.8,-283.9,132,Advanced
34,1,28,26,2,0.916,17.97,10,5,1,68.88,166.0,-356.4,92,Intermediate
256,1,20,18,2,0.88,29.29,7,4,0,31.35,-83.6,-399.4,119,Intermediate
27,1,16,13,3,0.821,27.49,5,3,1,82.28,348.3,55.1,122,Intermediate
114,2,24,17,7,0.711,53.09,8,8,6,98.0,697.0,521.2,41,Advanced
1,1,18,11,7,0.633,29.66,6,3,0,64.03,137.2,115.5,148,Intermediate
44,3,23,17,6,0.759,38.31,8,5,2,77.96,249.3,53.1,56,Intermediate
219,5,23,3,20,0.123,64.43,7,5,1,57.62,123.2,418.3,22,Beginner
426,4,11,1,10,0.05,56.73,4,2,0,59.11,46.7,444.9,36,Beginner
388,5,21,17,4,0.813,30.44,7,1,0,41.94,-48.7,-288.9,88,Intermediate
50,1,10,9,1,0.911,30.39,3,4,3,98.0,913.2,-398.5,138,Advanced
18,4,18,5,13,0.267,31.17,5,3,0,28.78,-106.7,46.4,28,Beginner
170,4,23,1,22,0.05,55.93,7,3,0,76.21,46.3,525.8,102,Beginner
327,3,23,3,20,0.147,58.44,7,5,0,60.06,176.7,501.5,8,Beginner
374,4,12,10,2,0.843,40.8,3,3,2,98.0,503.0,41.0,77,Advanced
412,1,29,7,22,0.24,47.94,10,8,2,85.4,287.8,517.3,135,Beginner
172,4,25,23,2,0.912,36.36,8,7,4,95.63,529.1,-256.7,98,Advanced
85,5,16,16,0,0.98,23.55,5,6,2,98.0,594.5,-245.6,150,Advanced
14,2,19,7,12,0.368,35.75,2,1,3,20.0,-325.0,-204.9,144,Beginner
74,1,12,1,11,0.057,69.86,2,0,1,25.85,-263.4,578.0,104,Beginner
33,1,17,17,0,0.98,40.59,5,5,0,98.0,478.6,33.1,3,Advanced
431,2,24,20,4,0.842,31.77,4,0,0,32.54,-146.7,-321.7,61,Beginner
135,5,28,23,5,0.833,36.77,6,3,1,41.81,-47.3,-232.4,18,Intermediate
412,5,22,3,19,0.115,50.08,7,6,3,81.51,287.8,521.4,114,Beginner
277,4,15,1,14,0.05,58.27,3,0,1,20.0,-270.4,596.4,25,Beginner
270,2,29,20,9,0.702,22.51,9,5,2,70.1,270.3,92.2,149,Intermediate
228,2,21,21,0,0.98,21.29,7,5,4,97.2,395.6,-234.3,95,Advanced
410,5,25,17,8,0.672,53.12,8,9,7,98.0,722.6,568.7,138,Advanced
22,3,24,16,8,0.662,48.29,8,7,6,98.0,646.8,498.2,122,Advanced
47,4,18,14,4,0.798,45.05,5,6,1,89.95,479.8,178.8,130,Intermediate
212,2,10,3,7,0.28,56.87,3,1,0,29.39,-35.2,147.1,8,Beginner
198,5,23,3,20,0.114,54.24,7,1,1,53.57,-37.1,412.9,78,Beginner
273,3,28,17,11,0.611,39.35,9,9,7,98.0,561.8,418.1,136,Intermediate
369,4,28,22,6,0.773,35.59,9,8,2,66.51,252.2,1.1,33,Intermediate
294,5,28,23,5,0.817,35.91,10,9,6,98.0,667.6,61.6,56,Advanced
129,2,17,8,9,0.465,38.39,5,4,2,88.69,228.0,133.9,21,Intermediate
164,4,29,2,27,0.084,65.76,7,1,2,22.76,-149.3,563.4,77,Beginner
377,4,10,9,1,0.859,36.66,3,4,2,90.36,452.8,168.1,11,Advanced
101,3,16,15,1,0.942,18.35,5,3,1,53.15,156.4,-291.9,14,Intermediate
253,5,23,23,0,0.98,16.37,8,7,3,94.39,368.0,-361.3,52,Advanced
270,3,16,3,13,0.16,51.95,5,5,0,76.26,270.3,437.0,119,Beginner
376,4,10,2,8,0.192,50.51,3,2,1,80.78,339.7,456.8,7,Beginner
358,1,13,1,12,0.05,62.82,2,1,1,47.36,-44.6,565.3,126,Beginner
233,5,29,1,28,0.05,45.44,6,0,0,20.0,-282.0,161.6,102,Beginner
155,5,18,2,16,0.091,42.03,5,4,0,55.47,86.9,410.6,143,Beginner
184,5,13,2,11,0.155,45.92,4,3,0,75.93,237.3,593.2,124,Beginner
206,5,23,8,15,0.359,41.08,2,1,0,20.0,-319.3,-202.5,113,Beginner
110,4,17,17,0,0.98,20.38,5,3,1,59.85,136.0,-353.0,120,Intermediate
313,4,18,11,7,0.597,44.99,6,5,4,96.25,475.0,425.4,108,Intermediate
105,5,29,19,10,0.643,26.01,6,1,0,25.36,-253.7,-377.7,13,Beginner
325,4,21,19,2,0.902,21.0,7,7,4,98.0,540.3,65.4,98,Advanced
376,2,11,9,2,0.782,27.07,4,2,1,88.63,339.7,147.8,31,Intermediate
481,1,29,13,16,0.438,55.38,10,10,6,87.02,490.2,458.6,26,Intermediate
60,5,10,7,3,0.728,23.23,3,4,2,98.0,525.8,-286.9,146,Advanced
380,1,24,4,20,0.15,63.7,8,4,1,71.98,215.1,556.2,136,Beginner
43,5,12,12,0,0.966,30.28,4,4,4,98.0,663.3,-295.7,150,Advanced
169,5,15,2,13,0.16,60.53,2,0,0,20.0,-307.0,491.8,2,Beginner
89,1,30,29,1,0.98,30.8,10,6,1,85.66,197.5,-263.6,146,Advanced
82,5,13,1,12,0.109,59.65,4,2,0,82.74,138.6,546.3,1,Beginner
88,3,30,9,21,0.295,60.79,9,9,1,94.29,293.7,427.0,139,Beginner
22,2,16,14,2,0.893,30.66,5,6,4,98.0,646.8,-236.6,20,Advanced
412,3,18,17,1,0.93,31.6,6,5,0,81.54,287.8,-247.3,22,Intermediate
31,3,29,3,26,0.117,55.08,3,1,1,25.98,-359.5,587.1,7,Beginner
200,5,25,24,1,0.972,26.93,6,7,3,68.38,203.1,-272.9,119,Advanced
350,3,16,16,0,0.98,12.05,5,5,3,98.0,452.7,-279.7,121,Advanced
496,1,25,24,1,0.956,39.04,7,9,8,98.0,629.5,123.1,32,Advanced
427,2,20,1,19,0.05,54.42,5,1,0,58.14,-72.1,505.2,121,Beginner
69,3,12,10,2,0.834,28.35,4,2,1,90.2,287.1,94.0,39,Intermediate
494,3,15,8,7,0.537,25.9,5,3,0,51.37,24.8,51.2,131,Beginner
327,3,14,3,11,0.203,53.31,5,4,1,79.87,176.7,428.2,74,Beginner
90,5,19,18,1,0.97,27.24,6,7,3,98.0,563.7,110.9,86,Advanced
225,2,28,27,1,0.951,39.78,10,8,3,91.37,457.3,43.0,121,Advanced
459,5,21,8,13,0.385,46.99,5,5,0,60.45,127.3,185.3,72,Beginner
197,5,13,11,2,0.863,22.53,3,1,0,47.1,-40.8,-389.2,67,Intermediate
92,5,22,12,10,0.555,19.2,4,0,1,20.06,-236.6,-320.7,88,Beginner
438,3,20,14,6,0.706,27.83,7,7,3,98.0,592.2,424.4,34,Advanced
477,5,18,13,5,0.722,23.13,5,2,0,25.26,-131.9,-239.0,69,Beginner
488,3,15,11,4,0.722,36.47,5,5,3,98.0,566.9,449.3,137,Advanced
478,2,24,23,1,0.96,27.87,7,2,0,57.54,56.7,-369.4,97,Intermediate
437,5,21,21,0,0.98,25.44,7,5,4,98.0,475.7,33.0,43,Advanced
228,5,19,18,1,0.924,25.02,6,7,2,96.87,395.6,-283.1,138,Advanced
97,1,14,7,7,0.479,29.17,5,4,1,68.82,153.8,111.5,116,Beginner
309,2,12,6,6,0.475,54.72,4,4,3,95.14,573.7,583.1,147,Intermediate
111,2,14,1,13,0.073,32.33,1,1,0,20.0,-379.8,48.2,115,Beginner
237,5,23,23,0,0.98,24.28,8,7,3,98.0,548.7,-265.6,3,Advanced
329,2,10,9,1,0.941,31.52,2,3,2,69.88,121.7,-270.6,14,Advanced
474,4,11,7,4,0.635,46.02,4,3,0,97.91,523.6,478.5,1,Intermediate
145,5,30,21,9,0.707,29.84,9,4,1,40.24,0.0,-298.6,67,Beginner
126,5,15,7,8,0.474,33.38,5,4,3,98.0,442.0,421.4,70,Intermediate
368,5,12,11,1,0.929,10.77,3,2,0,53.11,89.9,-374.0,20,Intermediate
4,3,30,29,1,0.98,27.19,10,10,7,90.55,495.7,-296.3,15,Advanced
284,4,18,4,14,0.197,64.17,4,2,0,38.89,-129.3,449.8,109,Beginner
373,4,10,9,1,0.861,24.59,3,4,2,97.19,475.9,28.1,108,Advanced
276,2,18,16,2,0.9,39.92,6,6,4,98.0,637.0,-305.7,112,Advanced
192,3,10,1,9,0.063,50.57,3,2,1,68.58,185.8,581.4,92,Beginner
415,3,16,11,5,0.714,23.46,4,1,0,23.53,-190.6,-396.4,46,Beginner
186,5,29,11,18,0.369,35.28,7,5,0,41.32,-45.9,1.9,85,Beginner
356,3,26,24,2,0.916,33.43,9,9,3,98.0,540.9,132.0,103,Advanced
233,3,18,4,14,0.204,36.88,3,0,0,20.0,-282.0,40.0,113,Beginner
14,3,17,1,16,0.058,53.13,3,0,0,25.14,-325.0,555.7,63,Beginner
266,1,22,20,2,0.89,29.24,7,8,3,85.21,462.0,-347.2,30,Advanced
25,2,23,1,22,0.056,61.37,8,6,0,53.66,111.7,562.5,85,Beginner
466,5,25,22,3,0.877,25.24,8,9,6,98.0,816.4,78.7,132,Advanced
301,1,21,12,9,0.574,55.99,7,6,4,98.0,563.8,559.9,103,Intermediate
187,4,11,3,8,0.228,58.78,4,1,2,74.03,233.3,571.1,106,Beginner
244,5,28,1,27,0.05,58.44,4,1,0,20.0,-322.9,523.5,126,Beginner
310,4,17,3,14,0.193,43.11,5,2,0,34.23,-109.3,157.9,101,Beginner
131,4,27,6,21,0.239,36.52,7,5,1,48.8,5.3,158.2,74,Beginner
145,4,27,9,18,0.322,34.46,8,4,0,48.85,0.0,132.7,101,Beginner
210,1,14,5,9,0.339,38.62,4,2,0,66.55,74.2,185.9,106,Beginner
130,1,20,13,7,0.67,34.1,6,7,1,98.0,364.4,160.7,67,Intermediate
379,5,25,8,17,0.3,41.71,8,6,1,80.19,252.8,476.9,42,Beginner
52,3,17,4,13,0.222,44.42,1,1,0,20.0,-407.8,-200.7,58,Beginner
414,3,26,1,25,0.05,61.27,6,5,0,58.02,-16.9,572.5,71,Beginner
175,1,20,17,3,0.827,19.81,6,0,1,49.75,44.6,-217.4,101,Intermediate
281,4,29,1,28,0.05,68.98,9,5,1,26.87,-21.4,475.5,14,Beginner
79,1,28,26,2,0.937,25.19,10,9,7,98.0,817.9,-315.8,101,Advanced
193,1,30,25,5,0.821,15.55,10,9,5,75.95,449.3,-339.2,73,Intermediate
378,2,14,1,13,0.05,71.61,3,2,0,40.99,-59.4,557.3,16,Beginner
136,5,25,13,12,0.504,58.33,8,9,2,98.0,540.4,489.8,56,Intermediate
67,5,25,5,20,0.209,49.03,7,6,0,68.74,314.9,509.2,113,Beginner
261,1,19,5,14,0.277,47.98,6,7,3,80.18,370.1,440.9,139,Beginner
82,1,13,12,1,0.915,21.7,4,1,0,52.45,138.6,-392.8,121,Intermediate
158,5,16,5,11,0.295,37.93,5,6,2,80.13,311.4,432.6,40,Beginner
226,4,20,19,1,0.946,30.53,7,7,4,98.0,680.8,95.8,86,Advanced
283,4,28,27,1,0.98,37.28,9,9,9,98.0,802.4,184.7,150,Advanced
320,3,29,18,11,0.604,39.75,10,2,1,55.54,41.8,53.1,74,Beginner
339,2,29,28,1,0.98,25.13,10,9,1,98.0,365.4,-304.8,32,Advanced
423,4,29,18,11,0.619,40.83,10,10,3,73.3,269.4,132.0,77,Intermediate
34,1,12,3,9,0.24,45.07,4,3,0,83.75,166.0,414.2,90,Beginner
182,1,30,29,1,0.98,37.63,10,10,9,98.0,689.9,-360.5,34,Advanced
1,5,21,2,19,0.077,48.91,7,2,1,59.49,137.2,431.7,50,Beginner
5,2,12,3,9,0.285,37.53,2,0,0,78.22,89.5,189.6,147,Beginner
107,1,12,10,2,0.816,21.49,4,2,0,47.36,119.9,-294.6,136,Intermediate
300,3,15,14,1,0.91,22.79,5,5,2,98.0,598.0,69.2,132,Advanced
448,1,15,14,1,0.921,24.54,5,3,0,41.78,51.0,-320.8,73,Intermediate
387,3,12,12,0,0.98,23.28,4,4,3,89.41,541.1,-274.8,127,Advanced
324,4,18,8,10,0.457,55.24,6,6,2,81.56,481.0,555.3,40,Intermediate
390,2,21,20,1,0.969,19.31,6,6,2,76.71,217.7,-267.6,47,Advanced
86,1,16,15,1,0.953,26.07,5,6,1,80.63,412.7,-396.8,26,Advanced
420,5,24,2,22,0.077,50.38,6,2,1,35.24,-127.2,483.2,104,Beginner
446,3,25,24,1,0.98,30.03,8,7,4,94.78,376.5,-349.8,113,Advanced
48,1,18,3,15,0.141,65.08,5,3,0,55.85,21.4,541.1,95,Beginner
235,3,11,7,4,0.606,50.08,4,3,3,98.0,619.9,544.3,134,Intermediate
416,5,16,15,1,0.968,20.35,5,4,2,98.0,439.9,-360.1,31,Advanced
239,1,22,4,18,0.19,41.14,4,0,0,43.31,-195.7,25.6,116,Beginner
421,4,18,17,1,0.958,18.69,6,5,3,80.29,403.0,-349.0,147,Advanced
468,2,22,1,21,0.05,42.65,4,0,0,20.0,-420.5,44.6,78,Beginner
238,4,27,21,6,0.785,25.3,8,6,0,52.12,43.0,-285.3,77,Intermediate
30,1,26,8,18,0.3,72.27,8,6,1,74.92,260.9,461.8,139,Beginner
171,5,23,23,0,0.98,16.47,8,5,0,62.68,247.7,-233.0,20,Intermediate
108,5,12,1,11,0.05,42.21,2,0,0,20.0,-375.5,565.3,77,Beginner
238,3,25,24,1,0.945,20.94,7,4,0,50.91,43.0,-386.6,78,Intermediate
293,2,16,16,0,0.98,12.89,5,6,3,98.0,987.5,-303.2,34,Advanced
232,1,18,14,4,0.791,28.09,6,4,4,81.02,402.6,160.1,16,Advanced
98,4,24,23,1,0.949,16.85,8,8,2,79.54,486.2,22.1,36,Advanced
151,4,27,16,11,0.606,43.21,9,8,6,98.0,621.4,535.1,118,Intermediate
340,4,24,22,2,0.903,17.59,8,6,1,67.78,278.3,-205.2,97,Intermediate
14,3,16,10,6,0.629,38.08,0,0,0,20.0,-325.0,-389.7,120,Beginner
108,4,19,2,17,0.091,44.77,2,0,0,20.0,-375.5,117.3,123,Beginner
447,4,17,14,3,0.821,36.8,6,5,1,71.38,221.8,25.2,124,Intermediate
50,2,19,17,2,0.884,46.0,6,7,6,98.0,913.2,560.6,105,Advanced
208,4,25,1,24,0.05,68.22,7,1,0,48.94,2.0,589.1,12,Beginner
104,1,30,10,20,0.323,56.29,10,8,2,96.77,399.9,595.0,19,Intermediate
53,5,18,16,2,0.887,36.28,5,3,1,49.32,85.6,-386.1,21,Intermediate
212,3,16,5,11,0.3,41.41,3,0,0,52.31,-35.2,70.4,70,Beginner
261,4,28,7,21,0.265,49.12,9,7,3,78.97,370.1,515.1,16,Beginner
89,4,13,11,2,0.828,29.23,4,1,1,74.57,197.5,-349.4,10,Intermediate
39,1,18,14,4,0.753,28.78,6,6,0,59.65,219.9,11.9,98,Intermediate
68,4,30,29,1,0.98,23.48,10,10,4,98.0,491.5,-210.0,139,Advanced
326,4,28,26,2,0.92,25.57,10,6,4,91.49,423.0,-312.3,44,Advanced
431,1,27,4,23,0.144,62.15,7,0,0,36.11,-146.7,451.0,16,Beginner
91,2,28,24,4,0.866,13.2,10,5,0,56.71,-9.6,-226.2,24,Intermediate
161,4,14,2,12,0.112,58.92,3,4,0,38.65,-47.9,579.4,137,Beginner
172,2,11,9,2,0.815,29.68,4,3,2,98.0,529.1,-260.8,148,Advanced
181,1,28,27,1,0.98,26.64,10,9,7,98.0,655.9,-267.9,54,Advanced
123,5,20,8,12,0.416,26.33,5,3,0,20.0,-292.9,-245.8,73,Beginner
28,3,15,15,0,0.98,8.33,5,5,1,98.0,425.3,-326.8,88,Advanced
263,2,20,13,7,0.66,47.96,7,6,2,86.71,340.7,191.4,75,Intermediate
179,3,27,25,2,0.921,23.94,8,2,0,53.8,84.4,-365.8,106,Intermediate
172,2,20,18,2,0.876,43.92,7,6,4,98.0,529.1,199.2,87,Advanced
133,1,23,12,11,0.54,56.1,7,8,4,98.0,629.9,555.4,126,Intermediate
465,3,20,6,14,0.308,34.42,6,2,0,53.71,104.5,159.2,75,Beginner
306,5,20,15,5,0.748,8.0,6,5,0,56.37,131.9,-283.3,108,Intermediate
210,5,30,18,12,0.616,36.21,9,5,0,55.67,74.2,137.6,39,Beginner
103,4,29,1,28,0.05,60.72,7,2,1,26.53,-270.5,568.2,76,Beginner
401,1,18,7,11,0.405,38.07,5,2,1,40.26,79.7,65.3,102,Beginner
445,2,26,23,3,0.885,19.01,8,5,1,44.07,4.7,-290.1,40,Intermediate
17,2,25,13,12,0.518,36.34,7,7,0,65.74,203.6,120.3,88,Beginner
465,1,12,3,9,0.254,43.63,4,3,0,48.95,104.5,199.6,31,Beginner
350,1,27,20,7,0.749,31.8,9,9,6,87.09,452.7,-318.5,127,Advanced
50,4,24,23,1,0.97,22.75,8,8,6,98.0,913.2,-216.2,103,Advanced
377,3,27,11,16,0.419,52.19,9,8,1,91.37,452.8,456.7,61,Intermediate
54,5,26,25,1,0.98,26.92,9,8,8,98.0,619.6,-387.7,60,Advanced
26,1,29,26,3,0.899,31.86,8,5,1,50.97,120.0,-269.3,117,Intermediate
58,1,21,20,1,0.956,19.16,7,5,1,87.83,395.3,-281.1,109,Advanced
230,4,11,8,3,0.738,11.91,4,3,0,73.93,359.6,150.1,147,Intermediate
310,2,15,5,10,0.306,35.11,3,3,0,50.74,-109.3,17.6,118,Beginner
204,2,13,12,1,0.887,23.28,4,5,4,98.0,967.8,-250.1,58,Advanced
61,4,14,13,1,0.894,19.78,5,5,3,98.0,706.5,85.1,38,Advanced
100,5,22,12,10,0.534,21.34,6,7,0,51.41,103.9,25.4,106,Beginner
427,3,30,24,6,0.808,25.34,9,6,0,49.63,-72.1,-220.8,4,Intermediate
482,4,26,5,21,0.187,56.87,8,7,4,88.04,333.0,558.2,6,Beginner
378,2,19,10,9,0.543,30.05,5,3,0,59.06,-59.4,-207.6,75,Beginner
52,5,20,7,13,0.329,20.41,2,0,1,26.35,-407.8,-269.5,137,Beginner
410,3,20,15,5,0.747,31.99,7,7,6,98.0,722.6,477.9,49,Advanced
346,1,18,2,16,0.097,69.06,5,4,1,81.01,217.4,598.8,108,Beginner
264,3,22,11,11,0.517,37.69,7,6,1,69.82,216.0,190.7,16,Beginner
72,2,29,26,3,0.886,43.99,10,10,5,98.0,680.8,459.2,95,Advanced
499,1,12,9,3,0.724,19.83,4,2,0,77.26,210.4,19.1,65,Intermediate
222,1,17,9,8,0.527,40.13,5,3,1,72.75,168.6,189.2,16,Intermediate
23,2,11,5,6,0.491,48.56,4,3,1,98.0,448.6,489.5,59,Intermediate
105,1,27,1,26,0.05,53.88,6,0,1,20.14,-253.7,488.9,147,Beginner
201,1,14,13,1,0.963,14.67,5,5,4,98.0,742.1,-262.0,34,Advanced
32,3,23,18,5,0.801,20.8,8,7,2,90.85,313.5,7.0,137,Intermediate
162,1,11,6,5,0.519,49.06,4,1,1,62.13,191.1,117.8,50,Beginner
235,4,20,17,3,0.866,22.45,7,6,5,98.0,619.9,-208.6,46,Advanced
475,5,28,4,24,0.16,60.07,9,3,0,47.23,33.4,410.9,7,Beginner
44,1,30,27,3,0.886,31.58,9,7,2,71.89,249.3,101.7,10,Intermediate
289,1,13,9,4,0.7,27.79,3,4,0,72.71,242.3,45.5,145,Intermediate
458,2,23,11,12,0.487,32.83,5,7,0,46.56,88.9,108.2,61,Beginner
404,1,14,13,1,0.922,40.83,5,5,4,91.97,542.8,160.5,108,Advanced
463,2,25,16,9,0.631,32.58,6,3,1,46.32,-109.7,-231.4,5,Beginner
86,5,21,9,12,0.448,48.42,7,6,3,77.51,412.7,520.9,28,Intermediate
401,5,26,17,9,0.666,32.5,8,7,1,78.13,79.7,70.9,82,Intermediate
490,5,28,1,27,0.05,53.87,2,1,0,20.0,-500.0,149.6,85,Beginner
164,5,17,5,12,0.28,24.19,4,1,0,26.84,-149.3,140.4,111,Beginner
250,5,11,10,1,0.912,27.07,3,3,2,98.0,536.3,-215.1,99,Advanced
266,3,16,14,2,0.882,28.66,5,6,4,76.5,462.0,-357.1,66,Advanced
247,1,14,9,5,0.645,29.16,5,5,0,70.43,231.0,119.9,80,Intermediate
145,4,12,12,0,0.967,26.77,3,4,0,48.36,0.0,-393.7,128,Intermediate
486,4,25,22,3,0.889,34.15,8,8,4,90.96,510.9,136.2,91,Advanced
479,5,28,3,25,0.111,50.79,10,4,1,49.66,47.1,527.7,134,Beginner
191,4,20,19,1,0.954,31.01,7,5,0,77.33,151.2,-321.2,131,Intermediate
403,3,21,21,0,0.98,26.98,7,7,4,98.0,485.9,-385.4,146,Advanced
199,4,22,22,0,0.98,24.22,7,8,6,98.0,684.1,11.2,134,Advanced
398,4,28,27,1,0.98,25.63,9,9,3,90.66,469.5,-231.4,78,Advanced
293,1,10,8,2,0.844,51.6,3,4,3,98.0,987.5,597.8,5,Advanced
236,4,21,10,11,0.49,55.46,7,5,2,66.42,183.5,180.6,82,Beginner
65,2,28,24,4,0.854,30.89,8,5,1,37.3,69.6,-238.1,78,Intermediate
328,1,13,12,1,0.89,30.57,4,4,0,61.31,200.9,-361.6,139,Intermediate
161,2,22,1,21,0.05,62.27,6,2,0,35.19,-47.9,566.0,69,Beginner
109,5,10,10,0,0.977,38.21,2,3,1,70.36,366.7,-313.9,115,Advanced
97,4,27,15,12,0.56,27.54,8,5,2,70.58,153.8,144.3,7,Intermediate
491,1,23,10,13,0.442,22.03,5,0,0,20.95,-280.1,-233.7,29,Beginner
52,2,30,14,16,0.471,35.93,4,2,0,20.0,-407.8,-335.1,137,Beginner
400,4,16,1,15,0.05,66.31,4,1,0,49.01,-63.6,588.2,15,Beginner
434,3,25,23,2,0.923,6.88,7,7,1,73.74,368.9,-286.2,149,Intermediate
16,4,26,16,10,0.625,29.25,6,3,0,24.86,-144.0,-297.1,88,Beginner
295,4,10,4,6,0.423,35.23,2,1,0,58.35,-5.9,55.1,107,Beginner
289,1,25,4,21,0.174,64.2,8,6,2,92.48,242.3,557.6,129,Beginner
180,5,24,24,0,0.98,28.33,8,8,0,75.82,203.5,-236.4,41,Intermediate
334,3,22,15,7,0.689,15.46,7,2,0,48.45,-53.3,-264.5,61,Beginner
205,5,21,2,19,0.076,49.66,5,1,0,38.62,-67.2,460.6,10,Beginner
220,2,26,24,2,0.931,21.73,9,6,3,74.09,285.6,9.4,89,Advanced
216,4,12,1,11,0.05,59.93,4,1,0,55.82,40.0,417.2,43,Beginner
401,1,18,1,17,0.05,59.58,6,1,1,68.95,79.7,475.2,101,Beginner
317,1,15,1,14,0.05,50.32,5,0,0,62.41,89.9,426.6,91,Beginner
190,5,27,26,1,0.98,27.41,9,8,7,98.0,612.2,42.8,52,Advanced
464,5,13,12,1,0.899,17.49,4,5,1,83.99,413.2,-298.2,43,Advanced
402,5,11,2,9,0.146,69.08,3,2,0,61.31,63.8,421.8,59,Beginner
467,2,29,4,25,0.143,62.05,10,8,1,69.6,249.7,539.6,112,Beginner
366,5,18,5,13,0.284,59.77,5,4,0,65.19,140.7,431.6,2,Beginner
196,1,26,21,5,0.819,38.6,9,5,1,77.29,223.6,20.2,148,Intermediate
387,3,14,13,1,0.894,32.01,5,5,1,98.0,541.1,-205.6,68,Advanced
165,3,24,4,20,0.147,40.16,4,1,1,20.0,-250.4,27.4,32,Beginner
136,4,29,28,1,0.955,30.1,10,8,5,98.0,540.4,159.5,33,Advanced
226,4,26,23,3,0.875,37.65,9,8,7,98.0,680.8,106.6,149,Advanced
485,2,16,2,14,0.154,57.46,4,4,0,53.71,26.2,473.0,85,Beginner
284,1,22,4,18,0.185,36.91,6,0,0,42.32,-129.3,108.6,75,Beginner
192,2,27,26,1,0.98,38.72,8,7,2,79.04,185.8,-314.3,77,Advanced
231,2,27,25,2,0.936,22.85,9,7,6,98.0,719.7,128.6,63,Advanced
146,4,16,15,1,0.913,13.0,5,6,5,98.0,897.6,7.0,36,Advanced
330,1,14,12,2,0.885,52.6,5,5,4,98.0,1040.4,583.8,30,Advanced
176,3,19,11,8,0.586,30.97,6,3,0,51.73,45.1,69.9,19,Beginner
278,4,15,11,4,0.702,36.86,5,3,1,84.03,303.9,137.7,11,Intermediate
185,4,25,23,2,0.911,46.86,8,6,1,74.8,277.0,133.3,99,Intermediate
161,4,22,8,14,0.366,27.93,7,1,1,48.82,-47.9,55.7,112,Beginner
486,2,20,18,2,0.89,24.61,7,7,3,94.57,510.9,-247.9,63,Advanced
173,3,27,1,26,0.05,64.59,9,3,0,67.3,18.6,400.1,101,Beginner
36,1,14,2,12,0.136,66.18,4,3,0,50.11,-14.4,580.2,56,Beginner
190,3,27,25,2,0.933,27.59,9,9,8,98.0,612.2,111.4,115,Advanced
267,5,21,16,5,0.752,49.19,6,3,1,68.9,227.6,84.8,124,Intermediate
48,5,30,29,1,0.98,25.49,9,4,0,67.44,21.4,-325.3,33,Intermediate
153,4,22,3,19,0.125,47.01,4,2,0,20.0,-324.1,104.1,96,Beginner
84,3,26,15,11,0.587,44.93,6,6,1,53.12,87.4,43.4,113,Beginner
251,5,13,4,9,0.336,64.97,4,5,2,96.69,398.6,589.0,92,Intermediate
362,3,14,8,6,0.606,41.36,4,0,0,20.0,-324.7,-359.1,95,Beginner
485,4,21,1,20,0.05,54.92,5,3,0,48.0,26.2,574.7,30,Beginner
195,3,14,14,0,0.98,33.5,5,5,2,88.27,426.6,-224.0,60,Advanced
432,1,10,6,4,0.613,32.31,3,1,0,56.56,88.8,6.3,7,Beginner
108,4,19,3,16,0.162,40.08,4,1,0,20.0,-375.5,122.1,26,Beginner
391,5,15,15,0,0.98,26.45,5,3,2,98.0,416.3,-324.3,89,Advanced
282,4,23,14,9,0.595,40.82,8,6,1,74.75,199.1,191.2,100,Intermediate
380,4,22,2,20,0.089,73.74,7,6,1,79.7,215.1,587.2,58,Beginner
378,1,20,5,15,0.252,39.68,7,3,1,40.59,-59.4,41.7,137,Beginner
267,1,27,26,1,0.977,19.65,9,7,2,76.88,227.6,-244.5,71,Advanced
129,5,11,7,4,0.64,30.87,4,1,2,60.37,228.0,178.2,121,Intermediate
264,3,26,24,2,0.911,24.57,8,7,3,73.06,216.0,-311.9,62,Intermediate
414,3,20,8,12,0.376,27.66,7,1,0,49.25,-16.9,60.4,148,Beginner
486,4,24,18,6,0.735,26.17,8,8,6,98.0,510.9,148.2,133,Advanced
464,5,27,25,2,0.939,23.19,7,9,5,98.0,413.2,-300.7,23,Advanced
91,3,16,4,12,0.247,36.86,4,1,1,46.97,-9.6,109.8,142,Beginner
299,3,15,11,4,0.728,49.16,4,5,2,98.0,555.9,415.2,98,Advanced
53,3,25,2,23,0.074,56.74,7,3,0,52.24,85.6,594.8,117,Beginner
335,3,23,22,1,0.951,7.61,8,7,7,98.0,701.4,-229.0,54,Advanced
497,4,13,13,0,0.98,13.1,4,4,2,86.15,257.3,-278.5,13,Advanced
27,1,15,12,3,0.798,32.27,5,4,0,88.15,348.3,127.3,52,Intermediate
329,2,27,26,1,0.948,21.07,7,4,2,66.32,121.7,-340.4,31,Intermediate
473,3,21,9,12,0.406,27.38,7,1,0,50.9,-55.9,26.8,51,Beginner
424,3,29,26,3,0.909,38.61,10,8,6,84.21,421.7,-273.1,66,Advanced
197,3,24,21,3,0.861,33.55,6,1,0,40.25,-40.8,-272.8,100,Intermediate
52,3,14,1,13,0.05,47.14,4,1,1,20.0,-407.8,184.3,34,Beginner
462,5,14,13,1,0.964,26.81,4,4,1,69.37,256.0,-206.2,118,Intermediate
461,5,30,24,6,0.814,41.76,10,10,5,97.07,592.8,421.1,22,Advanced
290,5,25,21,4,0.846,16.7,8,4,0,54.26,129.2,-290.4,83,Intermediate
490,3,22,1,21,0.05,51.02,1,0,0,20.0,-500.0,77.4,129,Beginner
3,3,24,21,3,0.865,31.32,8,5,3,95.08,480.7,7.2,105,Advanced
309,3,18,11,7,0.59,40.83,6,6,3,98.0,573.7,599.9,70,Intermediate
20,5,16,1,15,0.05,61.02,4,2,0,43.52,17.8,524.5,53,Beginner
468,4,27,1,26,0.05,42.92,5,0,1,20.0,-420.5,0.8,96,Beginner
341,5,28,18,10,0.644,34.55,10,7,0,73.17,253.2,169.4,75,Intermediate
457,5,29,22,7,0.759,39.58,10,9,5,98.0,556.4,-335.8,131,Advanced
282,5,26,15,11,0.572,47.93,9,6,1,66.09,199.1,100.2,25,Intermediate
42,3,28,27,1,0.98,22.26,10,8,3,98.0,504.4,-236.7,116,Advanced
14,2,20,1,19,0.05,43.39,4,0,0,20.0,-325.0,120.9,8,Beginner
168,5,16,15,1,0.924,22.65,4,2,2,62.59,132.3,-353.7,142,Intermediate
372,2,11,6,5,0.583,43.01,4,3,2,96.22,484.0,440.4,69,Intermediate
76,2,16,16,0,0.971,23.76,5,6,5,98.0,784.7,151.5,2,Advanced
427,5,19,3,16,0.161,47.97,6,1,1,45.02,-72.1,171.0,147,Beginner
120,4,11,4,7,0.403,51.39,4,0,0,42.79,-32.5,63.7,31,Beginner
249,3,16,16,0,0.98,35.75,5,6,3,98.0,669.7,-332.9,139,Advanced
102,3,29,25,4,0.876,30.42,10,9,8,98.0,856.2,-346.4,110,Advanced
233,3,15,1,14,0.05,43.71,4,0,1,25.86,-282.0,556.0,135,Beginner
227,5,18,2,16,0.108,43.14,6,4,0,60.46,110.7,464.7,95,Beginner
3,3,23,23,0,0.98,32.35,7,7,2,90.97,480.7,-308.8,55,Advanced
284,3,28,1,27,0.052,71.17,6,1,1,37.76,-129.3,535.4,72,Beginner
394,1,29,17,12,0.603,41.63,10,8,1,82.62,272.6,193.5,113,Intermediate
469,1,27,23,4,0.842,22.76,9,7,3,75.06,357.2,-259.6,70,Intermediate
166,2,13,10,3,0.781,42.31,4,5,3,89.14,497.1,180.9,141,Advanced
441,2,12,12,0,0.963,30.18,4,3,0,85.05,403.5,-244.4,83,Advanced
440,2,25,23,2,0.914,32.86,8,7,2,82.57,341.0,-355.4,10,Advanced
495,4,28,20,8,0.707,35.78,10,9,9,98.0,742.8,569.4,11,Advanced
187,3,23,22,1,0.946,27.3,6,5,3,77.92,233.3,-341.0,67,Advanced
426,1,29,6,23,0.214,74.27,10,1,2,53.21,46.7,592.9,5,Beginner
283,3,24,22,2,0.915,30.3,8,8,5,98.0,802.4,48.7,56,Advanced
30,1,17,5,12,0.322,61.26,5,5,1,67.19,260.9,476.1,40,Beginner
136,3,27,26,1,0.98,31.86,9,9,5,98.0,540.4,164.3,127,Advanced
337,1,25,14,11,0.552,47.93,8,9,5,75.85,400.3,403.2,132,Intermediate
81,1,17,10,7,0.584,44.67,6,4,2,80.66,229.0,126.6,87,Intermediate
218,5,22,4,18,0.171,38.15,6,1,0,33.63,-178.6,107.1,121,Beginner
388,1,22,8,14,0.356,30.91,6,2,0,50.55,-48.7,33.8,150,Beginner
75,5,12,3,9,0.26,55.2,3,1,0,60.31,185.4,533.7,142,Beginner
249,3,15,15,0,0.979,25.06,5,5,3,98.0,669.7,-302.9,9,Advanced
108,5,14,1,13,0.087,29.01,0,0,0,20.0,-375.5,3.1,66,Beginner
269,1,15,4,11,0.267,62.73,5,5,0,69.22,207.6,519.4,47,Beginner
121,3,21,15,6,0.695,33.02,6,5,3,83.86,310.4,146.5,38,Intermediate
483,5,20,2,18,0.089,65.21,4,2,0,33.93,-155.1,518.2,83,Beginner
39,1,28,21,7,0.738,17.64,8,5,0,78.46,219.9,81.9,9,Intermediate
482,3,10,10,0,0.974,30.9,3,3,1,84.42,333.0,-237.2,33,Advanced
396,1,27,25,2,0.91,40.46,9,8,4,98.0,578.8,160.4,31,Advanced
428,2,15,3,12,0.18,43.76,1,0,0,24.89,-318.5,25.1,146,Beginner
426,5,17,14,3,0.833,26.43,6,4,2,63.1,46.7,-293.9,138,Intermediate
94,3,13,13,0,0.98,30.96,4,5,3,94.64,439.4,-234.4,105,Advanced
466,2,10,9,1,0.93,33.8,3,4,3,98.0,816.4,-225.3,66,Advanced
298,4,12,2,10,0.144,63.11,2,1,0,20.0,-282.9,524.4,92,Beginner
482,2,14,5,9,0.345,58.92,5,5,0,82.28,333.0,504.0,99,Beginner
440,1,18,16,2,0.904,38.62,5,5,2,84.14,341.0,17.2,21,Advanced
290,3,16,15,1,0.915,30.75,5,4,1,61.88,129.2,-297.9,31,Intermediate
188,4,12,10,2,0.797,26.51,4,2,1,72.68,251.6,87.7,119,Intermediate
59,1,17,10,7,0.601,60.8,6,6,3,98.0,615.3,572.5,138,Intermediate
51,1,13,1,12,0.05,57.33,4,4,0,63.38,213.4,533.2,146,Beginner
195,3,24,21,3,0.893,25.13,7,7,2,93.55,426.6,-377.8,38,Advanced
406,2,24,23,1,0.962,25.65,8,8,6,98.0,679.3,-306.0,121,Advanced
253,5,11,4,7,0.361,59.52,4,2,1,93.31,368.0,482.3,102,Intermediate
241,2,23,2,21,0.1,73.89,4,1,0,25.41,-276.9,587.0,85,Beginner
123,2,29,15,14,0.52,34.77,3,3,1,30.7,-292.9,-230.6,24,Beginner
283,3,29,24,5,0.818,60.64,10,10,8,98.0,802.4,585.8,103,Advanced
320,5,11,8,3,0.742,27.16,4,1,0,46.27,41.8,-318.5,16,Intermediate
492,4,29,28,1,0.964,34.72,10,10,8,98.0,676.5,-371.6,80,Advanced
365,4,18,3,15,0.15,60.48,5,1,1,55.48,59.7,522.0,52,Beginner
304,5,28,25,3,0.889,27.1,10,8,6,93.39,474.9,126.1,6,Advanced
456,5,14,4,10,0.263,51.68,3,2,0,37.69,-172.0,20.1,57,Beginner
213,3,24,2,22,0.092,54.22,8,5,0,77.09,196.0,531.8,131,Beginner
468,2,26,3,23,0.116,51.32,2,0,1,20.0,-420.5,422.9,116,Beginner
185,1,15,14,1,0.925,16.11,5,1,1,76.54,277.0,-270.9,36,Intermediate
64,3,25,19,6,0.754,38.05,7,6,2,42.56,157.9,0.2,112,Intermediate
209,4,13,2,11,0.16,70.27,4,5,1,73.65,243.8,574.0,48,Beginner
65,2,24,12,12,0.485,38.85,8,3,2,56.13,69.6,82.8,63,Beginner
60,3,29,17,12,0.578,42.64,10,10,4,98.0,525.8,494.9,138,Intermediate
441,3,16,5,11,0.33,55.09,5,6,1,98.0,403.5,537.8,77,Intermediate
398,3,30,29,1,0.98,22.78,10,10,6,98.0,469.5,-277.1,113,Advanced
111,5,24,12,12,0.492,26.79,6,0,0,20.0,-379.8,-340.8,149,Beginner
419,3,20,2,18,0.123,54.53,5,2,0,34.28,-75.8,481.5,83,Beginner
35,3,16,12,4,0.747,50.53,5,6,5,98.0,795.0,554.0,74,Advanced
143,3,21,19,2,0.892,20.66,7,6,2,96.5,342.8,-396.5,39,Advanced
354,2,30,26,4,0.883,28.22,10,6,1,48.41,56.9,-287.2,91,Intermediate
152,4,10,4,6,0.39,39.34,3,2,0,80.52,336.1,453.0,124,Beginner
366,4,28,27,1,0.979,36.8,10,6,0,56.87,140.7,-344.1,143,Intermediate
438,3,13,12,1,0.897,22.16,4,5,3,98.0,592.2,-393.1,81,Advanced
34,2,28,7,21,0.256,58.66,8,5,0,69.26,166.0,405.4,38,Beginner
12,5,21,1,20,0.05,59.77,6,0,0,58.09,68.6,507.9,82,Beginner
471,5,28,22,6,0.799,49.82,10,9,6,98.0,722.8,529.9,150,Advanced
261,4,13,11,2,0.873,20.98,4,5,1,76.59,370.1,64.5,29,Intermediate
254,5,11,9,2,0.809,21.83,2,1,1,51.18,-8.6,-277.6,92,Intermediate
232,3,20,4,16,0.209,53.31,7,6,3,89.68,402.6,597.1,66,Beginner
217,4,26,23,3,0.901,26.12,9,4,1,61.37,145.8,-220.7,112,Intermediate
346,2,26,25,1,0.956,34.18,9,5,1,76.59,217.4,-296.1,54,Intermediate
290,4,26,2,24,0.058,58.68,9,5,0,51.37,129.2,457.4,72,Beginner
82,1,26,3,23,0.121,54.09,8,5,1,59.1,138.6,566.0,45,Beginner
314,3,26,13,13,0.505,54.74,9,8,4,98.0,511.6,564.7,144,Intermediate
335,2,28,27,1,0.98,24.34,10,9,7,98.0,701.4,-348.4,72,Advanced
57,3,13,7,6,0.553,48.58,4,4,2,98.0,552.6,531.2,137,Intermediate
189,2,14,13,1,0.919,27.21,5,5,3,98.0,592.1,69.2,127,Advanced
396,5,10,9,1,0.911,37.85,3,4,2,98.0,578.8,192.7,77,Advanced
310,1,19,1,18,0.05,55.48,4,0,0,24.81,-109.3,554.8,48,Beginner
69,5,15,11,4,0.756,29.59,4,5,1,62.26,287.1,98.8,85,Intermediate
21,4,23,4,19,0.167,64.44,7,4,1,57.98,117.8,496.9,37,Beginner
291,5,21,6,15,0.3,43.49,7,3,0,50.27,-33.3,107.3,75,Beginner
231,2,22,16,6,0.708,51.14,7,8,5,98.0,719.7,435.7,133,Advanced
481,4,23,15,8,0.642,56.53,8,6,4,98.0,490.2,429.6,101,Intermediate
262,1,30,2,28,0.078,46.57,4,1,1,20.0,-500.0,428.4,116,Beginner
466,4,12,12,0,0.96,26.92,4,4,4,98.0,816.4,-296.7,83,Advanced
108,3,15,5,10,0.312,31.35,3,0,1,20.0,-375.5,-300.6,85,Beginner
224,4,18,1,17,0.05,47.17,5,3,0,46.7,53.3,438.0,90,Beginner
70,4,11,1,10,0.05,54.18,4,1,0,58.41,74.0,539.0,103,Beginner
288,3,27,1,26,0.05,57.89,9,7,0,42.85,111.3,551.9,43,Beginner
95,2,18,16,2,0.916,22.84,6,4,1,87.21,394.1,-337.4,13,Advanced
247,4,13,7,6,0.522,32.37,4,4,2,78.72,231.0,157.2,33,Intermediate
173,5,20,5,15,0.247,54.45,7,4,0,56.51,18.6,407.8,111,Beginner
93,2,14,7,7,0.479,70.75,5,5,2,91.43,434.3,524.2,144,Intermediate
49,5,18,17,1,0.969,12.82,6,6,5,98.0,577.2,-271.0,134,Advanced
257,3,23,21,2,0.927,35.09,8,8,5,96.08,500.6,53.1,143,Advanced
474,5,16,16,0,0.98,24.77,5,6,0,98.0,523.6,-232.1,71,Advanced
100,4,27,20,7,0.742,28.07,9,4,1,65.4,103.9,12.7,45,Intermediate
203,4,15,13,2,0.898,10.77,5,5,2,77.74,337.4,-214.0,127,Advanced
113,4,12,12,0,0.967,30.24,4,4,4,98.0,680.5,-219.9,61,Advanced
405,5,18,17,1,0.937,14.81,6,3,0,57.71,203.5,-362.9,86,Intermediate
208,5,14,1,13,0.05,67.18,4,1,0,55.37,2.0,579.5,140,Beginner
488,2,24,16,8,0.651,58.02,7,8,6,98.0,566.9,450.1,6,Advanced
123,4,21,1,20,0.05,52.47,5,2,0,20.0,-292.9,581.4,118,Beginner
41,4,13,10,3,0.78,39.12,4,5,1,84.79,282.1,77.3,2,Intermediate
292,3,17,12,5,0.683,32.19,6,4,0,67.14,179.5,58.0,90,Intermediate
326,2,28,27,1,0.98,10.84,10,8,6,85.93,423.0,1.2,20,Advanced
496,3,27,24,3,0.877,22.75,9,7,6,98.0,629.5,171.0,115,Advanced
436,2,23,23,0,0.98,30.01,7,6,6,98.0,518.1,94.6,145,Advanced
443,1,28,1,27,0.05,63.03,10,3,1,50.09,130.8,560.7,82,Beginner
318,5,12,8,4,0.658,33.93,4,4,2,98.0,516.7,415.6,144,Intermediate
180,4,25,7,18,0.266,54.59,6,4,1,63.19,203.5,452.4,104,Beginner
215,3,10,9,1,0.859,33.01,2,1,1,68.48,-52.5,-315.4,7,Intermediate
67,3,22,18,4,0.82,34.66,7,6,2,77.48,314.9,23.7,55,Intermediate
216,1,11,10,1,0.934,22.66,3,2,0,37.44,40.0,-370.1,56,Intermediate
183,2,17,17,0,0.98,29.32,5,1,0,64.1,5.0,-332.9,143,Intermediate
18,1,11,1,10,0.05,66.53,2,1,0,38.45,-106.7,512.0,143,Beginner
103,3,15,2,13,0.103,53.76,4,0,0,24.56,-270.5,197.9,117,Beginner
268,3,23,3,20,0.118,63.75,6,3,1,43.41,-92.1,468.8,83,Beginner
185,5,26,24,2,0.923,25.69,9,7,0,66.38,277.0,-303.0,10,Intermediate
497,5,29,8,21,0.289,57.08,7,8,1,57.96,257.3,535.9,119,Beginner
240,4,30,11,19,0.362,58.02,10,7,4,94.43,292.4,515.0,62,Intermediate
480,5,12,12,0,0.98,23.59,4,4,3,89.01,519.6,99.0,31,Advanced
331,2,29,14,15,0.467,60.04,9,10,1,98.0,416.8,494.0,128,Intermediate
21,1,15,11,4,0.742,15.75,5,4,0,65.56,117.8,-202.1,16,Intermediate
102,3,28,22,6,0.792,40.11,10,8,7,98.0,856.2,502.0,95,Advanced
353,1,28,13,15,0.451,49.35,10,7,3,88.02,422.0,452.1,50,Intermediate
273,5,29,17,12,0.588,50.18,10,9,4,98.0,561.8,466.1,124,Intermediate
151,1,20,12,8,0.581,57.79,7,7,4,98.0,621.4,595.8,104,Intermediate
262,5,25,1,24,0.05,57.02,4,0,1,20.0,-500.0,157.0,27,Beginner
452,4,18,4,14,0.224,58.04,6,5,3,82.31,273.6,535.9,140,Beginner
195,2,11,4,7,0.365,48.15,4,3,2,86.84,426.6,513.4,10,Intermediate
23,3,19,17,2,0.912,23.88,6,5,1,86.33,448.6,-295.4,118,Advanced
156,3,14,14,0,0.98,22.66,5,5,2,98.0,673.4,-206.2,78,Advanced
468,4,12,1,11,0.05,59.3,1,0,0,20.0,-420.5,416.1,62,Beginner
381,3,12,10,2,0.837,22.24,3,4,3,98.0,802.6,137.4,73,Advanced
419,3,14,6,8,0.412,34.24,2,3,0,58.66,-75.8,9.0,56,Beginner
456,3,26,2,24,0.077,67.59,5,1,0,20.0,-172.0,432.3,118,Beginner
59,1,30,28,2,0.938,26.19,10,9,6,98.0,615.3,1.0,131,Advanced
142,4,27,26,1,0.98,24.04,9,9,6,98.0,673.0,182.8,128,Advanced
30,2,23,16,7,0.677,32.72,8,6,3,68.2,260.9,143.6,78,Intermediate
3,2,28,27,1,0.963,14.26,10,8,4,93.33,480.7,113.1,141,Advanced
418,2,16,16,0,0.973,44.99,5,6,5,98.0,1167.9,585.9,69,Advanced
469,3,29,23,6,0.804,47.58,10,9,3,76.74,357.2,197.6,70,Intermediate
78,4,29,1,28,0.051,37.51,6,0,0,20.0,-290.1,147.3,43,Beginner
362,5,13,1,12,0.05,51.83,2,1,0,28.69,-324.7,597.7,122,Beginner
268,3,18,2,16,0.104,54.94,6,2,0,47.57,-92.1,526.2,104,Beginner
35,2,15,12,3,0.783,55.5,5,5,4,98.0,795.0,593.2,87,Advanced
458,5,12,12,0,0.98,37.24,3,2,0,50.74,88.9,-354.2,23,Intermediate
436,3,13,7,6,0.575,49.23,4,5,2,98.0,518.1,434.7,55,Intermediate
284,1,30,6,24,0.216,34.3,5,2,2,36.15,-129.3,131.0,59,Beginner
354,5,13,10,3,0.765,26.07,3,2,0,50.68,56.9,-282.9,87,Intermediate
199,5,23,21,2,0.916,39.7,8,8,5,98.0,684.1,65.0,113,Advanced
397,2,28,11,17,0.394,48.06,9,9,5,96.31,424.1,463.4,26,Intermediate
223,2,25,21,4,0.82,29.5,8,9,1,71.32,244.0,18.6,102,Intermediate
495,2,19,13,6,0.661,52.18,6,6,5,98.0,742.8,599.9,86,Advanced
32,2,10,9,1,0.854,14.08,3,2,2,82.29,313.5,-251.1,20,Advanced
87,1,18,16,2,0.91,31.89,5,4,2,87.02,323.4,-254.7,33,Advanced
485,1,15,9,6,0.572,38.61,4,1,0,53.95,26.2,5.1,54,Beginner
145,1,28,9,19,0.311,27.7,8,1,0,47.16,0.0,145.6,85,Beginner
156,2,29,20,9,0.677,37.11,10,10,8,98.0,673.4,501.4,60,Advanced
396,1,14,11,3,0.767,37.33,5,4,2,98.0,578.8,424.8,111,Advanced
95,1,13,5,8,0.409,60.82,4,5,3,98.0,394.1,541.9,36,Intermediate
257,5,27,26,1,0.98,19.64,9,9,3,90.69,500.6,-314.0,65,Advanced
144,2,28,20,8,0.729,31.36,10,7,5,98.0,437.3,73.5,31,Advanced
99,5,30,29,1,0.965,23.65,10,7,3,60.53,236.3,-270.2,35,Intermediate
483,3,26,1,25,0.05,61.09,4,2,0,42.2,-155.1,556.8,77,Beginner
100,3,19,15,4,0.766,29.12,5,3,0,55.26,103.9,-294.7,31,Intermediate
48,4,17,4,13,0.241,42.98,5,3,0,58.47,21.4,143.7,51,Beginner
337,1,11,3,8,0.312,57.75,4,2,3,98.0,400.3,585.6,100,Intermediate
434,4,28,22,6,0.782,36.04,10,8,3,88.33,368.9,159.9,92,Intermediate
64,3,30,29,1,0.956,26.42,8,8,2,65.41,157.9,-391.6,108,Intermediate
354,5,29,25,4,0.861,24.22,8,4,2,54.91,56.9,-337.4,97,Intermediate
271,5,22,17,5,0.795,30.25,7,6,0,74.68,284.5,120.7,142,Intermediate
416,4,28,23,5,0.838,38.72,10,8,3,98.0,439.9,5.5,144,Advanced
64,1,10,9,1,0.888,21.8,3,2,0,64.92,157.9,-384.3,62,Intermediate
488,5,18,9,9,0.489,61.93,6,6,4,89.29,566.9,559.0,89,Intermediate
310,4,12,1,11,0.056,40.42,4,1,0,46.15,-109.3,175.5,15,Beginner
422,1,22,20,2,0.888,37.21,7,7,6,98.0,708.8,189.7,124,Advanced
181,1,10,10,0,0.98,37.39,3,4,2,98.0,655.9,-255.1,89,Advanced
472,5,16,14,2,0.891,26.27,4,5,4,98.0,799.3,106.6,137,Advanced
314,5,18,18,0,0.98,20.23,6,5,1,91.88,511.6,-272.9,19,Advanced
64,3,12,12,0,0.98,21.91,4,4,1,59.5,157.9,-351.2,64,Intermediate
462,5,11,9,2,0.787,28.07,4,3,1,77.19,256.0,16.7,78,Intermediate
398,3,28,21,7,0.737,35.7,10,8,3,82.21,469.5,185.8,27,Intermediate
151,5,15,9,6,0.624,49.37,5,5,5,98.0,621.4,537.0,45,Advanced
273,3,30,12,18,0.393,47.99,10,9,6,98.0,561.8,533.3,42,Intermediate
195,4,17,16,1,0.913,38.58,6,5,3,98.0,426.6,-389.1,99,Advanced
272,1,11,11,0,0.967,23.5,4,3,1,85.47,298.6,-240.1,103,Advanced
483,5,12,1,11,0.111,52.76,2,1,0,28.7,-155.1,457.2,98,Beginner
450,1,24,1,23,0.05,63.56,4,3,0,25.16,-113.1,475.6,49,Beginner
108,2,10,0,10,0.05,66.8,1,0,0,20.0,-375.5,564.9,20,Beginner
486,3,29,26,3,0.902,34.79,10,9,5,98.0,510.9,-278.7,20,Advanced
219,4,15,13,2,0.865,39.33,5,5,1,64.68,123.2,-255.1,120,Intermediate
353,4,22,22,0,0.98,27.32,7,7,3,96.98,422.0,-220.8,21,Advanced
383,4,19,1,18,0.075,56.6,5,1,0,20.04,-249.3,500.6,128,Beginner
242,5,10,5,5,0.536,24.32,3,1,0,71.68,178.1,151.9,51,Beginner
229,4,24,18,6,0.76,23.19,8,5,0,55.65,178.1,18.0,93,Intermediate
229,1,10,6,4,0.554,38.4,3,2,0,75.29,178.1,140.4,22,Intermediate
432,4,26,21,5,0.811,17.46,9,3,2,49.64,88.8,-301.4,124,Intermediate
194,2,20,8,12,0.422,24.52,5,3,0,41.65,74.4,74.7,138,Beginner
140,3,16,16,0,0.98,25.36,5,5,3,98.0,548.3,-247.5,143,Advanced
181,4,29,25,4,0.854,33.19,10,9,5,98.0,655.9,81.6,1,Advanced
98,2,14,8,6,0.564,44.42,5,5,2,98.0,486.2,422.3,138,Intermediate
196,2,15,9,6,0.623,41.5,5,1,0,57.4,223.6,130.7,35,Intermediate
58,2,23,20,3,0.878,29.22,8,5,3,94.51,395.3,-346.5,88,Advanced
45,2,17,8,9,0.461,55.07,6,6,4,98.0,494.6,440.4,140,Intermediate
362,5,20,1,19,0.05,70.41,3,0,1,20.0,-324.7,402.8,97,Beginner
39,2,26,21,5,0.814,43.36,9,7,1,79.11,219.9,-261.0,122,Intermediate
285,3,29,20,9,0.689,35.49,6,5,2,49.28,-100.9,-205.4,36,Beginner
390,4,26,20,6,0.756,27.3,9,6,0,75.98,217.7,46.4,139,Intermediate
363,2,11,10,1,0.897,25.33,4,3,0,66.02,333.5,-370.6,96,Intermediate
224,1,29,22,7,0.746,37.87,10,6,1,46.11,53.3,-236.4,132,Intermediate
97,2,18,18,0,0.98,18.7,6,5,2,78.88,153.8,-347.7,2,Advanced
466,1,27,26,1,0.98,35.03,9,8,9,98.0,816.4,-200.9,64,Advanced
418,3,16,15,1,0.907,28.29,4,6,5,98.0,1167.9,130.8,123,Advanced
307,1,22,4,18,0.167,48.37,6,1,0,20.0,-235.7,179.8,14,Beginner
44,2,30,29,1,0.96,19.25,10,6,2,69.83,249.3,-300.8,34,Intermediate
18,3,29,2,27,0.072,50.83,8,3,0,48.87,-106.7,542.6,125,Beginner
158,2,23,20,3,0.877,22.95,8,6,2,93.13,311.4,-244.1,143,Advanced
79,2,22,19,3,0.844,34.02,7,8,7,98.0,817.9,-378.8,57,Advanced
431,4,10,5,5,0.506,26.0,3,1,0,39.75,-146.7,-228.6,24,Beginner
103,3,22,4,18,0.196,71.98,2,2,1,27.96,-270.5,559.7,18,Beginner
142,4,18,14,4,0.765,37.38,6,6,6,98.0,673.0,405.8,124,Advanced
488,5,10,9,1,0.928,22.65,3,3,3,97.06,566.9,135.5,117,Advanced
410,2,29,28,1,0.98,26.68,10,9,7,98.0,722.6,-354.0,100,Advanced
110,2,19,18,1,0.922,30.14,6,2,1,74.12,136.0,-295.8,4,Intermediate
192,3,26,24,2,0.906,26.82,8,7,2,68.32,185.8,-230.0,54,Intermediate
258,1,10,7,3,0.67,47.33,3,4,3,98.0,605.8,473.0,33,Advanced
333,4,15,15,0,0.98,36.12,5,4,1,90.65,389.6,-387.9,84,Advanced
469,1,28,6,22,0.21,55.75,10,8,4,87.81,357.2,519.1,99,Beginner
436,2,29,25,4,0.874,26.82,10,8,4,98.0,518.1,126.1,131,Advanced
489,5,10,3,7,0.275,28.62,3,1,0,57.92,23.4,68.3,37,Beginner
21,4,28,1,27,0.05,69.67,9,5,0,55.64,117.8,571.2,86,Beginner
119,3,16,14,2,0.859,21.92,5,6,3,98.0,590.1,-263.3,10,Advanced
282,1,14,3,11,0.193,55.63,5,2,2,64.01,199.1,523.7,28,Beginner
25,5,30,27,3,0.912,32.61,8,6,1,63.08,111.7,-340.2,103,Intermediate
178,3,21,6,15,0.278,70.58,5,3,3,71.88,313.4,523.8,84,Beginner
77,5,26,20,6,0.76,30.93,9,6,1,67.25,185.9,10.5,46,Intermediate
467,4,12,12,0,0.968,23.94,4,4,0,69.69,249.7,-379.2,72,Intermediate
32,5,25,5,20,0.181,55.24,7,8,1,81.55,313.5,506.7,138,Beginner
75,1,17,16,1,0.955,21.71,6,2,1,74.43,185.4,-337.5,49,Intermediate
98,5,24,23,1,0.968,22.41,8,8,4,98.0,486.2,-319.4,10,Advanced
75,4,23,6,17,0.264,56.79,8,7,0,84.23,185.4,549.2,16,Beginner
285,2,11,2,9,0.154,50.92,2,0,0,46.28,-100.9,164.4,53,Beginner
183,5,28,4,24,0.139,54.18,6,3,3,48.67,5.0,410.9,82,Beginner
457,3,16,15,1,0.919,38.8,4,6,3,98.0,556.4,113.6,135,Advanced
131,4,17,7,10,0.411,34.08,5,1,0,53.55,5.3,33.3,83,Beginner
269,5,26,25,1,0.98,22.72,8,6,2,76.39,207.6,-238.1,12,Advanced
331,3,28,27,1,0.98,33.85,10,7,3,81.8,416.8,-214.2,29,Advanced
313,4,28,17,11,0.623,45.3,9,8,5,98.0,475.0,401.0,132,Intermediate
399,5,19,16,3,0.823,25.44,4,3,3,45.4,50.6,-280.8,21,Intermediate
101,4,17,12,5,0.677,32.52,6,2,0,69.96,156.4,53.5,126,Intermediate
254,4,27,23,4,0.837,37.54,9,4,0,57.94,-8.6,-269.6,118,Intermediate
401,5,15,15,0,0.98,28.95,3,3,2,60.37,79.7,-213.7,20,Intermediate
432,5,23,15,8,0.661,40.2,6,3,1,40.28,88.8,11.8,84,Beginner
309,4,14,6,8,0.443,51.1,4,5,3,93.11,573.7,568.2,84,Intermediate
326,1,14,9,5,0.611,54.5,5,5,1,96.8,423.0,407.7,16,Intermediate
433,4,21,3,18,0.129,57.63,6,2,0,30.43,0.6,437.4,18,Beginner
313,2,28,27,1,0.98,31.08,10,9,4,98.0,475.0,-399.8,29,Advanced
475,3,16,9,7,0.579,38.93,5,2,1,61.22,33.4,0.4,140,Beginner
64,2,25,24,1,0.98,18.83,6,5,0,74.87,157.9,-269.4,10,Intermediate
174,2,10,8,2,0.823,46.28,3,4,3,98.0,747.2,515.0,148,Advanced
57,5,24,22,2,0.932,31.6,8,8,6,98.0,552.6,-326.2,91,Advanced
46,2,18,7,11,0.39,47.31,4,2,1,55.62,39.5,124.2,53,Beginner
236,1,11,10,1,0.942,33.67,4,2,0,56.57,183.5,-363.6,47,Intermediate
113,4,21,16,5,0.775,46.29,7,7,5,98.0,680.5,488.2,145,Advanced
204,4,15,14,1,0.938,53.87,5,5,4,98.0,967.8,510.9,65,Advanced
219,5,23,2,21,0.085,52.72,7,4,0,67.84,123.2,492.6,42,Beginner
311,1,10,9,1,0.937,14.44,3,4,2,90.14,441.6,-328.0,139,Advanced
473,5,17,1,16,0.05,58.71,4,0,0,50.33,-55.9,558.6,91,Beginner
425,5,14,4,10,0.289,42.93,1,0,0,30.07,-303.1,-242.2,113,Beginner
190,2,16,16,0,0.98,17.3,5,6,1,98.0,612.2,-255.0,37,Advanced
163,5,10,10,0,0.974,14.61,3,4,2,98.0,498.2,-298.9,148,Advanced
386,5,15,14,1,0.907,12.86,5,5,4,91.69,544.2,-322.2,4,Advanced
62,1,11,10,1,0.928,31.21,4,3,2,88.95,357.6,0.4,144,Advanced
271,1,23,21,2,0.914,14.77,8,4,2,83.61,284.5,-243.0,53,Advanced
212,4,19,5,14,0.26,44.56,4,2,1,54.79,-35.2,115.4,2,Beginner
92,3,15,2,13,0.125,43.05,3,0,0,30.47,-236.6,146.6,67,Beginner
309,5,22,17,5,0.768,40.42,7,7,3,98.0,573.7,452.3,62,Advanced
161,5,29,2,27,0.07,53.75,7,2,1,30.59,-47.9,561.1,30,Beginner
93,1,21,17,4,0.799,32.61,7,7,4,97.9,434.3,129.0,129,Advanced
327,5,15,14,1,0.917,19.78,5,2,0,71.5,176.7,-305.1,78,Intermediate
88,5,18,4,14,0.242,58.07,5,3,2,86.59,293.7,554.0,4,Beginner
337,4,26,25,1,0.978,27.71,9,8,5,98.0,400.3,-212.6,140,Advanced
82,2,12,11,1,0.947,30.44,3,2,1,56.75,138.6,-208.0,72,Intermediate
218,4,16,9,7,0.569,38.79,3,1,0,44.2,-178.6,-207.8,123,Beginner
404,3,19,19,0,0.98,28.16,6,6,4,98.0,542.8,56.4,16,Advanced
115,2,23,23,0,0.98,20.99,8,6,3,84.27,357.7,49.3,62,Advanced
384,1,22,19,3,0.855,33.51,7,8,7,98.0,998.2,152.9,105,Advanced
361,4,24,24,0,0.98,33.48,8,8,6,98.0,767.8,113.9,63,Advanced
452,2,29,25,4,0.863,27.62,9,9,2,79.64,273.6,35.6,3,Intermediate
85,2,13,13,0,0.98,27.02,4,5,1,98.0,594.5,113.6,131,Advanced
358,2,20,14,6,0.695,45.57,5,2,0,40.53,-44.6,-248.7,92,Beginner
469,1,17,15,2,0.854,21.04,6,3,1,90.6,357.2,85.1,86,Advanced
382,2,11,11,0,0.961,34.57,4,3,3,98.0,827.3,177.6,28,Advanced
94,5,12,11,1,0.908,39.13,4,2,1,98.0,439.4,143.9,63,Advanced
412,4,23,23,0,0.98,22.51,8,7,1,92.47,287.8,-289.0,131,Advanced
54,1,20,20,0,0.975,25.69,7,7,3,98.0,619.6,56.3,42,Advanced
295,2,16,13,3,0.811,25.58,5,4,0,49.89,-5.9,-202.5,26,Intermediate
249,4,29,27,2,0.943,24.9,10,10,7,98.0,669.7,-356.4,141,Advanced
266,5,16,15,1,0.914,31.2,5,6,3,98.0,462.0,-362.5,55,Advanced
260,3,22,14,8,0.635,34.12,5,5,2,58.89,197.1,124.6,74,Intermediate
16,5,30,19,11,0.628,51.82,5,1,0,42.52,-144.0,-262.2,3,Beginner
255,1,24,10,14,0.435,49.96,7,5,4,95.87,507.2,546.2,49,Intermediate
469,5,25,21,4,0.849,34.54,8,7,2,87.32,357.2,-373.6,140,Advanced
219,1,15,1,14,0.096,62.35,5,2,2,54.37,123.2,520.1,135,Beginner
139,4,29,26,3,0.885,25.66,10,9,3,95.16,388.1,-211.2,150,Advanced
498,1,19,13,6,0.703,39.97,5,6,0,62.83,162.0,10.6,103,Intermediate
50,5,16,14,2,0.871,28.21,4,6,4,98.0,913.2,413.1,113,Advanced
244,2,25,2,23,0.098,45.27,3,0,1,20.0,-322.9,59.5,133,Beginner
257,2,21,21,0,0.98,19.89,7,7,3,96.21,500.6,-222.8,13,Advanced
239,4,12,1,11,0.085,41.58,4,1,0,33.73,-195.7,140.1,46,Beginner
461,1,10,6,4,0.598,43.31,3,4,2,98.0,592.8,475.2,15,Intermediate
211,3,12,3,9,0.232,52.98,4,3,0,97.43,330.4,597.6,147,Beginner
487,2,13,13,0,0.98,13.33,4,5,2,98.0,603.5,-344.2,90,Advanced
34,3,14,3,11,0.219,55.99,5,1,0,62.07,166.0,419.2,131,Beginner
367,2,17,7,10,0.394,40.01,6,4,0,59.19,123.8,175.5,91,Beginner
297,5,14,11,3,0.801,24.69,4,0,1,50.19,0.5,-293.7,96,Intermediate
121,3,28,18,10,0.636,42.31,10,8,3,89.01,310.4,196.0,103,Intermediate
114,4,30,28,2,0.946,28.3,9,10,7,98.0,697.0,6.7,147,Advanced
360,1,30,20,10,0.679,27.19,10,6,3,75.31,282.6,41.6,131,Intermediate
319,4,13,1,12,0.05,82.37,4,2,0,58.34,87.4,573.0,66,Beginner
306,2,21,21,0,0.98,32.06,7,4,1,75.53,131.9,-372.1,95,Intermediate
26,3,12,7,5,0.611,50.22,4,2,0,70.0,120.0,52.4,76,Intermediate
299,5,24,24,0,0.98,23.07,8,8,6,98.0,555.9,30.8,27,Advanced
491,4,12,8,4,0.706,32.31,3,0,0,22.24,-280.1,-376.4,90,Beginner
9,2,16,8,8,0.494,28.1,4,5,0,74.15,126.8,115.8,57,Beginner
235,2,14,9,5,0.644,45.24,5,5,4,98.0,619.9,500.7,118,Advanced
248,5,20,13,7,0.637,30.89,5,5,2,69.6,140.3,92.0,132,Intermediate
449,2,17,16,1,0.923,47.32,6,1,0,61.35,51.3,-278.2,106,Intermediate
142,1,21,15,6,0.705,45.88,7,7,6,98.0,673.0,576.4,27,Advanced
238,2,14,1,13,0.097,53.61,4,2,0,68.92,43.0,428.9,138,Beginner
359,1,20,1,19,0.06,50.6,7,2,0,47.37,-6.7,562.3,50,Beginner
31,4,11,1,10,0.05,47.89,3,0,1,20.0,-359.5,96.4,71,Beginner
401,5,10,4,6,0.445,31.67,3,1,0,63.38,79.7,115.6,95,Beginner
412,3,12,7,5,0.587,43.69,4,4,2,67.81,287.8,191.3,86,Intermediate
360,4,15,2,13,0.166,45.86,4,3,0,77.85,282.6,556.2,116,Beginner
325,5,26,12,14,0.453,52.57,9,9,6,98.0,540.3,565.2,63,Intermediate
374,5,16,9,7,0.54,34.6,5,5,4,98.0,503.0,452.2,99,Intermediate
391,1,20,18,2,0.892,28.13,6,6,2,91.32,416.3,132.2,119,Advanced
452,1,24,20,4,0.851,22.89,8,7,3,89.3,273.6,-391.8,78,Advanced
215,2,25,10,15,0.386,32.87,6,4,0,38.13,-52.5,45.4,108,Beginner
229,2,22,18,4,0.837,22.27,7,7,1,57.66,178.1,-206.3,128,Intermediate
319,1,13,11,2,0.816,33.04,3,2,0,54.05,87.4,-251.6,144,Intermediate
97,1,23,9,14,0.392,55.92,8,4,0,71.34,153.8,191.9,79,Beginner
429,5,16,11,5,0.709,37.73,5,4,1,85.24,285.1,157.7,146,Intermediate
386,1,22,6,16,0.279,48.71,6,8,3,98.0,544.2,588.4,69,Intermediate
316,3,30,2,28,0.062,59.43,5,2,1,33.79,-235.1,510.8,84,Beginner
151,1,11,7,4,0.603,48.0,4,3,3,98.0,621.4,550.9,22,Intermediate
174,4,11,8,3,0.719,52.25,4,3,4,98.0,747.2,519.8,6,Advanced
218,4,15,1,14,0.063,63.59,3,0,0,24.57,-178.6,584.9,68,Beginner
332,3,19,15,4,0.813,14.8,6,4,0,50.99,110.9,-266.0,88,Intermediate
390,2,20,15,5,0.726,38.15,7,7,0,69.96,217.7,45.5,74,Intermediate
336,1,16,12,4,0.727,34.11,5,3,0,61.47,51.7,-205.0,98,Intermediate
465,3,28,27,1,0.98,36.19,9,5,0,62.35,104.5,-285.8,43,Intermediate
481,4,10,10,0,0.98,21.28,3,3,3,98.0,490.2,-296.6,11,Advanced
353,1,21,7,14,0.316,58.69,7,6,2,83.76,422.0,570.2,108,Beginner
186,5,21,1,20,0.05,49.07,7,2,0,66.05,-45.9,464.8,28,Beginner
300,5,26,17,9,0.672,45.24,9,8,5,98.0,598.0,458.2,48,Advanced
213,4,21,2,19,0.109,61.21,7,4,1,70.57,196.0,533.7,131,Beginner
315,5,12,1,11,0.067,57.65,4,3,0,62.19,41.7,599.9,2,Beginner
407,2,16,16,0,0.978,27.3,5,6,4,98.0,660.5,-207.0,65,Advanced
185,4,13,3,10,0.196,58.84,4,4,0,71.25,277.0,540.2,96,Beginner
253,4,19,6,13,0.336,50.92,6,4,3,93.27,368.0,505.4,139,Intermediate
23,4,29,13,16,0.44,60.52,10,9,3,84.14,448.6,482.1,52,Intermediate
369,4,18,18,0,0.974,23.26,6,4,4,89.15,252.2,-395.9,49,Advanced
245,1,17,10,7,0.597,31.39,5,1,0,38.87,-133.8,-234.7,31,Beginner
230,5,19,3,16,0.166,46.99,6,5,2,83.94,359.6,559.6,148,Beginner
267,4,13,13,0,0.98,28.96,4,3,0,61.43,227.6,-212.7,33,Intermediate
108,1,27,2,25,0.079,44.19,3,2,0,20.0,-375.5,183.5,102,Beginner
299,4,23,23,0,0.98,38.24,8,7,4,98.0,555.9,166.2,131,Advanced
373,5,24,22,2,0.931,15.72,8,7,4,98.0,475.9,-201.0,113,Advanced
175,1,17,17,0,0.98,29.26,5,3,2,56.33,44.6,-293.9,78,Intermediate
66,5,15,12,3,0.797,31.02,5,5,4,98.0,762.0,529.9,90,Advanced
194,2,19,4,15,0.202,58.75,6,4,0,60.53,74.4,418.0,51,Beginner
100,2,15,1,14,0.085,57.52,4,4,0,79.3,103.9,521.1,82,Beginner
187,3,10,10,0,0.962,27.7,3,3,0,69.8,233.3,-308.9,114,Intermediate
314,4,25,24,1,0.942,20.7,8,8,4,98.0,511.6,-289.4,110,Advanced
57,1,28,26,2,0.916,18.79,9,9,3,98.0,552.6,15.2,25,Advanced
374,2,14,13,1,0.925,30.27,5,4,3,94.67,503.0,192.2,31,Advanced
113,5,23,22,1,0.949,26.24,8,7,7,98.0,680.5,-334.3,108,Advanced
448,2,29,3,26,0.108,65.27,8,4,0,54.43,51.0,575.2,74,Beginner
367,2,25,5,20,0.207,56.72,8,6,1,66.88,123.8,433.8,67,Beginner
137,4,27,19,8,0.69,30.38,9,5,2,53.8,223.9,159.6,143,Intermediate
282,2,28,18,10,0.632,48.45,10,6,2,71.1,199.1,126.8,25,Intermediate
56,1,15,10,5,0.686,33.33,5,3,2,77.68,324.7,92.9,135,Intermediate
50,3,11,10,1,0.928,20.54,4,3,3,98.0,913.2,-310.3,82,Advanced
479,1,26,23,3,0.894,28.85,6,3,1,44.35,47.1,-326.0,140,Intermediate
402,2,26,10,16,0.373,42.5,9,0,0,53.46,63.8,154.5,75,Beginner
78,4,14,2,12,0.168,44.43,2,0,0,20.0,-290.1,143.6,121,Beginner
142,4,28,27,1,0.98,25.97,10,8,6,98.0,673.0,89.2,35,Advanced
99,5,10,1,9,0.123,66.14,3,2,0,60.52,236.3,561.3,118,Beginner
198,5,17,17,0,0.98,39.1,5,0,0,47.08,-37.1,-316.2,32,Intermediate
146,1,30,28,2,0.926,10.65,10,10,9,98.0,897.6,-336.5,139,Advanced
165,3,17,8,9,0.484,41.57,3,1,0,20.0,-250.4,-252.2,87,Beginner
265,1,25,22,3,0.874,25.04,8,8,0,69.1,234.8,-356.9,115,Intermediate
95,5,10,7,3,0.696,34.35,3,4,2,83.21,394.1,148.0,138,Intermediate
442,1,20,2,18,0.108,67.07,6,5,0,79.58,292.5,543.9,14,Beginner
364,4,26,3,23,0.121,37.17,7,1,0,29.23,-162.8,418.8,51,Beginner
381,1,27,26,1,0.98,34.15,9,9,9,98.0,802.6,101.5,87,Advanced
85,1,19,17,2,0.888,35.22,6,7,3,98.0,594.5,38.3,3,Advanced
355,5,11,11,0,0.957,20.08,4,2,0,53.4,172.1,-353.9,6,Intermediate
419,1,21,7,14,0.353,29.49,4,1,0,51.51,-75.8,74.0,100,Beginner
88,3,25,20,5,0.808,36.38,8,7,3,89.75,293.7,-355.6,27,Intermediate
376,3,19,7,12,0.359,44.56,6,7,0,95.32,339.7,545.1,75,Beginner
179,4,30,19,11,0.647,35.76,10,7,2,53.72,84.4,33.0,102,Intermediate
394,5,16,16,0,0.98,32.06,5,5,3,87.64,272.6,-313.7,117,Advanced
240,3,27,26,1,0.98,27.68,8,6,3,82.49,292.4,-316.4,139,Advanced
402,4,25,19,6,0.76,29.71,7,3,1,49.8,63.8,-322.7,4,Intermediate
74,5,19,1,18,0.05,59.48,1,0,1,20.0,-263.4,578.1,3,Beginner
195,1,12,12,0,0.98,28.14,4,4,1,91.28,426.6,-376.5,7,Advanced
137,3,17,16,1,0.93,20.3,6,3,0,73.21,223.9,-225.6,114,Intermediate
125,2,26,25,1,0.98,20.85,9,9,8,98.0,931.9,-334.6,13,Advanced
155,5,28,7,21,0.233,54.42,10,3,0,58.67,86.9,415.3,69,Beginner
192,4,19,13,6,0.674,23.37,5,3,1,65.79,185.8,97.1,3,Intermediate
64,4,16,11,5,0.677,34.05,5,4,0,76.6,157.9,14.8,124,Intermediate
354,1,26,14,12,0.522,18.4,8,6,0,54.78,56.9,69.6,123,Beginner
276,5,29,24,5,0.833,27.44,10,10,7,98.0,637.0,-354.4,96,Advanced
415,1,12,1,11,0.084,61.83,3,1,1,29.2,-190.6,500.8,146,Beginner
353,3,16,16,0,0.98,19.34,5,5,1,91.3,422.0,-268.5,89,Advanced
75,4,26,24,2,0.94,16.63,9,7,1,57.64,185.4,-262.7,103,Intermediate
35,5,12,12,0,0.98,26.91,3,4,4,98.0,795.0,139.2,64,Advanced
212,2,30,24,6,0.803,32.38,7,5,0,66.05,-35.2,-258.3,148,Intermediate
241,2,14,8,6,0.597,33.86,1,0,0,20.0,-276.9,-337.7,53,Beginner
121,1,20,8,12,0.414,45.5,7,6,2,83.21,310.4,469.3,37,Intermediate
392,4,20,15,5,0.747,30.27,7,6,0,84.66,319.2,62.5,76,Intermediate
291,1,17,15,2,0.905,29.31,4,1,0,54.77,-33.3,-281.9,27,Intermediate
374,4,12,12,0,0.98,31.94,4,4,2,98.0,503.0,129.4,101,Advanced
55,1,10,5,5,0.458,44.96,3,4,2,98.0,415.9,487.1,89,Intermediate
408,3,17,16,1,0.922,25.99,6,4,0,84.22,323.0,-289.5,57,Intermediate
104,3,15,15,0,0.974,31.32,5,5,1,98.0,399.9,-352.5,3,Advanced
225,3,29,25,4,0.863,30.43,10,8,7,98.0,457.3,34.8,74,Advanced
220,2,23,18,5,0.794,30.11,8,4,1,90.9,285.6,6.5,80,Intermediate
411,1,11,2,9,0.173,68.55,4,3,1,73.37,231.7,514.4,90,Beginner
139,4,25,20,5,0.806,29.7,7,7,2,91.99,388.1,61.2,7,Intermediate
121,5,22,21,1,0.934,19.01,7,7,2,78.09,310.4,-389.6,1,Advanced
170,2,12,6,6,0.466,26.92,4,2,0,55.91,46.3,16.2,118,Beginner
181,3,18,18,0,0.98,28.96,5,6,3,98.0,655.9,80.8,33,Advanced
91,1,25,24,1,0.966,16.6,5,2,0,32.42,-9.6,-313.5,135,Intermediate
89,1,23,17,6,0.737,34.17,7,7,1,68.61,197.5,138.8,28,Intermediate
116,2,22,19,3,0.878,28.15,7,7,1,83.5,263.8,-381.1,55,Intermediate
234,4,20,7,13,0.364,57.93,7,7,1,77.82,386.2,439.2,132,Beginner
172,4,24,15,9,0.63,34.98,7,6,5,95.02,529.1,434.0,19,Intermediate
197,4,28,9,19,0.339,41.91,10,5,0,55.16,-40.8,122.2,135,Beginner
360,1,13,4,9,0.323,49.8,4,3,1,89.01,282.6,406.0,3,Beginner
121,1,18,4,14,0.24,60.07,6,5,2,76.07,310.4,593.2,27,Beginner
455,2,27,26,1,0.95,26.7,8,7,2,59.58,81.9,-310.0,45,Intermediate
376,2,20,12,8,0.606,34.87,7,3,0,83.34,339.7,173.9,105,Intermediate
88,3,13,9,4,0.669,46.22,3,3,2,88.78,293.7,180.3,88,Intermediate
157,3,12,10,2,0.871,33.61,4,2,1,68.1,223.6,-322.9,63,Intermediate
92,1,25,2,23,0.091,58.52,2,1,1,23.31,-236.6,106.1,85,Beginner
137,5,20,19,1,0.929,24.83,7,3,1,83.12,223.9,-378.6,83,Advanced
183,4,26,3,23,0.11,56.59,8,3,2,42.47,5.0,524.8,120,Beginner
66,2,12,11,1,0.956,18.29,4,4,2,98.0,762.0,4.7,62,Advanced
8,4,22,1,21,0.05,52.57,4,2,0,51.24,1.7,443.4,140,Beginner
220,2,22,21,1,0.958,33.97,7,8,2,90.75,285.6,40.8,71,Advanced
351,1,19,17,2,0.895,30.98,6,4,2,82.26,418.1,-327.4,127,Advanced
152,4,18,7,11,0.372,56.21,6,5,0,77.92,336.1,447.9,104,Beginner
431,1,15,11,4,0.72,25.37,3,1,0,40.07,-146.7,-266.2,61,Beginner
185,2,26,25,1,0.965,20.36,9,9,2,83.68,277.0,-219.8,44,Advanced
451,2,16,13,3,0.829,46.44,5,6,3,98.0,543.7,190.4,76,Advanced
118,5,18,13,5,0.748,39.37,6,6,5,98.0,754.7,506.2,4,Advanced
270,3,28,24,4,0.844,38.97,10,5,3,78.06,270.3,37.6,51,Intermediate
382,4,23,23,0,0.98,27.73,8,8,5,98.0,827.3,-209.1,76,Advanced
30,5,10,10,0,0.954,19.77,3,3,0,76.91,260.9,-337.0,55,Intermediate
466,5,11,10,1,0.866,16.61,4,3,4,98.0,816.4,-329.1,15,Advanced
183,4,21,19,2,0.897,21.19,7,2,0,39.94,5.0,-355.4,90,Intermediate
249,2,24,24,0,0.98,30.56,8,8,6,98.0,669.7,78.2,144,Advanced
315,3,19,15,4,0.774,20.57,6,4,2,50.99,41.7,-242.0,66,Intermediate
322,1,30,28,2,0.936,35.78,10,9,8,98.0,775.8,-351.9,52,Advanced
12,3,27,10,17,0.366,40.21,8,4,0,71.59,68.6,172.8,106,Beginner
434,3,19,9,10,0.45,56.56,6,6,1,79.44,368.9,464.2,4,Intermediate
312,5,14,13,1,0.921,29.24,5,2,2,75.89,349.5,-205.0,135,Advanced
500,1,10,10,0,0.98,36.25,3,3,0,87.98,318.1,-243.8,73,Advanced
236,4,10,10,0,0.98,22.59,3,2,0,63.18,183.5,-214.0,114,Intermediate
307,2,22,1,21,0.05,56.89,6,0,0,32.73,-235.7,429.9,49,Beginner
221,1,17,14,3,0.798,16.32,6,3,1,61.44,130.1,-218.7,31,Intermediate
445,3,13,11,2,0.857,27.32,3,1,0,54.15,4.7,-304.2,103,Intermediate
417,5,11,4,7,0.345,51.75,4,1,0,38.95,15.0,188.8,44,Beginner
455,3,19,18,1,0.948,27.04,6,2,1,61.83,81.9,-334.6,106,Intermediate
253,1,22,22,0,0.98,41.09,7,7,3,88.54,368.0,-341.5,105,Advanced
396,2,10,8,2,0.839,28.54,3,4,1,98.0,578.8,-256.6,105,Advanced
180,4,18,10,8,0.538,36.07,5,3,0,60.48,203.5,199.0,119,Beginner
231,2,19,14,5,0.758,33.12,6,7,5,98.0,719.7,143.8,59,Advanced
381,2,11,11,0,0.98,16.18,4,3,3,98.0,802.6,43.6,148,Advanced
41,2,28,11,17,0.407,45.3,10,7,2,73.96,282.1,416.5,129,Beginner
356,1,14,13,1,0.935,16.38,5,5,1,98.0,540.9,-390.3,70,Advanced
8,4,12,1,11,0.05,59.48,3,0,0,56.52,1.7,522.0,8,Beginner
291,2,12,1,11,0.069,54.28,3,0,0,60.35,-33.3,401.9,7,Beginner
239,2,20,3,17,0.136,67.14,5,2,0,37.95,-195.7,503.0,71,Beginner
235,2,24,14,10,0.572,52.5,7,8,6,98.0,619.9,595.1,5,Intermediate
248,4,15,11,4,0.729,26.97,4,5,1,62.08,140.3,75.5,143,Intermediate
246,5,26,19,7,0.736,39.43,7,3,0,43.82,-59.6,-249.8,64,Beginner
204,4,15,15,0,0.98,7.47,4,5,4,98.0,967.8,91.1,63,Advanced
226,3,13,11,2,0.816,25.17,4,5,2,98.0,680.8,-392.9,79,Advanced
285,4,23,6,17,0.249,40.0,7,4,0,48.87,-100.9,50.8,148,Beginner
382,2,26,23,3,0.867,24.83,9,9,7,98.0,827.3,-224.7,90,Advanced
277,5,25,17,8,0.689,34.16,6,0,2,20.0,-270.4,-363.0,107,Beginner
322,4,21,17,4,0.791,42.85,7,7,5,98.0,775.8,448.5,84,Advanced
419,5,28,4,24,0.128,60.08,6,3,1,42.16,-75.8,442.4,62,Beginner
495,2,27,26,1,0.98,22.4,8,8,6,98.0,742.8,49.2,14,Advanced
55,1,15,13,2,0.863,20.99,5,4,1,84.32,415.9,124.8,103,Advanced
357,4,23,22,1,0.942,25.71,8,8,5,98.0,512.3,28.2,75,Advanced
113,2,11,8,3,0.743,35.28,4,3,3,98.0,680.5,429.5,143,Advanced
99,2,11,9,2,0.831,23.35,4,3,2,67.22,236.3,14.7,21,Intermediate
397,4,19,16,3,0.823,39.05,6,7,5,94.74,424.1,121.2,128,Advanced
35,3,24,24,0,0.98,41.44,8,7,8,98.0,795.0,160.9,101,Advanced
424,4,22,22,0,0.98,35.72,7,7,2,92.88,421.7,51.8,30,Advanced
386,2,13,7,6,0.538,56.5,4,5,2,98.0,544.2,507.3,78,Intermediate
498,1,25,6,19,0.233,57.04,6,6,1,53.82,162.0,486.5,123,Beginner
334,3,22,9,13,0.423,42.41,7,1,0,50.71,-53.3,15.5,106,Beginner
437,5,25,24,1,0.955,31.03,8,8,6,92.91,475.7,81.5,35,Advanced
60,3,22,19,3,0.865,39.01,7,7,4,98.0,525.8,13.6,104,Advanced
445,5,28,6,22,0.223,37.23,7,4,0,65.85,4.7,183.0,15,Beginner
81,5,17,1,16,0.073,65.11,6,3,1,61.68,229.0,584.7,21,Beginner
158,5,10,4,6,0.44,42.03,3,3,1,85.87,311.4,427.8,61,Intermediate
65,3,22,9,13,0.387,44.24,4,1,1,65.98,69.6,136.5,10,Beginner
201,2,30,29,1,0.98,14.86,10,10,7,98.0,742.1,57.0,89,Advanced
375,5,12,1,11,0.093,38.39,3,0,1,23.44,-212.2,186.7,28,Beginner
135,3,30,25,5,0.836,17.64,9,1,2,42.32,-47.3,-354.5,47,Intermediate
412,2,26,15,11,0.595,36.5,9,8,2,73.27,287.8,147.9,89,Intermediate
304,3,10,3,7,0.26,56.94,3,3,1,98.0,474.9,554.8,128,Intermediate
315,4,21,11,10,0.53,49.65,5,2,1,61.31,41.7,9.4,22,Beginner
470,2,16,15,1,0.937,24.26,5,6,4,98.0,833.4,-386.8,49,Advanced
216,5,23,1,22,0.05,62.31,7,5,0,61.43,40.0,466.4,65,Beginner
173,2,26,2,24,0.067,61.54,9,4,1,63.07,18.6,551.8,19,Beginner
498,2,17,17,0,0.98,30.0,5,5,0,69.65,162.0,-299.7,30,Intermediate
279,1,20,9,11,0.452,43.53,7,3,1,61.64,74.4,189.7,75,Beginner
308,5,10,8,2,0.813,36.39,3,2,0,73.66,284.2,35.1,59,Intermediate
149,5,10,1,9,0.058,54.15,2,0,0,20.0,-232.5,583.3,96,Beginner
108,2,25,14,11,0.551,15.84,5,0,1,20.0,-375.5,-376.5,131,Beginner
85,3,17,17,0,0.972,27.82,6,6,4,98.0,594.5,-267.8,42,Advanced
112,4,28,26,2,0.929,19.0,10,9,4,98.0,501.9,156.2,26,Advanced
98,4,22,21,1,0.974,34.08,7,7,3,98.0,486.2,-270.5,135,Advanced
374,4,18,16,2,0.914,25.94,5,6,3,95.91,503.0,115.1,53,Advanced
29,2,28,1,27,0.05,49.33,9,5,0,51.92,-22.3,449.2,10,Beginner
315,1,11,10,1,0.941,44.48,2,2,0,65.94,41.7,-365.1,138,Intermediate
475,5,27,9,18,0.34,34.26,9,3,1,58.67,33.4,37.1,90,Beginner
383,5,11,1,10,0.072,58.06,2,0,0,35.81,-249.3,526.6,146,Beginner
202,5,29,12,17,0.425,38.77,9,3,2,70.38,95.9,49.4,127,Beginner
30,1,21,15,6,0.725,38.96,7,5,1,66.32,260.9,111.5,95,Intermediate
418,4,19,17,2,0.885,35.03,6,7,6,98.0,1167.9,61.6,122,Advanced
2,2,23,23,0,0.98,15.76,8,4,0,56.2,112.6,-364.3,21,Intermediate
341,2,26,25,1,0.96,28.65,9,4,0,66.46,253.2,-376.3,98,Intermediate
336,3,15,6,9,0.425,36.08,5,1,0,52.88,51.7,106.5,25,Beginner
96,2,12,9,3,0.772,28.88,4,4,2,98.0,372.3,190.3,7,Advanced
370,3,30,25,5,0.831,26.35,9,3,1,54.59,89.4,-270.9,124,Intermediate
88,3,20,20,0,0.98,12.22,7,6,1,65.3,293.7,-237.6,13,Intermediate
113,5,16,14,2,0.875,48.1,5,5,3,98.0,680.5,413.1,3,Advanced
406,5,29,27,2,0.915,22.87,10,10,7,98.0,679.3,-276.8,73,Advanced
490,4,10,0,10,0.05,53.25,1,0,0,20.0,-500.0,442.5,56,Beginner
133,5,27,25,2,0.924,25.39,9,9,7,96.64,629.9,41.7,142,Advanced
461,3,10,9,1,0.942,23.74,3,4,0,98.0,592.8,0.3,103,Advanced
457,1,23,20,3,0.874,32.88,8,8,5,98.0,556.4,-368.8,12,Advanced
385,5,10,9,1,0.855,18.37,3,2,0,53.78,-24.6,-381.7,23,Intermediate
71,2,13,8,5,0.625,31.99,4,3,0,71.76,253.3,133.1,128,Intermediate
150,3,16,1,15,0.05,59.13,3,0,0,55.51,3.2,558.5,120,Beginner
339,2,13,12,1,0.936,17.44,4,4,1,93.86,365.4,-295.3,122,Advanced
500,5,10,8,2,0.798,33.37,3,3,0,75.55,318.1,114.3,41,Intermediate
408,2,24,20,4,0.832,23.67,8,8,2,81.33,323.0,47.8,144,Intermediate
211,4,25,24,1,0.978,15.07,8,8,3,78.24,330.4,-270.2,73,Advanced
118,4,16,15,1,0.967,32.19,5,6,4,98.0,754.7,102.9,23,Advanced
481,3,24,22,2,0.936,35.73,8,7,4,94.12,490.2,-303.8,132,Advanced
139,3,16,14,2,0.898,30.07,5,5,4,79.1,388.1,86.7,16,Advanced
172,1,14,11,3,0.758,24.18,5,4,3,98.0,529.1,-350.3,19,Advanced
483,5,27,2,25,0.091,45.92,6,4,0,43.37,-155.1,196.9,57,Beginner
281,2,21,16,5,0.755,24.09,7,2,0,51.94,-21.4,-256.5,124,Intermediate
133,2,10,10,0,0.958,34.79,3,4,2,98.0,629.9,48.5,78,Advanced
3,2,24,19,5,0.804,33.77,8,5,4,98.0,480.7,182.1,23,Advanced
215,2,18,2,16,0.098,40.56,5,1,1,45.09,-52.5,425.5,129,Beginner
494,4,11,4,7,0.352,50.94,4,0,0,47.7,24.8,170.7,78,Beginner
217,3,15,1,14,0.05,62.49,5,3,0,57.62,145.8,465.3,139,Beginner
350,5,16,15,1,0.966,29.11,5,5,4,82.58,452.7,-234.9,91,Advanced
127,5,10,9,1,0.856,12.58,3,3,3,98.0,692.0,196.8,49,Advanced
388,2,25,21,4,0.826,27.71,5,2,0,42.48,-48.7,-281.6,19,Intermediate
388,5,14,3,11,0.191,50.12,5,1,1,31.49,-48.7,168.0,124,Beginner
305,4,13,10,3,0.768,33.28,4,4,2,96.62,367.4,98.9,16,Advanced
386,5,13,6,7,0.467,49.81,4,5,1,98.0,544.2,483.6,126,Intermediate
290,1,25,10,15,0.406,47.51,7,3,0,70.66,129.2,190.5,113,Beginner
190,3,20,17,3,0.866,29.77,7,7,6,98.0,612.2,109.8,62,Advanced
369,4,27,23,4,0.846,33.33,9,5,1,68.87,252.2,-384.3,87,Intermediate
418,2,19,18,1,0.963,26.03,6,7,6,98.0,1167.9,-299.9,69,Advanced
421,4,24,11,13,0.466,52.04,8,6,4,94.53,403.0,475.1,7,Intermediate
107,4,19,17,2,0.913,32.31,6,1,0,59.75,119.9,-235.7,133,Intermediate
339,1,22,19,3,0.85,22.11,7,5,1,97.05,365.4,-307.4,114,Advanced
3,5,28,9,19,0.331,49.03,10,6,4,98.0,480.7,595.5,132,Intermediate
286,5,22,2,20,0.098,58.58,6,2,0,40.46,-140.6,498.7,88,Beginner
286,2,20,4,16,0.212,44.87,5,2,0,27.06,-140.6,77.8,145,Beginner
182,1,28,27,1,0.973,37.08,10,9,7,98.0,689.9,162.9,10,Advanced
498,1,23,3,20,0.134,61.11,8,6,0,75.79,162.0,444.3,92,Beginner
442,1,29,27,2,0.923,24.42,10,6,2,61.74,292.5,-243.9,137,Intermediate
20,1,23,8,15,0.349,36.92,8,3,0,51.05,17.8,92.1,74,Beginner
105,2,24,5,19,0.219,35.18,3,1,0,25.8,-253.7,14.1,71,Beginner
104,4,20,8,12,0.392,55.44,7,6,2,86.08,399.9,511.4,125,Intermediate
449,4,27,2,25,0.066,43.46,7,4,0,54.85,51.3,423.9,54,Beginner
260,3,16,11,5,0.657,35.63,4,4,0,73.08,197.1,123.9,13,Intermediate
365,4,21,17,4,0.804,45.68,6,5,2,51.27,59.7,-329.3,41,Intermediate
405,1,28,15,13,0.544,27.23,9,7,0,77.4,203.5,164.6,131,Intermediate
384,5,14,12,2,0.855,26.0,5,5,3,98.0,998.2,-346.1,46,Advanced
45,1,19,8,11,0.412,53.34,6,7,1,98.0,494.6,500.9,33,Intermediate
71,2,10,8,2,0.844,28.63,3,2,1,68.72,253.3,-224.3,66,Intermediate
198,4,21,16,5,0.766,20.62,5,3,0,45.57,-37.1,-291.3,71,Intermediate
170,1,17,2,15,0.138,59.29,4,5,0,71.52,46.3,439.4,142,Beginner
374,3,21,18,3,0.853,29.46,7,7,4,94.24,503.0,190.1,103,Advanced
79,5,14,12,2,0.829,33.42,5,5,3,98.0,817.9,487.8,118,Advanced
186,2,27,21,6,0.789,34.25,8,2,1,31.37,-45.9,-287.8,5,Beginner
119,4,30,16,14,0.532,50.67,10,10,6,98.0,590.1,462.4,129,Intermediate
95,4,21,21,0,0.98,18.13,7,7,4,85.07,394.1,-390.1,59,Advanced
87,1,22,17,5,0.793,21.09,7,6,0,89.93,323.4,-362.9,15,Intermediate
98,1,19,15,4,0.792,29.63,6,5,4,98.0,486.2,195.7,44,Advanced
283,1,16,15,1,0.944,13.39,5,6,3,98.0,802.4,-336.0,98,Advanced
206,1,19,3,16,0.158,45.58,3,0,2,20.0,-319.3,15.2,11,Beginner
218,3,20,15,5,0.756,34.3,6,1,0,31.7,-178.6,-359.2,113,Beginner
240,2,26,25,1,0.947,22.57,9,8,3,76.61,292.4,-387.5,26,Advanced
371,3,24,4,20,0.152,60.8,4,0,0,47.34,-188.7,568.5,127,Beginner
431,2,16,15,1,0.927,28.65,4,2,0,26.37,-146.7,-373.1,24,Intermediate
264,2,22,12,10,0.542,40.52,7,7,1,67.53,216.0,187.3,133,Intermediate
322,1,29,24,5,0.818,35.44,10,10,8,98.0,775.8,506.3,113,Advanced
370,4,18,16,2,0.91,28.83,4,3,0,63.53,89.4,-338.7,30,Intermediate
346,1,27,3,24,0.112,48.95,9,8,1,62.62,217.4,512.9,61,Beginner
68,5,19,19,0,0.976,29.67,6,7,2,98.0,491.5,-279.1,13,Advanced
492,1,12,12,0,0.98,19.61,4,4,4,98.0,676.5,61.8,7,Advanced
83,5,13,10,3,0.776,15.8,4,5,3,98.0,574.7,-384.6,54,Advanced
206,4,16,1,15,0.05,60.36,2,1,0,21.77,-319.3,556.0,34,Beginner
327,5,22,15,7,0.664,36.31,7,3,1,67.51,176.7,135.2,116,Intermediate
202,5,29,15,14,0.532,36.88,9,4,1,60.56,95.9,92.6,109,Beginner
122,3,18,6,12,0.354,47.7,6,6,3,88.86,381.9,508.6,45,Intermediate
462,1,15,13,2,0.838,26.32,5,4,0,79.76,256.0,-313.2,34,Intermediate
36,4,23,2,21,0.099,60.98,7,4,1,41.98,-14.4,508.7,133,Beginner
123,4,16,2,14,0.121,69.42,4,1,0,20.0,-292.9,575.9,66,Beginner
497,5,19,4,15,0.217,56.94,6,3,0,82.3,257.3,494.4,98,Beginner
365,2,14,1,13,0.077,49.64,4,1,0,55.95,59.7,401.3,99,Beginner
44,5,16,5,11,0.313,41.88,5,4,2,58.88,249.3,411.3,104,Beginner
378,5,11,8,3,0.729,16.86,2,1,0,40.26,-59.4,-302.1,145,Beginner
485,4,21,1,20,0.05,62.1,4,2,0,64.86,26.2,535.6,106,Beginner
49,2,20,14,6,0.692,52.92,7,7,2,98.0,577.2,480.4,10,Intermediate
208,2,13,4,9,0.327,37.99,3,1,0,45.95,2.0,192.4,61,Beginner
235,1,25,22,3,0.898,26.69,8,9,5,98.0,619.9,-253.1,34,Advanced
66,5,14,11,3,0.768,41.61,5,5,4,98.0,762.0,460.8,37,Advanced
101,3,23,20,3,0.871,30.24,8,4,0,56.33,156.4,-300.0,34,Intermediate
87,2,12,9,3,0.755,39.64,4,4,1,85.77,323.4,140.6,128,Intermediate
93,1,10,8,2,0.799,13.34,3,3,1,93.83,434.3,87.2,133,Advanced
202,3,12,11,1,0.957,33.61,3,2,1,56.68,95.9,-230.2,31,Intermediate
232,1,20,6,14,0.307,55.81,6,7,1,84.16,402.6,518.4,83,Beginner
119,5,13,13,0,0.976,21.18,4,5,4,98.0,590.1,-284.5,68,Advanced
145,2,16,1,15,0.05,57.4,4,2,0,44.36,0.0,566.4,113,Beginner
97,3,21,4,17,0.189,55.6,5,5,1,59.77,153.8,458.3,130,Beginner
399,4,23,8,15,0.354,39.67,7,4,0,53.12,50.6,192.0,69,Beginner
106,4,26,2,24,0.076,48.23,9,7,0,70.93,217.5,465.1,63,Beginner
454,1,18,16,2,0.902,19.95,5,6,1,98.0,492.6,-319.3,71,Advanced
270,1,12,2,10,0.136,52.23,4,3,2,84.47,270.3,575.8,75,Beginner
402,2,30,2,28,0.05,70.56,10,5,1,63.22,63.8,572.8,147,Beginner
319,4,26,25,1,0.98,25.63,9,5,1,78.18,87.4,-364.8,20,Intermediate
134,5,27,16,11,0.587,66.4,9,9,6,98.0,661.7,570.0,25,Intermediate
301,5,29,27,2,0.941,35.55,10,9,4,98.0,563.8,199.5,59,Advanced
138,2,24,19,5,0.805,37.16,7,6,2,81.03,351.9,140.6,60,Intermediate
60,4,30,16,14,0.532,42.28,10,8,4,98.0,525.8,498.0,74,Intermediate
128,1,20,17,3,0.835,29.28,7,7,0,81.89,304.9,82.6,149,Intermediate
138,1,21,15,6,0.73,29.79,7,5,4,68.96,351.9,67.3,88,Intermediate
68,3,22,21,1,0.946,20.44,7,8,4,98.0,491.5,-329.7,40,Advanced
12,1,20,7,13,0.357,35.92,7,2,1,59.0,68.6,130.9,40,Beginner
472,1,19,16,3,0.818,48.6,6,7,5,98.0,799.3,529.1,17,Advanced
257,5,16,15,1,0.917,27.98,4,6,3,94.27,500.6,-228.0,3,Advanced
202,5,26,16,10,0.6,22.9,8,2,1,62.21,95.9,28.2,45,Intermediate
465,4,16,15,1,0.926,27.34,5,3,0,58.29,104.5,-331.9,106,Intermediate
113,2,29,21,8,0.724,51.26,9,10,6,98.0,680.5,521.3,126,Advanced
202,1,25,12,13,0.468,34.12,6,7,0,62.33,95.9,127.1,105,Beginner
424,1,30,28,2,0.946,21.87,9,7,5,93.39,421.7,29.1,150,Advanced
317,3,23,17,6,0.759,29.84,8,3,0,67.39,89.9,-207.6,38,Intermediate
200,5,22,16,6,0.741,13.11,7,4,1,70.52,203.1,51.7,94,Intermediate
128,3,17,4,13,0.236,50.52,6,5,2,85.32,304.9,418.8,116,Beginner
18,5,24,1,23,0.05,57.15,7,2,1,29.67,-106.7,186.3,149,Beginner
43,5,22,22,0,0.98,12.2,7,8,5,98.0,663.3,155.8,44,Advanced
81,4,18,1,17,0.054,65.77,5,3,1,66.68,229.0,576.1,27,Beginner
394,1,11,8,3,0.735,34.32,3,2,1,84.49,272.6,66.0,147,Intermediate
320,2,10,4,6,0.397,23.21,3,3,0,56.28,41.8,22.3,95,Beginner
217,2,14,13,1,0.898,28.9,4,2,1,65.67,145.8,-304.4,118,Intermediate
392,3,24,23,1,0.964,31.91,8,6,4,88.0,319.2,-298.5,89,Advanced
81,4,29,7,22,0.229,45.92,9,5,2,55.78,229.0,456.7,22,Beginner
106,5,29,1,28,0.05,54.91,10,7,3,67.16,217.5,570.0,20,Beginner
197,5,21,1,20,0.05,56.53,7,3,1,51.89,-40.8,440.2,48,Beginner
459,3,28,3,25,0.096,67.73,9,7,0,78.11,127.3,575.8,93,Beginner
308,5,10,9,1,0.852,23.24,3,3,0,78.22,284.2,1.8,144,Intermediate
426,5,28,24,4,0.863,26.33,8,5,0,35.17,46.7,-260.7,81,Intermediate
125,1,30,29,1,0.98,20.53,10,10,10,98.0,931.9,8.0,79,Advanced
425,4,18,1,17,0.05,59.53,2,1,0,20.0,-303.1,521.7,114,Beginner
37,3,10,3,7,0.272,66.68,3,4,0,90.4,315.2,585.4,104,Beginner
114,5,24,22,2,0.925,32.71,8,8,6,98.0,697.0,199.8,125,Advanced
262,5,10,1,9,0.099,54.14,1,0,0,20.0,-500.0,444.1,46,Beginner
26,1,23,5,18,0.203,53.67,8,6,0,69.71,120.0,418.2,34,Beginner
430,4,16,1,15,0.05,53.63,1,1,0,20.0,-422.8,518.0,102,Beginner
434,5,21,7,14,0.324,48.05,7,7,3,81.3,368.9,522.2,17,Beginner
271,4,29,17,12,0.603,45.01,10,6,2,84.21,284.5,178.6,117,Intermediate
153,5,13,5,8,0.405,44.89,0,2,0,20.0,-324.1,-307.5,139,Beginner
50,4,10,9,1,0.92,15.19,2,4,3,98.0,913.2,80.9,99,Advanced
310,4,22,17,5,0.757,32.65,6,4,0,34.83,-109.3,-296.2,112,Beginner
269,5,24,1,23,0.05,64.56,8,5,0,68.28,207.6,539.1,81,Beginner
380,5,16,10,6,0.656,25.39,4,1,2,78.77,215.1,104.4,55,Intermediate
302,1,13,5,8,0.378,38.08,2,2,1,46.62,109.0,184.6,34,Beginner
65,4,24,15,9,0.615,29.6,7,4,0,65.79,69.6,40.0,81,Beginner
61,2,24,22,2,0.906,40.4,8,6,7,98.0,706.5,62.6,136,Advanced
391,3,29,26,3,0.882,45.39,10,9,2,88.51,416.3,177.1,124,Advanced
80,4,28,27,1,0.977,18.45,10,8,3,95.64,454.7,-338.8,56,Advanced
470,4,25,21,4,0.85,34.92,8,8,7,98.0,833.4,528.2,25,Advanced
53,1,10,7,3,0.7,36.68,3,2,0,45.5,85.6,7.5,149,Beginner
365,5,15,9,6,0.6,40.36,4,1,0,48.92,59.7,83.8,1,Beginner
488,4,23,22,1,0.935,33.61,8,8,5,91.53,566.9,-239.9,28,Advanced
221,4,19,10,9,0.518,27.17,5,4,1,52.19,130.1,81.3,82,Beginner
29,4,11,1,10,0.08,67.09,3,0,0,34.79,-22.3,597.9,126,Beginner
439,3,21,2,19,0.082,51.49,7,5,0,84.73,249.4,511.0,14,Beginner
94,2,25,21,4,0.859,29.26,8,9,1,83.66,439.4,-313.2,37,Intermediate
264,3,25,5,20,0.212,59.25,6,7,0,71.27,216.0,561.9,145,Beginner
493,2,29,5,24,0.187,67.91,10,3,0,71.9,129.6,435.6,11,Beginner
373,5,13,12,1,0.89,28.03,4,5,3,98.0,475.9,-387.5,31,Advanced
24,1,30,29,1,0.98,22.7,10,5,5,73.12,254.8,-386.9,6,Advanced
411,1,21,18,3,0.834,26.21,7,5,0,70.84,231.7,-220.4,111,Intermediate
81,4,16,5,11,0.282,52.09,4,2,0,74.34,229.0,430.9,50,Beginner
375,4,28,15,13,0.541,23.17,8,2,0,45.68,-212.2,-280.6,107,Beginner
311,3,12,12,0,0.98,41.82,4,4,0,97.47,441.6,69.9,3,Advanced
144,3,10,3,7,0.312,65.98,3,4,2,98.0,437.3,545.1,25,Intermediate
212,1,25,1,24,0.05,58.16,6,5,0,64.62,-35.2,522.8,18,Beginner
59,5,25,20,5,0.801,36.22,7,8,6,98.0,615.3,172.0,4,Advanced
494,5,11,3,8,0.231,70.14,3,0,0,61.66,24.8,437.4,2,Beginner
120,2,28,23,5,0.806,35.37,7,5,0,50.58,-32.5,-333.3,35,Intermediate
155,1,27,4,23,0.143,53.66,8,4,0,62.39,86.9,451.0,129,Beginner
252,3,26,25,1,0.95,24.28,9,9,2,71.66,293.7,-372.0,82,Intermediate
337,2,18,16,2,0.911,12.88,6,6,3,81.0,400.3,-258.8,114,Advanced
253,1,29,2,27,0.085,62.93,10,7,1,82.7,368.0,567.0,19,Beginner
253,1,12,11,1,0.934,33.6,4,4,0,93.85,368.0,-341.6,135,Advanced
292,4,26,24,2,0.931,33.65,9,4,2,74.62,179.5,-332.6,142,Intermediate
429,2,27,18,9,0.668,41.62,9,7,2,89.17,285.1,181.0,90,Intermediate
198,4,20,19,1,0.933,30.38,6,1,0,46.21,-37.1,-259.5,118,Intermediate
417,2,17,16,1,0.915,19.37,6,1,0,55.8,15.0,-314.4,62,Intermediate
394,4,20,18,2,0.876,30.06,6,4,2,81.6,272.6,14.4,34,Intermediate
481,2,11,6,5,0.554,42.52,4,3,1,98.0,490.2,437.3,132,Intermediate
457,3,10,6,4,0.6,47.77,3,3,1,98.0,556.4,415.8,17,Intermediate
400,4,17,12,5,0.733,23.11,5,1,1,31.76,-63.6,-256.7,59,Beginner
124,2,10,8,2,0.784,34.42,3,2,1,87.86,390.8,109.2,11,Intermediate
388,5,23,1,22,0.063,64.47,7,1,1,44.3,-48.7,411.3,46,Beginner
369,4,23,21,2,0.911,27.63,8,6,1,84.29,252.2,-242.7,123,Intermediate
145,2,27,19,8,0.721,29.22,7,1,0,59.87,0.0,-285.5,112,Intermediate
339,5,15,15,0,0.98,31.29,5,5,2,87.71,365.4,-367.0,133,Advanced
127,3,27,25,2,0.94,41.2,9,8,8,98.0,692.0,111.6,123,Advanced
262,4,16,3,13,0.194,37.34,0,0,0,20.0,-500.0,-277.1,79,Beginner
399,2,21,1,20,0.05,57.95,6,5,1,63.33,50.6,409.5,145,Beginner
95,1,26,8,18,0.316,63.87,9,7,3,88.61,394.1,502.2,85,Intermediate
169,3,17,8,9,0.466,37.21,0,1,0,20.0,-307.0,-325.5,98,Beginner
398,3,12,9,3,0.777,17.83,4,4,3,93.55,469.5,152.7,64,Advanced
227,4,27,26,1,0.95,20.1,9,1,0,72.86,110.7,-362.4,45,Intermediate
481,4,15,14,1,0.917,30.16,5,4,1,96.91,490.2,-369.0,120,Advanced
4,4,14,7,7,0.467,51.19,5,4,2,95.84,495.7,555.8,138,Intermediate
361,3,24,22,2,0.925,39.63,7,8,6,98.0,767.8,132.7,132,Advanced
408,1,21,6,15,0.272,67.78,7,6,2,79.19,323.0,500.9,111,Beginner
459,3,10,5,5,0.537,32.02,2,1,0,72.28,127.3,105.9,48,Beginner
79,5,29,28,1,0.977,17.67,9,10,6,98.0,817.9,-250.1,124,Advanced
493,5,20,10,10,0.49,32.96,7,4,0,63.01,129.6,95.9,136,Beginner
197,1,15,13,2,0.878,24.4,4,1,0,50.24,-40.8,-298.2,69,Intermediate
177,5,11,8,3,0.707,55.38,2,3,3,98.0,711.2,481.3,37,Advanced
178,1,24,4,20,0.172,52.39,8,6,4,82.21,313.4,590.7,99,Beginner
320,1,25,5,20,0.206,48.88,7,4,1,47.16,41.8,197.3,34,Beginner
330,1,25,24,1,0.942,39.66,8,9,8,98.0,1040.4,144.1,147,Advanced
237,3,23,23,0,0.98,35.41,8,8,3,98.0,548.7,121.7,128,Advanced
36,1,28,2,26,0.089,63.58,7,3,0,51.71,-14.4,555.0,99,Beginner
494,4,22,22,0,0.98,24.42,7,2,1,38.14,24.8,-384.6,79,Intermediate
112,3,15,14,1,0.929,37.84,5,5,4,96.69,501.9,-261.4,27,Advanced
47,5,14,14,0,0.98,23.18,5,4,3,92.08,479.8,-233.0,8,Advanced
299,2,18,16,2,0.902,32.41,6,4,2,98.0,555.9,24.9,3,Advanced
207,2,25,23,2,0.918,24.67,8,9,4,98.0,636.0,25.2,16,Advanced
308,3,10,10,0,0.958,12.03,3,2,2,74.73,284.2,-222.7,64,Advanced
438,1,16,16,0,0.98,28.72,5,6,5,98.0,592.2,151.2,44,Advanced
49,3,19,17,2,0.912,25.4,6,5,3,98.0,577.2,45.5,53,Advanced
143,3,21,21,0,0.98,23.9,7,6,3,92.03,342.8,-255.8,27,Advanced
259,4,13,4,9,0.33,47.46,4,3,1,85.27,313.3,449.4,109,Beginner
394,3,11,9,2,0.822,33.19,3,2,0,86.11,272.6,33.7,150,Intermediate
301,1,29,25,4,0.859,35.58,10,7,6,98.0,563.8,141.8,1,Advanced
192,2,12,7,5,0.605,31.71,4,4,1,54.1,185.8,92.1,108,Intermediate
306,1,11,10,1,0.935,22.84,4,3,0,67.93,131.9,-352.3,134,Intermediate
490,5,14,1,13,0.074,49.54,1,1,1,20.0,-500.0,451.3,66,Beginner
241,3,17,1,16,0.06,44.34,2,0,0,20.0,-276.9,75.8,86,Beginner
442,2,14,10,4,0.703,39.43,4,2,1,76.69,292.5,58.9,122,Intermediate
390,2,27,1,26,0.05,67.46,9,8,0,77.62,217.7,526.2,96,Beginner
151,1,12,10,2,0.829,38.01,4,4,4,98.0,621.4,405.1,45,Advanced
125,3,12,12,0,0.963,59.26,4,4,4,98.0,931.9,556.2,48,Advanced
386,1,12,10,2,0.809,22.36,4,4,3,98.0,544.2,-343.8,5,Advanced
104,4,23,22,1,0.955,17.79,7,7,3,98.0,399.9,-394.9,121,Advanced
169,2,28,1,27,0.05,46.67,6,2,1,33.94,-307.0,431.5,55,Beginner
118,1,13,13,0,0.98,18.1,4,5,2,97.85,754.7,20.9,132,Advanced
304,1,21,8,13,0.37,56.87,7,6,4,98.0,474.9,556.2,54,Intermediate
148,1,17,8,9,0.482,49.82,6,5,2,98.0,463.9,503.1,78,Intermediate
330,2,23,21,2,0.92,20.48,8,8,7,98.0,1040.4,-232.5,22,Advanced
468,1,23,4,19,0.179,31.98,3,0,1,20.0,-420.5,-207.9,11,Beginner
415,1,16,4,12,0.262,32.08,3,3,0,41.0,-190.6,41.0,95,Beginner
474,2,22,22,0,0.98,18.67,6,6,3,98.0,523.6,-382.3,109,Advanced
13,3,11,1,10,0.05,47.35,2,0,0,20.0,-302.7,19.4,58,Beginner
228,2,20,7,13,0.352,69.57,7,6,0,90.09,395.6,566.8,95,Beginner
111,3,30,2,28,0.05,59.71,5,1,1,20.0,-379.8,158.7,45,Beginner
459,3,28,1,27,0.05,66.55,10,4,2,58.1,127.3,596.5,104,Beginner
356,3,11,10,1,0.891,28.73,4,3,2,98.0,540.9,177.1,91,Advanced
161,1,11,1,10,0.099,50.82,2,3,0,52.39,-47.9,418.5,128,Beginner
282,5,27,23,4,0.841,30.25,8,6,1,64.31,199.1,-301.5,109,Intermediate
303,1,14,1,13,0.05,58.01,5,4,0,59.14,200.0,563.2,132,Beginner
248,5,23,2,21,0.094,59.09,6,3,0,58.93,140.3,472.1,149,Beginner
238,2,21,18,3,0.858,39.28,6,3,1,47.19,43.0,-342.1,55,Intermediate
28,3,18,18,0,0.98,29.71,6,4,2,87.69,425.3,62.8,133,Advanced
227,1,16,2,14,0.132,70.98,4,5,0,47.25,110.7,439.8,69,Beginner
175,2,25,23,2,0.939,18.14,7,1,0,56.35,44.6,-313.5,3,Intermediate
410,5,15,11,4,0.722,52.34,5,4,4,98.0,722.6,569.5,144,Advanced
433,4,26,4,22,0.16,63.37,8,3,0,43.57,0.6,573.4,23,Beginner
376,4,14,5,9,0.324,42.85,5,5,0,78.75,339.7,419.8,18,Beginner
16,2,28,6,22,0.214,46.29,9,2,0,34.11,-144.0,75.6,82,Beginner
421,5,24,17,7,0.695,43.7,8,3,5,83.01,403.0,156.5,105,Intermediate
199,4,21,15,6,0.697,66.32,7,5,6,98.0,684.1,583.8,70,Advanced
209,2,12,8,4,0.655,41.12,4,1,0,67.27,243.8,189.5,92,Intermediate
473,4,14,13,1,0.933,13.0,5,0,0,40.2,-55.9,-389.2,131,Intermediate
434,2,23,22,1,0.941,28.24,8,5,1,80.79,368.9,-395.1,86,Advanced
26,1,22,1,21,0.05,65.02,7,6,1,70.06,120.0,549.5,123,Beginner
180,4,12,8,4,0.644,32.0,4,3,1,68.5,203.5,95.8,91,Intermediate
375,3,12,6,6,0.493,33.78,2,0,0,44.72,-212.2,-240.4,80,Beginner
270,1,22,18,4,0.822,27.54,5,6,0,79.86,270.3,72.9,77,Intermediate
129,5,17,2,15,0.115,57.26,6,5,0,82.07,228.0,537.1,143,Beginner
263,4,19,13,6,0.702,41.69,6,4,3,81.47,340.7,164.8,53,Intermediate
434,3,22,12,10,0.535,60.63,7,4,1,79.35,368.9,451.6,54,Intermediate
112,5,27,17,10,0.629,38.58,9,9,5,98.0,501.9,451.0,119,Intermediate
374,4,15,8,7,0.552,48.02,5,5,3,94.86,503.0,519.2,98,Intermediate
368,5,24,1,23,0.05,47.94,8,2,0,43.0,89.9,526.1,22,Beginner
443,4,28,22,6,0.799,39.1,10,5,1,71.19,130.8,-209.1,105,Intermediate
149,1,29,4,25,0.153,53.58,4,3,0,27.02,-232.5,196.8,5,Beginner
108,3,30,17,13,0.573,19.57,5,1,1,20.0,-375.5,-353.4,77,Beginner
274,3,10,0,10,0.05,61.12,3,1,0,45.43,-75.8,584.8,49,Beginner
266,2,11,10,1,0.914,22.92,4,2,1,96.57,462.0,-379.2,33,Advanced
205,2,28,9,19,0.328,29.98,8,3,0,54.56,-67.2,9.2,94,Beginner
390,3,14,2,12,0.142,67.74,5,3,0,75.24,217.7,584.0,24,Beginner
400,3,16,15,1,0.927,33.78,3,2,1,42.39,-63.6,-366.0,54,Intermediate
123,1,19,1,18,0.05,58.16,5,1,0,26.26,-292.9,433.6,25,Beginner
398,3,23,21,2,0.924,20.41,8,8,2,96.67,469.5,-327.3,19,Advanced
116,3,10,5,5,0.529,30.63,3,4,0,77.85,263.8,144.2,59,Intermediate
204,5,23,20,3,0.883,30.76,8,8,7,98.0,967.8,158.7,94,Advanced
14,1,11,2,9,0.156,44.8,2,0,0,20.0,-325.0,197.2,101,Beginner
171,3,17,13,4,0.791,30.11,5,4,0,67.87,247.7,50.6,139,Intermediate
480,5,28,18,10,0.659,51.07,10,8,4,98.0,519.6,453.2,47,Intermediate
222,2,12,11,1,0.91,14.43,4,3,1,64.67,168.6,-296.0,54,Intermediate
356,4,10,9,1,0.931,20.51,3,4,3,98.0,540.9,26.2,130,Advanced
54,2,19,11,8,0.59,50.66,6,6,4,98.0,619.6,557.0,28,Intermediate
318,1,15,9,6,0.584,59.44,5,5,2,98.0,516.7,473.9,90,Intermediate
186,4,15,14,1,0.941,32.72,4,0,0,41.01,-45.9,-339.7,112,Intermediate
372,4,18,8,10,0.472,49.1,6,6,0,98.0,484.0,470.7,69,Intermediate
465,5,13,12,1,0.938,27.75,4,4,1,67.52,104.5,-399.3,129,Intermediate
266,4,10,8,2,0.828,29.23,3,4,1,98.0,462.0,109.8,49,Advanced
52,2,29,1,28,0.05,48.96,6,1,0,20.0,-407.8,23.1,17,Beginner
239,4,27,3,24,0.114,64.87,6,2,0,20.0,-195.7,592.4,18,Beginner
62,1,18,18,0,0.98,33.85,6,5,2,98.0,357.6,-200.5,80,Advanced
225,2,27,26,1,0.98,15.41,9,9,6,89.0,457.3,-283.1,83,Advanced
31,2,30,2,28,0.066,51.29,6,2,1,24.11,-359.5,452.4,79,Beginner
321,3,18,13,5,0.702,33.62,1,1,0,24.77,-296.4,-346.9,57,Beginner
156,4,13,13,0,0.98,32.64,4,5,4,98.0,673.4,122.4,71,Advanced
101,3,14,2,12,0.148,76.52,5,3,0,75.37,156.4,553.7,145,Beginner
9,1,30,16,14,0.537,23.62,9,3,0,70.66,126.8,107.6,72,Beginner
445,2,28,25,3,0.908,25.79,8,5,1,51.33,4.7,-354.0,112,Intermediate
419,1,24,18,6,0.761,27.59,7,2,0,39.05,-75.8,-286.1,129,Beginner
406,3,24,17,7,0.7,52.36,8,8,7,98.0,679.3,578.3,21,Advanced
30,4,16,11,5,0.712,41.08,4,4,2,75.27,260.9,32.4,38,Intermediate
175,2,21,18,3,0.857,33.24,6,4,2,57.3,44.6,-227.8,84,Intermediate
486,3,17,15,2,0.89,13.67,6,4,3,98.0,510.9,-396.9,113,Advanced
290,5,18,10,8,0.583,46.27,6,3,0,66.67,129.2,96.4,132,Beginner
65,1,25,6,19,0.233,69.93,7,2,0,58.44,69.6,530.6,109,Beginner
71,5,21,21,0,0.98,26.74,7,4,3,70.1,253.3,-384.8,141,Advanced
132,2,18,15,3,0.858,16.7,5,4,0,48.68,-39.1,-255.3,150,Intermediate
487,2,15,15,0,0.98,24.36,5,4,3,96.78,603.5,15.0,140,Advanced
85,4,23,18,5,0.787,28.18,8,8,4,98.0,594.5,-279.5,93,Advanced
452,2,19,18,1,0.941,31.88,6,4,1,82.21,273.6,-284.5,123,Advanced
340,3,11,3,8,0.303,40.47,4,3,0,84.92,278.3,449.9,144,Beginner
461,2,24,11,13,0.445,44.46,7,6,5,98.0,592.8,528.4,42,Intermediate
414,1,17,13,4,0.777,35.34,6,3,0,49.91,-16.9,-254.5,84,Intermediate
167,5,18,9,9,0.51,45.28,6,1,0,59.87,69.1,58.5,95,Beginner
414,1,30,24,6,0.787,29.3,9,2,2,53.76,-16.9,-351.6,56,Intermediate
85,1,24,21,3,0.882,32.94,8,8,5,98.0,594.5,-300.2,107,Advanced
146,5,11,11,0,0.98,34.26,3,3,3,98.0,897.6,176.3,107,Advanced
106,4,25,11,14,0.438,39.15,8,9,1,74.85,217.5,80.0,126,Beginner
67,2,16,6,10,0.388,50.65,4,3,0,97.15,314.9,408.0,35,Intermediate
46,5,25,3,22,0.133,63.5,8,2,0,46.57,39.5,545.0,133,Beginner
94,4,17,16,1,0.948,16.35,6,3,2,92.92,439.4,-390.1,145,Advanced
61,2,21,20,1,0.949,45.89,6,7,7,98.0,706.5,404.2,80,Advanced
191,1,24,10,14,0.431,31.2,8,4,3,84.43,151.2,178.7,67,Intermediate
36,4,13,10,3,0.795,31.6,4,2,0,40.88,-14.4,-327.4,49,Intermediate
31,4,12,1,11,0.05,52.36,2,0,0,20.0,-359.5,409.6,113,Beginner
495,3,24,22,2,0.923,27.49,7,8,5,98.0,742.8,-282.2,79,Advanced
44,2,11,7,4,0.667,25.99,4,2,1,64.9,249.3,96.5,96,Intermediate
38,2,27,5,22,0.189,51.61,8,8,5,63.46,239.3,478.8,139,Beginner
16,2,19,12,7,0.618,32.46,4,1,0,40.15,-144.0,-269.5,107,Beginner
67,5,11,3,8,0.291,55.77,4,2,0,87.16,314.9,422.6,79,Beginner
264,2,26,22,4,0.849,32.95,9,7,2,67.12,216.0,-228.0,25,Intermediate
414,3,28,2,26,0.079,53.84,9,1,1,59.58,-16.9,593.9,22,Beginner
368,4,11,10,1,0.867,14.63,4,1,0,40.98,89.9,-377.7,109,Intermediate
291,1,29,20,9,0.699,21.03,9,4,2,36.6,-33.3,-259.3,66,Beginner
43,3,18,16,2,0.875,18.04,6,5,4,98.0,663.3,17.2,2,Advanced
388,4,24,2,22,0.074,66.96,6,1,0,45.06,-48.7,430.4,115,Beginner
19,3,15,13,2,0.852,36.88,5,2,1,50.31,39.2,-207.8,111,Intermediate
316,4,12,1,11,0.103,52.82,1,0,0,24.88,-235.1,534.1,147,Beginner
205,3,30,24,6,0.789,40.03,9,5,0,47.16,-67.2,-281.4,40,Intermediate
442,4,23,17,6,0.731,43.77,6,4,1,90.91,292.5,151.0,64,Intermediate
154,5,15,14,1,0.94,16.11,5,5,4,98.0,561.5,71.6,93,Advanced
320,2,17,16,1,0.916,18.87,5,0,0,54.63,41.8,-311.7,120,Intermediate
220,2,25,7,18,0.292,42.02,8,6,2,77.92,285.6,466.5,32,Beginner
262,4,16,1,15,0.05,47.33,0,0,1,20.0,-500.0,195.4,41,Beginner
470,1,24,19,5,0.781,45.0,8,8,8,98.0,833.4,522.8,97,Advanced
357,2,10,10,0,0.98,26.29,3,4,2,98.0,512.3,31.8,55,Advanced
208,1,30,11,19,0.368,24.96,8,1,1,46.27,2.0,102.9,145,Beginner
224,3,25,10,15,0.398,32.47,6,1,0,57.4,53.3,180.3,45,Beginner
353,1,17,4,13,0.216,58.66,6,5,2,96.84,422.0,574.9,5,Beginner
174,2,21,16,5,0.765,50.06,6,7,7,98.0,747.2,513.8,102,Advanced
84,3,13,4,9,0.323,25.37,3,2,0,65.67,87.4,144.3,114,Beginner
234,4,19,16,3,0.849,23.48,5,4,4,90.73,386.2,140.8,138,Advanced
35,3,17,15,2,0.907,33.11,6,6,4,98.0,795.0,30.0,40,Advanced
85,5,18,16,2,0.876,23.31,6,5,3,98.0,594.5,181.5,123,Advanced
211,4,27,26,1,0.959,29.35,9,7,3,69.11,330.4,64.5,146,Advanced
399,1,18,11,7,0.604,23.09,5,3,2,51.92,50.6,10.3,90,Beginner
391,4,10,4,6,0.365,61.25,3,4,1,91.82,416.3,547.8,38,Intermediate
131,1,19,1,18,0.05,45.37,6,1,0,36.12,5.3,525.5,81,Beginner
211,1,11,3,8,0.248,47.67,4,2,0,78.18,330.4,417.1,100,Beginner
77,4,20,4,16,0.216,63.04,7,4,0,78.85,185.9,489.3,128,Beginner
378,3,24,1,23,0.051,48.59,7,2,0,48.33,-59.4,173.2,72,Beginner
124,2,12,2,10,0.196,55.56,4,3,1,90.19,390.8,599.4,141,Beginner
400,1,11,8,3,0.76,22.4,3,0,0,35.2,-63.6,-323.4,47,Beginner
422,2,17,15,2,0.885,30.14,6,6,4,98.0,708.8,196.2,117,Advanced
345,4,20,18,2,0.919,15.87,7,7,6,98.0,693.9,-205.6,109,Advanced
166,3,11,10,1,0.876,24.2,4,2,3,98.0,497.1,-244.7,99,Advanced
477,1,16,1,15,0.05,55.03,3,4,0,40.07,-131.9,414.7,99,Beginner
344,3,26,2,24,0.085,57.92,9,4,1,62.89,115.2,572.9,120,Beginner
323,2,21,21,0,0.98,36.21,7,7,4,98.0,497.7,101.1,15,Advanced
429,1,20,17,3,0.828,17.41,7,6,1,83.11,285.1,-315.4,74,Intermediate
441,1,12,5,7,0.406,39.79,4,2,1,93.05,403.5,479.4,142,Intermediate
39,4,26,20,6,0.755,27.47,8,7,2,71.3,219.9,58.5,64,Intermediate
441,1,22,9,13,0.391,54.03,7,6,4,93.8,403.5,503.8,20,Intermediate
383,1,19,1,18,0.05,57.68,3,0,1,23.39,-249.3,495.1,145,Beginner
104,5,22,18,4,0.825,27.95,7,6,1,91.51,399.9,74.6,113,Intermediate
154,5,13,13,0,0.98,17.02,4,5,3,98.0,561.5,-323.9,83,Advanced
377,3,24,23,1,0.973,18.02,7,7,5,91.28,452.8,-304.8,143,Advanced
109,4,16,13,3,0.817,21.48,5,6,1,79.34,366.7,-257.2,87,Intermediate
227,1,10,4,6,0.441,34.75,3,0,0,58.9,110.7,141.0,129,Beginner
345,1,14,13,1,0.954,32.59,5,5,2,98.0,693.9,-230.2,18,Advanced
326,2,17,15,2,0.873,26.75,6,5,1,98.0,423.0,-374.5,67,Advanced
455,4,19,17,2,0.905,21.67,6,2,0,66.12,81.9,-347.5,78,Intermediate
56,1,14,14,0,0.98,32.57,5,4,1,81.4,324.7,-201.3,80,Advanced
148,4,26,11,15,0.408,53.82,9,8,3,93.0,463.9,487.9,57,Intermediate
493,1,15,14,1,0.966,15.41,5,3,0,67.88,129.6,-379.8,5,Intermediate
285,5,12,1,11,0.05,36.55,3,1,0,55.45,-100.9,518.4,42,Beginner
125,2,14,12,2,0.863,15.62,5,5,4,98.0,931.9,-321.4,121,Advanced
145,4,18,17,1,0.943,29.96,5,3,0,36.24,0.0,-381.6,145,Intermediate
170,4,10,10,0,0.98,31.53,3,1,0,61.54,46.3,-399.3,12,Intermediate
278,2,11,3,8,0.271,38.31,4,1,1,88.71,303.9,408.6,140,Beginner
143,4,13,13,0,0.98,29.51,4,5,0,98.0,342.8,-295.5,147,Advanced
311,4,18,16,2,0.916,30.66,6,5,5,92.18,441.6,23.7,147,Advanced
223,3,29,23,6,0.788,34.79,10,6,1,75.51,244.0,-244.5,39,Intermediate
306,4,22,1,21,0.05,63.8,6,2,0,66.79,131.9,490.7,53,Beginner
78,2,11,7,4,0.657,40.4,3,0,0,20.0,-290.1,-371.0,30,Beginner
312,4,11,7,4,0.67,35.73,4,2,1,78.11,349.5,126.1,98,Intermediate
463,4,12,1,11,0.05,61.61,3,2,1,42.22,-109.7,495.0,24,Beginner
68,3,11,10,1,0.944,22.54,4,2,0,86.8,491.5,-342.7,47,Advanced
164,4,20,16,4,0.794,34.01,5,3,0,24.54,-149.3,-352.2,84,Beginner
347,5,25,2,23,0.063,51.21,7,3,0,57.95,14.3,555.3,67,Beginner
309,4,19,19,0,0.98,23.93,6,6,3,98.0,573.7,-330.9,60,Advanced
338,2,18,16,2,0.893,28.68,6,4,3,98.0,569.8,-300.9,40,Advanced
280,2,22,11,11,0.516,47.35,7,5,0,67.58,138.8,132.7,35,Beginner
342,5,17,16,1,0.969,21.79,5,4,1,73.39,233.1,-235.5,88,Intermediate
305,5,26,10,16,0.392,59.46,8,8,4,97.06,367.4,481.3,27,Intermediate
38,2,24,20,4,0.819,29.03,8,6,4,70.54,239.3,52.4,44,Intermediate
376,4,30,23,7,0.761,38.46,9,9,2,81.3,339.7,108.4,11,Intermediate
224,1,11,10,1,0.949,20.12,4,0,0,54.81,53.3,-336.0,44,Intermediate
26,4,19,2,17,0.084,59.23,4,3,1,65.61,120.0,423.4,44,Beginner
205,2,28,11,17,0.395,34.23,6,4,0,42.75,-67.2,3.0,64,Beginner
218,2,24,17,7,0.699,21.75,6,1,1,20.26,-178.6,-297.2,41,Beginner
44,5,26,6,20,0.214,57.76,9,9,2,72.8,249.3,556.2,4,Beginner
499,1,19,15,4,0.782,38.82,6,5,0,70.78,210.4,26.5,55,Intermediate
112,4,18,10,8,0.566,40.88,6,5,3,98.0,501.9,460.0,135,Intermediate
166,3,25,24,1,0.944,14.51,8,8,1,96.12,497.1,-297.8,87,Advanced
221,3,19,18,1,0.935,28.65,6,3,1,67.06,130.1,-245.3,34,Intermediate
417,3,18,4,14,0.203,48.55,5,1,0,38.61,15.0,548.3,142,Beginner
372,5,18,8,10,0.429,66.5,6,5,5,98.0,484.0,577.2,95,Intermediate
386,3,12,12,0,0.961,38.87,4,4,3,98.0,544.2,83.4,102,Advanced
119,2,26,22,4,0.854,32.17,9,8,4,98.0,590.1,-254.4,11,Advanced
423,1,27,5,22,0.195,53.33,9,6,2,77.4,269.4,456.6,40,Beginner
415,2,10,7,3,0.654,41.47,1,2,0,28.96,-190.6,-319.0,58,Beginner
232,1,18,18,0,0.98,34.32,6,6,2,88.42,402.6,-278.2,104,Advanced
273,1,24,21,3,0.858,26.13,8,8,5,97.95,561.8,128.2,7,Advanced
19,5,13,12,1,0.955,35.68,4,2,0,69.85,39.2,-363.7,35,Intermediate
381,3,16,15,1,0.958,18.52,5,4,4,98.0,802.6,-283.4,150,Advanced
481,5,30,29,1,0.975,23.52,10,9,6,93.66,490.2,-330.1,44,Advanced
237,3,26,15,11,0.561,36.42,9,8,4,98.0,548.7,495.4,131,Intermediate
271,2,28,25,3,0.908,25.92,9,5,5,78.94,284.5,-233.2,26,Advanced
250,1,30,26,4,0.872,25.09,10,10,6,86.29,536.3,58.9,128,Advanced
42,4,24,13,11,0.551,47.14,8,8,5,98.0,504.4,498.7,59,Intermediate
310,1,15,3,12,0.167,43.42,3,1,0,34.96,-109.3,162.7,31,Beginner
361,1,30,26,4,0.875,24.28,10,10,10,98.0,767.8,98.2,99,Advanced
464,2,19,18,1,0.923,26.58,6,6,1,94.8,413.2,17.5,86,Advanced
465,2,21,14,7,0.664,48.84,6,4,0,68.17,104.5,157.2,21,Intermediate
246,2,21,6,15,0.293,31.89,4,1,1,47.98,-59.6,81.5,131,Beginner
480,3,21,14,7,0.656,55.53,7,7,4,98.0,519.6,491.8,114,Intermediate
265,3,21,1,20,0.05,59.07,6,7,3,81.63,234.8,525.8,57,Beginner
322,3,26,24,2,0.931,30.58,9,9,7,98.0,775.8,87.4,136,Advanced
301,3,13,13,0,0.98,24.69,4,5,2,98.0,563.8,-245.6,6,Advanced
500,4,19,3,16,0.171,54.72,6,6,2,84.64,318.1,594.1,146,Beginner
369,1,22,20,2,0.905,28.01,6,4,1,74.99,252.2,-339.7,64,Intermediate
61,2,21,16,5,0.742,50.46,7,7,6,98.0,706.5,520.9,121,Advanced
36,1,25,22,3,0.869,21.99,7,2,0,46.91,-14.4,-255.8,134,Intermediate
205,5,17,3,14,0.202,47.03,5,1,1,46.49,-67.2,438.0,126,Beginner
258,4,29,20,9,0.702,49.34,10,10,5,98.0,605.8,515.3,17,Advanced
335,5,10,9,1,0.915,34.72,3,2,3,98.0,701.4,129.7,61,Advanced
241,4,25,13,12,0.529,39.21,4,1,1,20.0,-276.9,-308.7,14,Beginner
258,1,13,8,5,0.636,56.08,3,5,2,98.0,605.8,496.8,37,Intermediate
461,3,22,19,3,0.849,34.9,7,6,4,98.0,592.8,191.0,90,Advanced
168,5,10,9,1,0.9,23.75,3,2,1,80.7,132.3,-272.4,105,Intermediate
247,3,14,10,4,0.75,28.93,5,3,1,63.55,231.0,22.4,35,Intermediate
279,3,18,8,10,0.417,26.86,5,2,0,74.03,74.4,73.8,9,Beginner
235,5,12,9,3,0.769,40.68,3,4,2,98.0,619.9,464.1,59,Advanced
485,4,16,15,1,0.93,25.41,4,2,0,34.74,26.2,-356.9,89,Intermediate
482,4,23,16,7,0.682,32.77,8,7,1,94.12,333.0,163.3,60,Intermediate
257,4,13,8,5,0.624,46.31,4,3,2,98.0,500.6,420.3,144,Intermediate
226,2,23,20,3,0.882,15.28,5,8,3,98.0,680.8,-298.6,105,Advanced
295,5,19,7,12,0.346,29.66,6,1,0,54.55,-5.9,75.6,96,Beginner
91,5,27,12,15,0.457,41.96,7,4,2,54.35,-9.6,54.2,5,Beginner
213,1,23,3,20,0.14,54.01,8,5,2,72.92,196.0,564.7,140,Beginner
109,3,19,15,4,0.81,24.54,6,6,2,95.75,366.7,71.2,99,Advanced
73,2,27,8,19,0.314,57.38,8,8,3,93.68,416.6,570.5,148,Intermediate
48,3,13,10,3,0.805,20.89,3,2,0,57.34,21.4,-231.2,74,Intermediate
294,5,21,18,3,0.879,38.23,7,7,3,98.0,667.6,159.2,102,Advanced
1,4,14,1,13,0.072,51.07,5,2,0,69.84,137.2,553.4,77,Beginner
324,4,19,8,11,0.437,53.81,6,7,2,93.96,481.0,546.4,130,Intermediate
216,3,20,9,11,0.433,32.92,5,5,0,45.0,40.0,102.0,107,Beginner
184,1,22,11,11,0.511,36.83,7,6,1,72.08,237.3,144.9,59,Intermediate
385,5,16,7,9,0.431,32.07,4,3,0,45.34,-24.6,31.7,97,Beginner
270,1,23,22,1,0.952,24.73,8,4,1,84.45,270.3,-250.7,17,Advanced
367,1,13,1,12,0.05,68.93,4,3,0,50.76,123.8,563.0,102,Beginner
355,4,13,1,12,0.05,55.57,4,2,1,75.96,172.1,571.9,70,Beginner
17,3,12,7,5,0.577,33.43,3,4,0,65.38,203.6,173.6,45,Beginner
108,3,20,8,12,0.4,34.33,2,0,0,20.0,-375.5,-230.8,128,Beginner
285,1,18,4,14,0.199,47.91,5,2,0,30.25,-100.9,35.3,128,Beginner
488,1,27,26,1,0.98,24.27,9,9,5,98.0,566.9,-293.9,9,Advanced
78,4,17,1,16,0.05,67.84,4,1,0,24.54,-290.1,517.3,93,Beginner
53,3,22,10,12,0.456,40.87,7,3,1,57.49,85.6,187.1,7,Beginner
471,2,30,28,2,0.933,33.23,10,10,7,98.0,722.8,-322.0,70,Advanced
484,3,22,14,8,0.642,32.94,7,5,0,59.42,156.5,15.8,143,Intermediate
84,3,27,3,24,0.107,62.13,9,6,1,49.2,87.4,506.4,76,Beginner
201,5,20,18,2,0.883,14.85,7,7,3,98.0,742.1,-299.4,21,Advanced
314,5,13,12,1,0.962,16.85,4,4,1,98.0,511.6,74.2,37,Advanced
98,3,19,17,2,0.901,36.1,6,6,4,98.0,486.2,85.2,5,Advanced
164,1,25,11,14,0.433,36.82,5,3,1,20.91,-149.3,-295.9,119,Beginner
198,3,12,3,9,0.264,56.43,3,0,0,42.02,-37.1,93.1,135,Beginner
321,1,20,2,18,0.093,34.67,2,2,1,36.59,-296.4,128.7,42,Beginner
155,4,20,19,1,0.961,29.45,6,3,0,63.81,86.9,-269.7,42,Intermediate
207,3,29,28,1,0.973,17.73,10,10,7,98.0,636.0,-277.2,87,Advanced
145,5,30,4,26,0.124,55.62,8,5,0,42.1,0.0,563.0,119,Beginner
380,3,22,20,2,0.887,21.38,5,4,1,80.37,215.1,-380.9,141,Intermediate
77,3,14,9,5,0.66,37.54,5,3,1,80.85,185.9,109.1,146,Intermediate
116,1,14,12,2,0.853,23.71,5,4,0,67.19,263.8,22.1,83,Intermediate
125,5,22,18,4,0.811,42.95,7,8,5,98.0,931.9,496.0,97,Advanced
453,2,14,2,12,0.146,62.14,3,0,0,51.35,-8.8,444.4,6,Beginner
473,4,24,2,22,0.073,65.81,7,3,1,47.39,-55.9,480.5,11,Beginner
251,2,30,24,6,0.808,36.35,9,8,4,93.72,398.6,125.8,146,Advanced
79,2,13,12,1,0.929,30.67,4,5,3,98.0,817.9,74.6,37,Advanced
379,2,29,20,9,0.696,28.72,10,9,4,67.5,252.8,44.1,85,Intermediate
247,5,10,7,3,0.684,31.1,3,3,2,73.42,231.0,131.3,43,Intermediate
425,4,20,2,18,0.121,46.73,3,0,0,25.46,-303.1,78.8,28,Beginner
180,4,18,18,0,0.98,17.54,6,4,0,76.03,203.5,-338.5,122,Intermediate
500,2,21,15,6,0.717,35.7,7,5,0,76.63,318.1,161.8,75,Intermediate
404,4,20,19,1,0.947,20.71,7,7,5,98.0,542.8,86.4,17,Advanced
112,3,21,20,1,0.929,24.61,7,5,5,96.51,501.9,-309.3,56,Advanced
363,4,12,12,0,0.98,17.52,4,3,1,96.98,333.5,-261.5,65,Advanced
144,2,26,10,16,0.403,51.47,9,9,3,85.9,437.3,536.4,63,Intermediate
175,3,29,10,19,0.348,36.94,9,3,1,51.87,44.6,163.2,116,Beginner
126,5,19,8,11,0.396,46.94,6,7,4,98.0,442.0,508.8,73,Intermediate
342,1,27,15,12,0.551,32.97,9,5,1,64.6,233.1,106.3,92,Beginner
132,4,12,1,11,0.05,44.33,2,0,1,48.15,-39.1,577.1,125,Beginner
320,4,25,2,23,0.076,42.27,7,4,1,38.98,41.8,420.5,140,Beginner
292,3,16,16,0,0.98,31.16,5,3,1,69.49,179.5,-232.7,37,Intermediate
376,5,24,5,19,0.208,56.72,8,7,4,84.39,339.7,523.5,95,Beginner
497,4,21,19,2,0.898,19.93,7,5,3,77.04,257.3,-235.5,100,Advanced
5,3,10,3,7,0.287,49.19,3,1,0,52.0,89.5,193.2,102,Beginner
496,2,17,12,5,0.69,37.79,6,5,3,98.0,629.5,409.1,108,Advanced
55,4,19,17,2,0.886,20.84,6,3,2,91.28,415.9,-257.3,17,Advanced
264,1,27,17,10,0.62,30.79,9,3,1,81.99,216.0,145.1,148,Intermediate
171,2,12,8,4,0.63,47.91,4,4,2,79.88,247.7,129.2,111,Intermediate
320,3,29,22,7,0.765,29.21,8,5,0,42.59,41.8,-201.4,48,Intermediate
361,2,11,10,1,0.906,26.27,4,3,4,98.0,767.8,-341.9,61,Advanced
430,3,15,6,9,0.369,38.92,2,1,1,20.0,-422.8,-317.4,31,Beginner
201,5,12,12,0,0.977,11.93,4,4,3,98.0,742.1,-219.4,92,Advanced
467,2,28,18,10,0.658,24.36,10,7,1,73.61,249.7,20.6,141,Intermediate
162,3,21,9,12,0.448,42.8,6,5,1,67.72,191.1,189.9,62,Beginner
102,3,25,24,1,0.944,29.4,8,8,8,98.0,856.2,129.3,143,Advanced
190,4,24,16,8,0.681,63.37,8,7,5,98.0,612.2,504.1,110,Advanced
265,4,22,21,1,0.944,21.43,7,7,3,84.61,234.8,-228.0,117,Advanced
335,2,16,16,0,0.98,31.5,5,5,4,98.0,701.4,-377.1,10,Advanced
417,5,12,1,11,0.05,66.99,4,2,1,34.07,15.0,578.5,59,Beginner
113,4,19,16,3,0.857,42.34,6,7,6,98.0,680.5,407.2,74,Advanced
152,5,18,17,1,0.919,34.55,6,5,2,92.56,336.1,120.9,146,Advanced
470,5,19,18,1,0.953,22.87,6,7,5,98.0,833.4,-265.8,121,Advanced
220,3,30,5,25,0.161,45.69,10,7,0,80.61,285.6,579.9,88,Beginner
121,4,12,3,9,0.291,57.26,4,3,2,81.23,310.4,497.0,128,Beginner
493,4,23,12,11,0.515,38.27,7,2,0,59.01,129.6,92.3,33,Beginner
225,4,13,11,2,0.884,29.0,4,5,3,98.0,457.3,-283.8,24,Advanced
493,3,22,21,1,0.932,25.74,7,5,0,59.49,129.6,-314.1,124,Intermediate
460,2,24,13,11,0.538,42.34,8,7,4,71.11,262.4,151.8,119,Intermediate
454,2,10,6,4,0.588,41.6,3,4,3,98.0,492.6,450.1,73,Advanced
291,4,19,9,10,0.481,44.6,6,3,1,44.27,-33.3,7.6,48,Beginner
400,4,16,9,7,0.59,22.44,4,2,0,53.89,-63.6,-212.9,9,Beginner
481,3,20,17,3,0.854,33.02,7,5,3,98.0,490.2,198.4,22,Advanced
135,1,20,1,19,0.05,62.36,5,2,0,39.04,-47.3,471.2,117,Beginner
19,1,19,9,10,0.466,36.67,6,2,0,44.76,39.2,137.1,93,Beginner
161,5,23,3,20,0.142,67.21,8,2,0,40.63,-47.9,596.1,123,Beginner
319,1,14,9,5,0.641,30.16,5,3,0,77.44,87.4,29.7,8,Intermediate
274,2,27,7,20,0.255,46.75,6,3,0,40.52,-75.8,199.6,129,Beginner
41,1,27,16,11,0.608,35.85,8,9,2,84.28,282.1,186.6,83,Intermediate
281,2,19,5,14,0.24,40.85,6,4,1,37.41,-21.4,196.5,25,Beginner
88,5,29,8,21,0.281,67.87,10,5,3,70.7,293.7,442.4,144,Beginner
253,2,15,11,4,0.755,24.71,5,3,2,85.29,368.0,98.4,51,Intermediate
288,5,14,6,8,0.409,25.0,5,3,0,74.74,111.3,179.2,54,Beginner
319,5,15,6,9,0.426,33.33,5,2,1,48.41,87.4,135.0,119,Beginner
207,4,26,24,2,0.936,28.86,9,8,7,98.0,636.0,86.9,71,Advanced
205,2,12,3,9,0.268,38.07,2,1,0,50.49,-67.2,103.3,115,Beginner
340,5,16,4,12,0.235,62.03,5,5,0,90.57,278.3,487.4,87,Beginner
375,4,13,2,11,0.189,50.87,1,1,0,32.28,-212.2,122.3,133,Beginner
404,4,19,16,3,0.853,29.69,6,7,3,98.0,542.8,171.9,39,Advanced
167,2,16,8,8,0.508,19.49,4,1,0,49.74,69.1,0.6,83,Beginner
213,4,27,26,1,0.98,16.23,9,8,2,59.02,196.0,-260.1,30,Intermediate
166,4,26,25,1,0.966,29.09,9,9,5,90.55,497.1,103.6,47,Advanced
264,3,28,19,9,0.67,23.36,10,6,2,64.61,216.0,112.2,149,Intermediate
64,3,18,10,8,0.546,30.57,6,2,1,67.59,157.9,68.7,62,Intermediate
216,4,21,1,20,0.06,67.91,7,2,0,44.24,40.0,491.6,106,Beginner
95,5,28,8,20,0.291,59.34,10,8,1,91.41,394.1,566.2,45,Beginner
267,5,24,1,23,0.05,60.91,7,8,0,70.24,227.6,588.4,6,Beginner
426,2,29,10,19,0.33,32.32,9,4,0,50.17,46.7,128.9,97,Beginner
493,5,30,27,3,0.901,26.87,9,8,1,70.04,129.6,-274.9,33,Intermediate
224,2,11,1,10,0.136,58.58,4,1,0,47.66,53.3,552.9,75,Beginner
29,2,14,5,9,0.324,42.25,5,3,0,59.26,-22.3,118.1,115,Beginner
114,1,24,22,2,0.91,34.85,8,7,8,98.0,697.0,139.0,86,Advanced
53,4,12,5,7,0.444,44.04,4,2,0,50.64,85.6,114.4,9,Beginner
380,3,11,1,10,0.07,60.64,3,3,0,81.13,215.1,566.9,101,Beginner
493,5,12,11,1,0.906,28.76,3,1,0,54.1,129.6,-331.9,61,Intermediate
277,5,11,2,9,0.164,39.38,1,0,0,33.31,-270.4,86.0,36,Beginner
89,3,23,19,4,0.816,32.83,8,6,1,72.41,197.5,-342.0,103,Intermediate
11,2,15,15,0,0.98,22.16,5,4,2,92.25,548.8,90.4,135,Advanced
489,1,29,16,13,0.562,36.27,8,4,0,41.98,23.4,87.8,35,Beginner
159,5,12,12,0,0.961,35.03,3,3,3,98.0,603.7,42.1,8,Advanced
57,2,19,16,3,0.854,27.27,6,6,3,98.0,552.6,145.0,127,Advanced
89,1,23,6,17,0.277,44.61,7,3,1,68.39,197.5,443.4,37,Beginner
128,2,17,4,13,0.217,54.79,6,6,2,78.92,304.9,548.8,46,Beginner
328,5,25,14,11,0.571,45.18,8,7,1,70.41,200.9,125.0,19,Intermediate
446,1,27,7,20,0.262,37.65,9,8,5,71.69,376.5,499.6,12,Beginner
138,4,23,17,6,0.752,33.28,8,6,1,91.79,351.9,131.8,62,Intermediate
344,3,22,3,19,0.13,51.85,6,5,2,72.23,115.2,467.9,91,Beginner
33,5,22,22,0,0.98,23.73,6,8,4,98.0,478.6,-207.1,142,Advanced
6,3,30,28,2,0.945,22.92,9,6,0,59.52,129.1,-306.7,71,Intermediate
28,3,26,25,1,0.98,31.62,9,8,2,85.44,425.3,-213.4,125,Advanced
462,3,11,10,1,0.909,25.59,4,1,0,66.95,256.0,-200.4,139,Intermediate
291,4,26,7,19,0.283,51.5,8,6,0,37.6,-33.3,183.8,75,Beginner
403,1,13,12,1,0.936,33.89,4,5,4,98.0,485.9,-255.1,84,Advanced
11,1,28,27,1,0.98,32.21,10,9,3,98.0,548.8,175.0,61,Advanced
12,3,16,14,2,0.873,22.95,4,3,2,64.1,68.6,-352.5,115,Intermediate
425,2,24,16,8,0.651,33.42,4,1,0,26.49,-303.1,-390.6,6,Beginner
52,1,25,5,20,0.203,66.02,2,0,0,20.0,-407.8,598.1,142,Beginner
78,4,17,3,14,0.19,33.94,5,0,0,20.0,-290.1,60.7,74,Beginner
260,4,30,6,24,0.193,58.98,10,7,1,73.86,197.1,510.6,19,Beginner
304,1,21,19,2,0.895,29.29,6,7,3,88.83,474.9,137.4,39,Advanced
115,1,18,17,1,0.954,21.96,6,5,1,90.59,357.7,-269.0,83,Advanced
223,4,20,16,4,0.79,22.77,7,3,1,66.11,244.0,1.1,1,Intermediate
338,3,16,14,2,0.894,24.68,5,5,2,98.0,569.8,110.5,117,Advanced
222,2,12,10,2,0.831,33.89,3,2,0,63.36,168.6,-306.0,127,Intermediate
192,3,30,8,22,0.269,49.48,10,7,0,79.77,185.8,401.6,88,Beginner
36,2,27,5,22,0.169,50.36,8,5,0,29.09,-14.4,152.5,109,Beginner
226,1,27,21,6,0.795,46.61,9,9,6,98.0,680.8,490.7,14,Advanced
402,4,29,14,15,0.491,26.77,10,4,0,49.93,63.8,55.0,141,Beginner
314,4,22,18,4,0.829,32.03,7,8,4,98.0,511.6,137.8,62,Advanced
447,1,30,29,1,0.98,16.61,9,6,1,75.49,221.8,-284.0,71,Intermediate
64,2,30,2,28,0.053,59.32,9,5,0,68.41,157.9,452.9,41,Beginner
6,4,15,6,9,0.39,38.75,5,3,1,69.65,129.1,173.2,75,Beginner
275,4,19,17,2,0.91,30.89,6,6,0,85.15,302.7,-227.8,4,Intermediate
90,5,12,12,0,0.96,34.93,4,4,2,98.0,563.7,-295.0,85,Advanced
297,4,24,8,16,0.344,25.7,7,3,1,55.91,0.5,80.4,42,Beginner
452,1,12,4,8,0.299,53.36,4,4,0,76.42,273.6,518.0,133,Beginner
169,2,26,1,25,0.05,53.48,5,1,1,20.0,-307.0,595.7,29,Beginner
275,2,26,13,13,0.484,72.63,9,9,1,75.64,302.7,545.4,31,Intermediate
341,5,18,1,17,0.05,57.66,6,3,1,85.67,253.2,597.7,97,Beginner
76,1,23,23,0,0.98,35.72,8,8,5,98.0,784.7,510.1,11,Advanced
449,2,29,28,1,0.955,41.86,9,4,0,63.17,51.3,-293.0,99,Intermediate
102,3,25,24,1,0.942,25.52,7,8,7,98.0,856.2,162.8,100,Advanced
405,2,19,18,1,0.965,13.57,6,5,0,52.37,203.5,-303.6,79,Intermediate
330,4,29,27,2,0.923,16.79,10,10,9,98.0,1040.4,-246.2,77,Advanced
71,1,10,8,2,0.816,29.47,3,3,0,74.0,253.3,20.8,117,Intermediate
363,5,14,13,1,0.898,25.22,5,3,0,83.51,333.5,-364.8,89,Intermediate
99,3,16,4,12,0.272,48.05,5,4,0,83.65,236.3,454.3,121,Beginner
300,2,17,9,8,0.537,49.5,5,6,4,98.0,598.0,581.1,134,Intermediate
480,5,24,20,4,0.845,29.71,8,8,3,98.0,519.6,108.3,43,Advanced
477,1,26,2,24,0.08,65.37,8,2,1,24.62,-131.9,428.7,136,Beginner
436,3,11,10,1,0.931,32.4,3,3,1,91.98,518.1,125.0,86,Advanced
248,1,15,13,2,0.894,21.06,5,3,2,64.57,140.3,-352.2,57,Intermediate
280,3,27,25,2,0.909,23.5,8,4,1,67.21,138.8,-336.1,125,Intermediate
151,2,20,20,0,0.98,30.29,6,7,3,98.0,621.4,-355.4,104,Advanced
461,4,16,16,0,0.98,36.66,5,6,4,98.0,592.8,-290.9,107,Advanced
239,3,19,11,8,0.604,23.21,2,1,1,20.0,-195.7,-276.6,74,Beginner
386,4,22,22,0,0.98,32.7,7,6,4,83.11,544.2,-293.6,8,Advanced
180,5,22,22,0,0.98,23.34,7,5,2,63.34,203.5,-209.6,84,Intermediate
371,5,27,4,23,0.141,49.81,5,2,1,42.11,-188.7,573.6,116,Beginner
113,2,30,29,1,0.979,12.14,10,10,4,98.0,680.5,-232.5,122,Advanced
367,3,26,21,5,0.827,35.32,9,5,0,49.63,123.8,-238.9,12,Intermediate
23,4,12,11,1,0.891,43.36,4,4,1,82.71,448.6,174.6,42,Advanced
53,1,18,9,9,0.473,32.59,5,3,0,64.65,85.6,95.1,109,Beginner
177,3,20,20,0,0.98,26.16,7,7,4,98.0,711.2,78.5,14,Advanced
242,3,23,20,3,0.875,12.99,8,4,1,78.74,178.1,-243.1,132,Intermediate
356,5,30,27,3,0.908,30.64,10,10,8,98.0,540.9,11.7,103,Advanced
180,1,19,11,8,0.557,35.4,6,4,2,77.68,203.5,128.7,118,Intermediate
10,5,17,1,16,0.071,47.78,6,5,1,71.11,276.9,559.8,46,Beginner
163,2,28,24,4,0.849,32.15,10,8,6,98.0,498.2,135.1,92,Advanced
220,5,25,17,8,0.68,21.99,8,7,3,94.69,285.6,92.9,45,Intermediate
272,4,19,13,6,0.688,40.96,6,6,3,81.0,298.6,192.2,19,Intermediate
323,3,29,25,4,0.875,17.32,10,9,6,98.0,497.7,-297.8,19,Advanced
124,1,16,14,2,0.852,28.58,4,6,2,85.6,390.8,11.4,26,Advanced
306,2,15,13,2,0.896,21.31,4,4,0,50.38,131.9,-241.5,143,Intermediate
316,4,10,8,2,0.839,12.63,3,0,0,20.0,-235.1,-392.2,14,Beginner
389,2,11,9,2,0.826,35.39,4,3,1,82.66,398.0,61.4,126,Intermediate
262,4,28,3,25,0.119,45.47,5,0,0,20.0,-500.0,-276.0,80,Beginner
406,2,11,9,2,0.858,21.25,4,3,4,98.0,679.3,-281.7,110,Advanced
111,1,26,1,25,0.05,42.44,5,0,0,20.0,-379.8,7.6,100,Beginner
356,4,11,10,1,0.871,32.89,4,3,3,97.83,540.9,123.6,82,Advanced
23,5,14,7,7,0.499,58.99,5,5,2,98.0,448.6,565.3,139,Intermediate
52,5,17,2,15,0.118,69.61,2,0,0,20.0,-407.8,469.4,5,Beginner
433,3,14,1,13,0.051,59.06,5,1,0,47.57,0.6,441.6,78,Beginner
238,4,12,6,6,0.497,37.69,3,0,1,60.43,43.0,137.3,146,Beginner
311,4,30,27,3,0.907,27.9,9,10,6,98.0,441.6,-378.5,92,Advanced
302,3,18,11,7,0.6,28.27,6,4,0,79.09,109.0,17.3,30,Intermediate
348,1,18,7,11,0.379,32.64,6,4,1,60.67,95.1,157.3,37,Beginner
123,2,25,5,20,0.206,49.22,3,0,0,20.0,-292.9,31.2,108,Beginner
90,2,29,27,2,0.945,28.64,10,9,5,98.0,563.7,-369.3,94,Advanced
22,4,16,16,0,0.98,11.87,5,6,2,98.0,646.8,-280.2,83,Advanced
433,2,19,16,3,0.831,22.81,5,4,0,48.81,0.6,-240.4,7,Intermediate
112,2,20,20,0,0.98,30.2,7,7,1,98.0,501.9,-393.4,43,Advanced
288,5,15,12,3,0.813,14.13,5,4,1,60.44,111.3,-367.2,67,Intermediate
228,1,12,4,8,0.313,44.45,4,4,3,82.02,395.6,443.0,69,Intermediate
82,4,29,24,5,0.826,43.66,8,3,0,45.2,138.6,-348.8,90,Intermediate
207,1,24,22,2,0.9,29.49,8,8,7,98.0,636.0,186.9,87,Advanced
42,2,24,8,16,0.313,61.61,8,8,3,98.0,504.4,560.1,70,Intermediate
89,5,16,13,3,0.815,40.34,4,5,1,81.03,197.5,26.7,106,Intermediate
70,5,23,14,9,0.588,24.88,8,5,1,64.92,74.0,2.1,100,Intermediate
413,2,12,2,10,0.133,61.53,4,1,0,60.86,148.1,550.8,112,Beginner
284,1,12,9,3,0.74,42.47,3,0,0,30.74,-129.3,-343.9,47,Beginner
463,5,30,10,20,0.339,42.04,8,2,0,52.02,-109.7,53.6,6,Beginner
218,5,14,1,13,0.05,74.88,2,0,0,23.47,-178.6,492.2,150,Beginner
101,3,26,4,22,0.167,49.55,8,7,0,65.96,156.4,431.0,131,Beginner
305,1,15,5,10,0.359,66.1,5,5,2,98.0,367.4,495.6,38,Intermediate
465,4,23,3,20,0.121,59.17,8,4,1,61.44,104.5,528.5,108,Beginner
267,4,22,13,9,0.595,33.66,7,8,2,70.41,227.6,144.5,48,Intermediate
9,5,25,1,24,0.05,63.36,8,4,0,71.96,126.8,528.6,118,Beginner
152,4,30,27,3,0.889,29.1,10,8,2,84.18,336.1,74.6,25,Advanced
463,5,18,4,14,0.215,40.13,3,1,0,40.6,-109.7,88.2,53,Beginner
260,3,28,2,26,0.078,63.87,10,3,1,81.83,197.1,579.1,82,Beginner
476,1,16,8,8,0.503,38.04,5,5,2,61.37,317.3,427.0,105,Intermediate
255,4,30,19,11,0.643,39.32,10,10,6,98.0,507.2,410.3,44,Intermediate
7,2,20,17,3,0.851,32.96,7,6,3,85.1,412.3,53.5,92,Advanced
437,4,27,24,3,0.889,33.18,9,8,3,95.91,475.7,27.8,62,Advanced
382,1,27,26,1,0.98,27.4,9,9,8,98.0,827.3,-203.3,51,Advanced
358,1,23,8,15,0.347,37.44,6,2,0,40.14,-44.6,22.7,125,Beginner
486,3,30,19,11,0.622,50.05,9,10,5,98.0,510.9,450.7,26,Intermediate
99,3,24,7,17,0.299,60.6,8,5,2,76.72,236.3,454.0,110,Beginner
453,1,22,6,16,0.264,32.87,5,4,0,50.74,-8.8,163.6,88,Beginner
117,4,15,15,0,0.98,26.55,5,5,5,98.0,648.4,147.4,102,Advanced
486,4,17,16,1,0.945,24.38,6,6,1,98.0,510.9,-361.8,116,Advanced
96,5,10,9,1,0.902,26.27,3,3,0,86.45,372.3,-330.2,122,Intermediate
276,2,25,21,4,0.833,10.13,8,9,5,98.0,637.0,-321.5,52,Advanced
395,4,22,5,17,0.215,45.24,7,7,2,62.42,199.6,444.8,61,Beginner
40,5,24,23,1,0.959,25.0,7,6,3,81.73,215.7,-256.8,131,Advanced
34,1,23,4,19,0.175,65.96,8,5,2,65.87,166.0,536.5,79,Beginner
425,5,15,7,8,0.475,31.63,2,1,0,20.0,-303.1,-242.3,131,Beginner
31,4,30,6,24,0.195,54.19,5,1,2,20.0,-359.5,507.5,148,Beginner
307,4,19,2,17,0.108,45.41,3,1,0,25.51,-235.7,68.0,115,Beginner
470,4,24,22,2,0.926,39.2,8,8,7,98.0,833.4,449.2,124,Advanced
308,4,12,8,4,0.669,39.55,4,4,0,85.57,284.2,122.7,20,Intermediate
241,4,22,3,19,0.115,59.19,6,1,0,23.05,-276.9,561.1,113,Beginner
209,1,18,4,14,0.216,43.4,6,5,2,81.89,243.8,407.4,77,Beginner
320,1,29,13,16,0.461,48.8,9,7,2,56.06,41.8,114.3,80,Beginner
286,1,26,18,8,0.695,37.22,8,0,0,26.71,-140.6,-328.2,148,Beginner
251,5,29,28,1,0.98,18.21,10,9,3,96.98,398.6,-255.3,39,Advanced
77,3,16,3,13,0.212,60.68,5,4,1,53.38,185.9,520.0,39,Beginner
332,5,23,9,14,0.381,35.03,7,3,1,32.95,110.9,118.0,29,Beginner
370,5,23,11,12,0.47,37.74,8,4,2,64.53,89.4,44.6,6,Beginner
355,2,15,7,8,0.483,34.32,4,5,0,70.76,172.1,195.5,26,Beginner
38,1,16,9,7,0.582,44.36,5,4,0,76.94,239.3,187.9,78,Intermediate
352,5,24,2,22,0.074,68.45,8,5,1,78.39,172.7,565.2,55,Beginner
365,3,13,1,12,0.05,55.33,4,3,0,55.77,59.7,596.2,40,Beginner
92,2,18,1,17,0.05,59.36,4,0,1,23.32,-236.6,508.1,150,Beginner
425,4,25,2,23,0.073,66.23,5,1,0,26.07,-303.1,474.9,112,Beginner
262,3,27,1,26,0.05,53.63,0,0,0,20.0,-500.0,558.4,29,Beginner
237,2,22,20,2,0.922,27.31,7,8,5,98.0,548.7,174.8,142,Advanced
362,2,24,1,23,0.05,61.98,3,1,1,20.0,-324.7,464.2,96,Beginner
255,5,27,25,2,0.92,23.78,9,7,5,98.0,507.2,-383.4,65,Advanced
273,2,14,14,0,0.98,20.62,5,5,4,98.0,561.8,169.7,55,Advanced
157,5,24,7,17,0.308,50.2,8,6,3,68.44,223.6,422.4,120,Beginner
464,3,25,21,4,0.832,38.99,8,8,4,82.36,413.2,28.5,65,Advanced
485,1,27,21,6,0.768,41.51,7,4,1,46.32,26.2,-248.7,108,Intermediate
66,1,22,22,0,0.98,23.76,7,8,7,98.0,762.0,94.7,72,Advanced
367,4,13,5,8,0.357,32.75,4,2,0,60.26,123.8,153.6,101,Beginner
12,1,11,2,9,0.163,56.75,4,1,0,58.38,68.6,544.2,114,Beginner
185,1,22,14,8,0.641,49.65,7,4,0,65.77,277.0,183.1,5,Intermediate
485,3,15,13,2,0.864,31.61,5,1,2,73.12,26.2,-364.4,19,Intermediate
88,3,17,13,4,0.792,40.2,6,4,4,72.47,293.7,62.5,109,Intermediate
189,5,19,19,0,0.98,38.7,6,6,4,98.0,592.1,177.2,44,Advanced
110,5,25,20,5,0.793,15.8,8,7,4,63.11,136.0,-349.4,117,Intermediate
365,5,17,8,9,0.449,33.7,6,1,1,48.83,59.7,146.6,57,Beginner
232,1,22,21,1,0.951,24.22,7,4,3,93.18,402.6,77.1,12,Advanced
297,5,20,17,3,0.855,22.56,7,2,0,37.96,0.5,-340.8,66,Intermediate
472,5,11,10,1,0.945,20.24,4,3,4,98.0,799.3,2.5,137,Advanced
261,4,24,20,4,0.829,27.09,7,8,2,94.53,370.1,107.6,148,Advanced
368,5,21,3,18,0.144,61.81,6,4,1,58.04,89.9,485.8,70,Beginner
49,5,14,12,2,0.85,33.52,5,5,2,94.48,577.2,193.8,99,Advanced
108,4,25,7,18,0.279,45.49,3,1,1,20.0,-375.5,-211.8,116,Beginner
474,3,12,7,5,0.611,48.02,4,4,2,98.0,523.6,439.8,62,Intermediate
430,2,15,1,14,0.098,43.23,2,0,1,20.0,-422.8,196.1,105,Beginner
329,2,15,15,0,0.98,26.42,5,2,0,53.79,121.7,-351.9,132,Intermediate
190,2,23,16,7,0.685,33.33,8,8,4,98.0,612.2,433.4,120,Advanced
100,3,30,28,2,0.919,9.37,9,4,0,61.63,103.9,-306.3,84,Intermediate
426,3,27,2,25,0.059,58.65,9,2,1,55.66,46.7,405.1,4,Beginner
393,2,12,8,4,0.685,51.77,4,4,3,98.0,608.9,445.3,107,Advanced
121,1,11,2,9,0.18,55.26,4,2,1,79.73,310.4,496.0,97,Beginner
295,3,26,1,25,0.05,55.03,8,3,1,48.94,-5.9,480.0,72,Beginner
310,1,22,19,3,0.843,18.92,4,2,0,42.72,-109.3,-309.7,48,Intermediate
239,2,17,1,16,0.075,68.81,4,0,0,36.91,-195.7,558.4,70,Beginner
464,1,28,27,1,0.957,28.35,10,8,3,95.3,413.2,-364.3,57,Advanced
63,2,13,11,2,0.859,30.89,4,4,2,98.0,521.6,97.4,22,Advanced
129,4,12,9,3,0.761,28.94,4,4,1,73.0,228.0,21.9,21,Intermediate
48,4,20,16,4,0.82,22.49,6,2,0,41.36,21.4,-362.3,50,Intermediate
347,1,15,12,3,0.785,20.05,4,0,0,60.13,14.3,-212.4,86,Intermediate
323,4,14,14,0,0.973,26.67,5,3,1,97.81,497.7,-266.6,3,Advanced
494,2,23,18,5,0.762,23.83,6,5,1,46.33,24.8,-215.8,109,Intermediate
272,3,16,14,2,0.897,21.93,5,6,2,85.56,298.6,-348.6,5,Advanced
76,4,22,17,5,0.775,58.15,7,8,5,98.0,784.7,533.9,37,Advanced
226,1,21,21,0,0.98,29.35,7,7,5,98.0,680.8,136.8,138,Advanced
45,1,26,10,16,0.375,39.12,8,6,2,98.0,494.6,593.9,24,Intermediate
336,1,30,2,28,0.05,53.48,8,4,1,70.16,51.7,476.2,37,Beginner
338,2,23,16,7,0.694,39.77,8,8,4,98.0,569.8,467.3,143,Advanced
429,1,16,12,4,0.722,34.0,4,3,1,76.46,285.1,151.1,11,Intermediate
170,1,22,2,20,0.08,48.45,5,6,1,41.28,46.3,503.6,37,Beginner
156,3,20,17,3,0.864,48.5,7,7,4,98.0,673.4,484.0,84,Advanced
36,1,19,1,18,0.052,56.43,4,2,0,44.43,-14.4,497.3,50,Beginner
208,3,17,2,15,0.094,53.9,3,3,0,38.93,2.0,467.9,89,Beginner
238,2,11,6,5,0.54,35.27,4,0,0,55.18,43.0,38.3,133,Beginner
378,5,15,4,11,0.252,44.72,4,2,0,52.13,-59.4,191.3,69,Beginner
377,1,22,8,14,0.369,52.83,7,6,3,98.0,452.8,534.4,63,Intermediate
71,3,11,8,3,0.73,27.82,4,3,1,69.95,253.3,38.3,47,Intermediate
143,3,13,4,9,0.318,56.04,3,5,0,83.49,342.8,533.8,50,Beginner
256,4,21,16,5,0.749,32.08,6,0,1,41.64,-83.6,-218.4,87,Beginner
168,1,30,29,1,0.98,27.35,9,2,2,71.05,132.3,-247.3,11,Intermediate
13,5,13,2,11,0.14,49.98,3,1,0,24.47,-302.7,59.5,22,Beginner
423,2,11,9,2,0.825,21.25,4,3,2,79.1,269.4,-208.9,119,Intermediate
366,1,17,2,15,0.126,58.94,6,2,1,71.39,140.7,495.5,67,Beginner
261,4,11,10,1,0.952,42.02,4,2,2,76.11,370.1,-221.3,111,Advanced
159,3,28,22,6,0.802,44.34,10,8,4,98.0,603.7,443.2,129,Advanced
422,4,26,25,1,0.98,24.88,9,9,6,98.0,708.8,-321.8,41,Advanced
18,5,12,1,11,0.093,49.83,3,2,0,38.93,-106.7,502.0,57,Beginner
224,2,12,3,9,0.215,35.88,4,0,0,53.33,53.3,153.1,92,Beginner
401,5,21,17,4,0.789,26.02,6,2,0,59.04,79.7,-217.1,105,Intermediate
477,5,18,12,6,0.679,33.05,3,1,0,32.25,-131.9,-283.0,9,Beginner
126,3,24,21,3,0.87,32.96,8,8,2,98.0,442.0,71.6,85,Advanced
326,4,29,16,13,0.537,49.01,10,10,1,98.0,423.0,405.3,35,Intermediate
95,1,17,10,7,0.578,53.52,6,6,2,98.0,394.1,412.1,69,Intermediate
58,4,26,25,1,0.98,17.9,9,8,2,85.3,395.3,-335.4,122,Advanced
177,1,16,14,2,0.886,33.91,5,6,5,98.0,711.2,159.8,24,Advanced
443,3,14,12,2,0.851,25.73,5,1,1,61.39,130.8,-268.7,143,Intermediate
345,4,30,27,3,0.886,25.87,9,10,7,98.0,693.9,2.8,52,Advanced
245,1,15,2,13,0.131,43.34,4,1,0,25.03,-133.8,182.5,116,Beginner
142,3,13,13,0,0.98,18.23,4,5,3,98.0,673.0,-304.6,28,Advanced
71,3,22,17,5,0.755,25.2,7,5,2,83.99,253.3,116.5,109,Intermediate
136,2,22,11,11,0.521,52.15,7,8,5,86.15,540.4,507.4,127,Intermediate
77,3,20,19,1,0.948,28.38,7,4,1,61.38,185.9,-361.1,101,Intermediate
94,5,11,11,0,0.98,23.99,3,2,1,98.0,439.4,-274.9,140,Advanced
344,5,12,9,3,0.785,25.9,4,1,1,64.51,115.2,-246.0,12,Intermediate
67,5,25,24,1,0.98,19.86,8,8,1,74.56,314.9,-369.3,138,Advanced
24,5,13,13,0,0.98,28.42,4,3,3,81.37,254.8,-336.3,84,Advanced
272,2,15,10,5,0.68,35.08,5,3,0,75.1,298.6,150.7,38,Intermediate
144,1,26,25,1,0.949,22.34,8,9,3,91.84,437.3,-298.9,102,Advanced
228,1,17,5,12,0.288,63.67,6,5,2,80.44,395.6,578.8,74,Beginner
70,5,17,1,16,0.062,62.23,6,1,0,57.54,74.0,491.6,115,Beginner
105,2,29,1,28,0.05,50.86,7,0,1,32.77,-253.7,586.0,110,Beginner
221,4,26,13,13,0.506,35.51,7,8,1,59.19,130.1,90.9,107,Beginner
346,3,24,24,0,0.98,18.5,7,7,2,76.91,217.4,-239.2,127,Advanced
208,4,13,10,3,0.747,28.98,4,1,1,49.8,2.0,-215.4,50,Intermediate
271,4,15,14,1,0.964,3.0,5,2,0,87.08,284.5,-389.3,35,Advanced
261,5,22,7,15,0.295,58.99,7,8,2,83.3,370.1,569.8,87,Beginner
135,1,27,1,26,0.05,60.37,5,1,0,57.71,-47.3,415.8,35,Beginner
140,2,20,19,1,0.953,24.79,7,6,3,98.0,548.3,19.0,122,Advanced
213,1,25,24,1,0.98,16.75,8,5,2,71.55,196.0,-323.5,137,Intermediate
17,2,16,10,6,0.615,46.25,5,4,1,72.61,203.6,77.1,75,Intermediate
343,2,17,13,4,0.766,34.36,6,4,0,53.98,77.0,-259.3,119,Intermediate
308,5,22,3,19,0.116,54.99,7,5,2,74.18,284.2,563.3,62,Beginner
154,4,21,21,0,0.98,23.07,7,6,3,98.0,561.5,-372.0,132,Advanced
187,1,12,7,5,0.593,21.59,4,3,0,63.74,233.3,138.7,14,Intermediate
165,3,18,3,15,0.154,44.72,3,1,0,20.15,-250.4,57.6,148,Beginner
326,4,27,23,4,0.857,15.32,9,7,2,84.8,423.0,-215.4,83,Advanced
380,4,21,17,4,0.826,34.88,6,5,0,76.09,215.1,40.1,144,Intermediate
55,5,25,6,19,0.247,65.02,7,9,2,96.29,415.9,590.4,107,Beginner
207,2,27,25,2,0.918,24.41,9,9,5,98.0,636.0,-218.3,110,Advanced
7,5,16,14,2,0.862,21.7,5,6,1,88.56,412.3,80.7,54,Advanced
227,5,14,10,4,0.706,44.34,5,4,1,54.61,110.7,89.8,100,Intermediate
125,2,22,22,0,0.98,24.92,7,8,7,98.0,931.9,-376.7,113,Advanced
168,4,20,18,2,0.891,26.42,7,3,1,65.4,132.3,-252.5,111,Intermediate
229,4,28,20,8,0.724,18.82,10,7,0,78.99,178.1,-259.9,150,Intermediate
162,5,13,13,0,0.98,26.73,4,3,0,68.51,191.1,-241.2,9,Intermediate
198,1,18,3,15,0.178,42.66,4,1,0,46.51,-37.1,176.1,32,Beginner
383,2,11,1,10,0.05,49.13,1,0,0,25.02,-249.3,495.0,65,Beginner
406,5,17,10,7,0.589,60.01,6,6,3,98.0,679.3,577.2,94,Intermediate
3,1,22,10,12,0.469,67.86,7,6,4,98.0,480.7,575.7,89,Intermediate
189,3,26,25,1,0.947,32.14,9,9,5,98.0,592.1,3.3,51,Advanced
424,2,27,10,17,0.362,55.19,9,7,4,96.15,421.7,443.8,21,Intermediate
266,4,10,8,2,0.805,46.56,3,4,3,98.0,462.0,198.9,37,Advanced
103,3,28,16,12,0.579,23.2,6,2,0,21.04,-270.5,-368.5,117,Beginner
297,5,24,21,3,0.893,18.96,6,2,0,49.19,0.5,-326.9,84,Intermediate
73,1,14,12,2,0.862,25.05,5,4,1,90.69,416.6,55.7,3,Advanced
11,3,14,6,8,0.397,54.02,4,4,1,98.0,548.8,544.3,58,Intermediate
317,3,26,12,14,0.466,35.29,8,7,2,60.01,89.9,109.6,60,Beginner
258,3,24,23,1,0.946,17.76,8,7,4,98.0,605.8,-314.0,93,Advanced
379,1,14,1,13,0.088,57.12,5,4,0,75.78,252.8,521.2,122,Beginner
173,3,19,15,4,0.769,25.03,5,2,1,49.62,18.6,-374.8,100,Intermediate
428,5,28,2,26,0.07,66.7,5,2,0,20.0,-318.5,563.1,149,Beginner
211,4,10,2,8,0.206,57.3,3,2,0,75.37,330.4,544.5,62,Beginner
370,1,20,2,18,0.112,41.25,7,3,0,65.37,89.4,424.7,124,Beginner
51,4,28,5,23,0.168,62.44,9,6,4,68.03,213.4,566.5,3,Beginner
49,5,10,8,2,0.814,35.97,3,4,1,98.0,577.2,-264.3,46,Advanced
392,5,21,15,6,0.696,35.99,6,6,1,85.61,319.2,178.4,137,Intermediate
417,1,21,2,19,0.107,65.07,6,3,0,55.59,15.0,492.6,9,Beginner
472,1,16,14,2,0.859,39.09,5,6,3,98.0,799.3,466.3,145,Advanced
163,1,21,18,3,0.851,28.86,7,7,4,98.0,498.2,-369.5,78,Advanced
12,2,24,21,3,0.885,20.02,8,3,0,61.93,68.6,-385.4,42,Intermediate
490,5,15,3,12,0.185,36.37,0,0,1,20.0,-500.0,-277.1,4,Beginner
301,3,20,17,3,0.839,23.88,7,7,3,98.0,563.8,18.5,130,Advanced
124,5,21,17,4,0.793,37.97,7,5,3,88.65,390.8,184.0,27,Advanced
382,1,10,8,2,0.82,41.22,3,4,3,98.0,827.3,564.2,137,Advanced
452,4,14,3,11,0.188,44.37,5,2,1,81.31,273.6,480.4,149,Beginner
143,4,23,18,5,0.795,38.31,8,8,1,84.25,342.8,173.8,34,Intermediate
385,5,20,16,4,0.811,29.78,6,3,0,55.45,-24.6,-321.9,105,Intermediate
394,3,30,26,4,0.874,31.12,9,9,3,73.79,272.6,62.6,73,Intermediate
251,4,27,25,2,0.931,31.43,7,7,3,93.63,398.6,-376.9,87,Advanced
317,1,14,11,3,0.794,25.08,4,3,1,57.09,89.9,-226.9,13,Intermediate
135,5,30,22,8,0.726,29.74,9,2,2,30.53,-47.3,-278.2,67,Beginner
465,4,28,26,2,0.945,22.65,9,4,1,65.47,104.5,-370.8,67,Intermediate
492,4,18,16,2,0.875,23.09,6,6,4,98.0,676.5,-315.2,84,Advanced
491,2,23,2,21,0.079,49.16,4,0,0,20.72,-280.1,172.0,46,Beginner
369,1,15,14,1,0.922,40.77,5,4,0,74.07,252.2,-279.9,66,Intermediate
22,4,11,10,1,0.92,30.1,4,3,3,98.0,646.8,-278.2,25,Advanced
184,4,14,13,1,0.946,28.76,5,3,1,74.11,237.3,-271.0,50,Intermediate
223,1,25,17,8,0.669,42.76,7,7,1,74.7,244.0,174.7,84,Intermediate
480,5,21,19,2,0.912,8.49,7,6,3,98.0,519.6,0.6,94,Advanced
274,1,19,16,3,0.833,29.48,5,4,0,41.55,-75.8,-339.0,20,Intermediate
269,4,20,20,0,0.98,31.27,7,4,1,91.68,207.6,-396.5,92,Advanced
74,1,26,1,25,0.05,59.07,5,0,1,20.92,-263.4,496.4,53,Beginner
397,4,24,21,3,0.868,31.86,8,8,4,82.63,424.1,146.6,37,Advanced
169,3,23,4,19,0.194,33.42,6,0,0,20.0,-307.0,13.1,130,Beginner
46,2,20,8,12,0.405,38.4,6,3,0,59.21,39.5,157.1,117,Beginner
494,4,10,0,10,0.05,53.97,1,1,1,39.75,24.8,534.6,102,Beginner
96,5,17,5,12,0.323,57.49,6,5,1,77.55,372.3,446.1,64,Beginner
9,4,12,7,5,0.558,45.34,4,1,0,51.85,126.8,83.9,121,Beginner
39,4,26,3,23,0.1,74.12,8,5,1,75.65,219.9,586.4,63,Beginner
227,1,17,16,1,0.947,19.03,5,4,0,71.71,110.7,-385.7,35,Intermediate
52,5,15,1,14,0.05,41.88,3,0,0,20.0,-407.8,156.1,72,Beginner
422,3,20,19,1,0.963,22.09,7,7,5,98.0,708.8,69.6,85,Advanced
257,1,20,15,5,0.771,17.77,7,7,3,78.97,500.6,-256.9,94,Intermediate
162,3,29,4,25,0.146,53.22,9,9,2,63.15,191.1,572.6,44,Beginner
2,4,13,3,10,0.25,50.36,4,1,0,66.08,112.6,417.7,83,Beginner
240,4,27,24,3,0.906,31.12,9,6,1,76.74,292.4,-200.4,68,Intermediate
76,3,14,13,1,0.894,36.47,5,5,3,98.0,784.7,438.2,36,Advanced
490,2,26,10,16,0.402,44.24,3,1,0,20.0,-500.0,-340.1,92,Beginner
146,2,21,20,1,0.952,39.4,7,7,6,98.0,897.6,140.8,47,Advanced
238,4,21,2,19,0.081,61.2,6,4,1,57.92,43.0,522.1,58,Beginner
10,5,24,24,0,0.98,33.55,7,6,1,81.21,276.9,-225.7,145,Advanced
66,4,11,11,0,0.98,21.92,4,3,1,98.0,762.0,187.2,80,Advanced
104,4,26,21,5,0.818,23.18,9,9,3,91.65,399.9,32.8,83,Advanced
26,4,25,23,2,0.903,26.55,8,4,3,52.85,120.0,-334.5,89,Intermediate
363,3,14,13,1,0.921,28.84,5,5,0,77.12,333.5,20.7,21,Intermediate
473,3,11,8,3,0.762,38.92,4,2,1,62.94,-55.9,-226.0,20,Intermediate
493,3,25,12,13,0.472,33.86,8,5,1,52.89,129.6,184.2,65,Beginner
133,1,11,8,3,0.766,21.14,4,1,0,98.0,629.9,-303.9,4,Intermediate
395,3,22,17,5,0.793,24.66,7,6,1,75.4,199.6,-249.9,45,Intermediate
253,1,15,6,9,0.383,53.02,5,4,3,78.32,368.0,551.3,14,Intermediate
23,5,25,24,1,0.98,17.6,7,9,3,98.0,448.6,-247.0,95,Advanced
46,5,29,10,19,0.339,39.13,9,3,1,75.82,39.5,174.9,133,Beginner
274,3,27,1,26,0.05,59.49,9,2,0,40.49,-75.8,574.5,5,Beginner
212,4,25,1,24,0.05,71.79,7,1,0,48.96,-35.2,587.2,148,Beginner
5,1,23,22,1,0.973,18.05,6,5,0,44.35,89.5,-369.6,73,Intermediate
466,3,11,8,3,0.697,53.8,4,3,3,98.0,816.4,582.3,22,Advanced
366,5,29,3,26,0.095,64.08,9,4,1,46.16,140.7,450.4,48,Beginner
252,3,29,28,1,0.976,21.31,10,8,2,68.65,293.7,-318.2,53,Intermediate
494,5,11,2,9,0.143,56.09,4,1,2,53.43,24.8,403.1,53,Beginner
486,1,26,12,14,0.469,54.68,9,7,2,98.0,510.9,507.0,50,Intermediate
487,5,12,12,0,0.98,28.62,4,4,1,98.0,603.5,24.2,145,Advanced
130,2,22,18,4,0.815,35.21,7,7,1,82.1,364.4,174.7,90,Intermediate
441,1,15,2,13,0.154,52.11,5,5,3,77.05,403.5,568.2,27,Beginner
253,4,12,6,6,0.486,56.05,3,4,1,84.26,368.0,459.8,47,Intermediate
364,4,14,4,10,0.286,38.27,4,1,1,27.31,-162.8,73.5,53,Beginner
430,1,16,1,15,0.064,57.57,2,0,0,20.0,-422.8,464.7,144,Beginner
82,2,17,2,15,0.135,56.26,5,2,1,69.07,138.6,446.8,131,Beginner
225,5,16,10,6,0.637,51.54,5,6,1,97.98,457.3,400.3,28,Intermediate
65,1,19,3,16,0.14,69.31,5,1,0,61.45,69.6,447.1,106,Beginner
140,1,23,21,2,0.931,19.74,8,8,4,98.0,548.3,-376.0,73,Advanced
207,5,19,19,0,0.98,25.27,6,6,5,98.0,636.0,-203.9,34,Advanced
428,4,22,1,21,0.05,36.1,1,3,0,20.0,-318.5,159.2,34,Beginner
432,3,18,7,11,0.399,48.8,4,2,0,54.95,88.8,127.0,99,Beginner
195,2,15,14,1,0.908,29.51,5,5,1,97.22,426.6,85.5,61,Advanced
165,5,13,1,12,0.05,57.93,0,1,0,21.57,-250.4,540.9,3,Beginner
266,5,16,9,7,0.556,49.24,5,6,1,93.56,462.0,457.1,31,Intermediate
456,1,14,1,13,0.05,45.06,3,2,0,41.35,-172.0,140.1,1,Beginner
489,5,20,1,19,0.05,54.43,7,4,1,60.14,23.4,528.1,14,Beginner
114,3,23,23,0,0.98,33.22,8,8,6,98.0,697.0,-201.2,27,Advanced
94,2,27,20,7,0.739,36.45,9,8,3,98.0,439.4,146.4,136,Intermediate
354,2,16,14,2,0.856,31.78,5,2,0,45.47,56.9,-277.5,51,Intermediate
151,3,12,11,1,0.905,25.13,4,4,2,98.0,621.4,138.2,88,Advanced
100,3,27,13,14,0.469,33.91,9,3,0,54.37,103.9,143.6,138,Beginner
16,5,25,2,23,0.078,60.65,6,1,1,35.59,-144.0,581.3,101,Beginner
202,1,16,9,7,0.57,39.27,4,2,1,65.47,95.9,51.6,143,Intermediate
196,4,30,20,10,0.682,35.48,9,5,0,76.81,223.6,74.6,61,Intermediate
282,1,23,22,1,0.954,19.46,8,7,2,73.27,199.1,-333.5,5,Intermediate
101,1,25,23,2,0.925,29.81,8,4,1,66.74,156.4,-312.1,24,Intermediate
358,2,17,1,16,0.06,49.05,5,2,1,44.27,-44.6,427.6,141,Beginner
341,4,19,7,12,0.362,47.93,6,7,1,84.93,253.2,435.3,146,Beginner
232,2,17,15,2,0.866,26.0,6,6,2,77.89,402.6,-323.9,92,Advanced
91,2,25,22,3,0.893,18.15,6,2,0,43.71,-9.6,-339.2,51,Intermediate
254,5,27,9,18,0.333,30.28,9,2,0,52.43,-8.6,62.8,24,Beginner
338,2,28,19,9,0.67,62.39,10,9,4,98.0,569.8,546.5,111,Intermediate
187,4,16,13,3,0.785,38.08,5,3,2,70.56,233.3,15.1,56,Intermediate
132,5,26,18,8,0.707,43.71,5,5,1,44.0,-39.1,-275.3,136,Beginner
254,4,24,8,16,0.32,42.95,6,2,1,38.82,-8.6,109.7,104,Beginner
178,5,10,8,2,0.848,29.41,3,3,0,77.01,313.4,-397.5,85,Intermediate
201,5,26,24,2,0.906,23.82,9,9,6,98.0,742.1,-365.2,126,Advanced
175,1,12,12,0,0.959,23.06,4,1,0,67.1,44.6,-370.5,62,Intermediate
152,1,12,11,1,0.951,33.66,4,2,3,81.26,336.1,27.3,96,Advanced
359,2,12,5,7,0.39,50.39,4,0,0,42.94,-6.7,128.9,39,Beginner
231,4,21,20,1,0.943,30.41,7,6,4,98.0,719.7,-372.7,149,Advanced
234,2,10,9,1,0.912,22.28,3,4,0,75.7,386.2,52.9,8,Intermediate
327,4,20,14,6,0.717,34.98,6,4,0,77.55,176.7,60.9,36,Intermediate
181,5,25,24,1,0.971,35.97,8,8,5,98.0,655.9,400.1,11,Advanced
51,1,21,1,20,0.065,58.13,7,4,1,73.85,213.4,581.1,143,Beginner
427,5,15,14,1,0.954,38.19,4,2,0,45.18,-72.1,-370.8,101,Intermediate
28,3,17,7,10,0.42,39.64,6,6,2,97.55,425.3,427.7,39,Intermediate
286,5,25,3,22,0.133,70.93,7,2,0,37.99,-140.6,418.5,139,Beginner
133,4,17,9,8,0.551,54.87,5,6,3,98.0,629.9,563.5,110,Intermediate
107,1,23,9,14,0.37,37.42,8,5,1,65.42,119.9,177.4,114,Beginner
21,5,24,15,9,0.625,31.34,7,5,1,68.46,117.8,13.8,80,Intermediate
451,1,20,18,2,0.896,20.11,7,6,3,98.0,543.7,-274.4,47,Advanced
215,2,17,1,16,0.08,54.93,6,2,0,35.93,-52.5,504.5,140,Beginner
172,3,11,11,0,0.98,27.02,4,3,3,88.2,529.1,42.2,18,Advanced
371,5,25,1,24,0.05,43.75,5,2,0,20.0,-188.7,172.8,36,Beginner
20,1,16,4,12,0.271,36.64,3,2,1,37.27,17.8,179.0,31,Beginner
283,3,19,17,2,0.874,23.35,6,7,6,98.0,802.4,-334.5,115,Advanced
248,1,10,10,0,0.98,15.9,3,1,1,53.42,140.3,-333.7,129,Intermediate
277,2,25,5,20,0.183,36.69,7,1,0,20.0,-270.4,145.7,127,Beginner
62,2,29,22,7,0.75,24.73,10,8,5,92.6,357.6,155.1,38,Intermediate
477,3,28,1,27,0.05,72.7,7,3,0,41.82,-131.9,568.6,81,Beginner
120,4,16,3,13,0.203,42.7,5,2,1,41.78,-32.5,101.4,82,Beginner
340,4,11,8,3,0.762,41.54,4,0,2,73.55,278.3,189.4,145,Intermediate
374,4,11,8,3,0.7,46.08,3,3,2,98.0,503.0,426.8,150,Advanced
172,1,17,14,3,0.812,28.44,5,6,0,98.0,529.1,-386.0,48,Advanced
66,4,10,8,2,0.812,55.89,3,4,3,98.0,762.0,555.9,150,Advanced
149,4,13,1,12,0.05,60.66,1,0,0,27.73,-232.5,477.2,134,Beginner
404,1,22,20,2,0.914,36.38,7,8,1,98.0,542.8,-202.9,33,Advanced
454,5,10,9,1,0.863,24.64,3,4,1,98.0,492.6,-261.7,111,Advanced
469,4,23,19,4,0.81,29.09,8,6,0,84.2,357.2,-255.7,144,Intermediate
114,4,28,27,1,0.947,29.83,10,8,7,98.0,697.0,-296.8,39,Advanced
304,3,30,29,1,0.98,20.58,10,9,8,84.3,474.9,48.1,47,Advanced
76,4,30,27,3,0.885,25.2,9,9,7,98.0,784.7,-255.5,133,Advanced
356,2,16,16,0,0.971,17.76,5,6,4,98.0,540.9,142.7,125,Advanced
208,4,23,22,1,0.96,25.13,7,4,0,54.09,2.0,-355.5,123,Intermediate
357,4,10,10,0,0.98,22.95,3,4,1,95.03,512.3,-397.4,36,Advanced
343,4,15,15,0,0.98,23.49,4,5,1,58.09,77.0,-298.0,39,Intermediate
497,4,26,25,1,0.98,22.2,9,5,1,70.88,257.3,-224.8,6,Intermediate
245,1,14,2,12,0.176,65.15,3,2,0,27.81,-133.8,584.8,109,Beginner
171,1,16,14,2,0.87,18.7,5,3,1,65.64,247.7,-300.0,121,Intermediate
264,3,18,18,0,0.975,38.41,6,3,0,70.21,216.0,-214.8,123,Intermediate
82,5,16,16,0,0.98,28.91,5,5,0,64.68,138.6,-365.6,69,Intermediate
56,2,25,17,8,0.679,28.4,8,5,3,80.92,324.7,149.0,13,Intermediate
260,3,29,11,18,0.388,38.78,10,8,2,63.05,197.1,103.4,148,Beginner
413,5,21,1,20,0.052,62.62,6,3,1,63.71,148.1,462.6,130,Beginner
267,4,22,13,9,0.57,38.4,6,5,2,70.18,227.6,142.3,54,Intermediate
391,1,25,22,3,0.897,23.14,8,8,3,83.29,416.3,103.7,110,Advanced
89,5,18,12,6,0.646,47.49,6,4,2,70.42,197.5,62.0,55,Intermediate
225,5,19,10,9,0.549,51.41,6,7,3,98.0,457.3,423.2,129,Intermediate
307,4,29,4,25,0.122,31.92,7,2,0,25.23,-235.7,46.2,85,Beginner
174,4,18,17,1,0.941,26.36,6,6,5,98.0,747.2,-355.4,150,Advanced
8,3,15,1,14,0.073,54.14,5,2,0,61.92,1.7,431.1,120,Beginner
37,4,10,3,7,0.278,51.8,3,3,0,91.58,315.2,444.4,98,Beginner
464,2,10,9,1,0.865,24.84,3,4,1,98.0,413.2,163.9,4,Advanced
303,4,26,7,19,0.287,54.74,7,6,3,69.66,200.0,451.1,66,Beginner
133,3,14,10,4,0.69,36.97,4,5,3,98.0,629.9,419.1,96,Advanced
130,4,25,24,1,0.965,22.45,8,7,3,79.29,364.4,-260.5,76,Advanced
20,5,10,0,10,0.05,64.36,3,0,0,60.91,17.8,587.0,37,Beginner
473,4,26,3,23,0.099,40.38,9,3,0,57.25,-55.9,162.7,90,Beginner
55,5,18,16,2,0.913,29.27,6,3,2,84.23,415.9,126.9,34,Advanced
380,3,27,19,8,0.7,43.75,9,5,0,51.35,215.1,173.6,144,Intermediate
121,4,27,5,22,0.195,50.47,9,9,0,80.9,310.4,532.0,14,Beginner
168,2,21,16,5,0.757,27.55,7,3,2,56.0,132.3,40.5,41,Intermediate
137,4,30,17,13,0.574,26.92,10,9,1,66.73,223.9,139.0,2,Intermediate
413,2,29,25,4,0.876,20.18,10,7,1,62.91,148.1,-219.1,32,Intermediate
17,4,24,18,6,0.763,34.72,8,6,1,73.64,203.6,98.7,46,Intermediate
177,1,20,15,5,0.752,47.65,7,7,6,98.0,711.2,453.0,142,Advanced
140,4,29,22,7,0.756,38.2,9,9,8,98.0,548.3,408.2,98,Advanced
137,2,30,27,3,0.913,29.39,10,5,4,71.38,223.9,-247.3,23,Intermediate
97,2,18,1,17,0.068,58.19,6,4,0,46.94,153.8,502.5,65,Beginner
457,2,16,7,9,0.41,45.1,4,6,3,98.0,556.4,594.4,23,Intermediate
190,3,16,13,3,0.798,26.95,5,6,5,98.0,612.2,23.7,18,Advanced
210,1,29,28,1,0.98,33.73,9,7,0,47.31,74.2,-359.6,89,Intermediate
193,3,13,11,2,0.866,18.63,4,5,2,89.12,449.3,147.9,74,Advanced
491,1,10,6,4,0.629,44.53,2,0,1,23.61,-280.1,-379.4,27,Beginner
170,3,20,17,3,0.831,21.9,6,6,0,55.0,46.3,-298.5,124,Intermediate
171,2,29,22,7,0.772,18.92,9,8,1,79.93,247.7,56.5,147,Intermediate
164,3,16,2,14,0.112,59.57,4,0,0,38.57,-149.3,499.9,126,Beginner
164,1,20,3,17,0.133,50.27,6,4,0,25.7,-149.3,148.5,133,Beginner
45,5,12,8,4,0.655,44.62,4,4,2,75.83,494.6,433.1,88,Intermediate
303,1,27,6,21,0.216,56.2,8,8,1,70.96,200.0,444.5,35,Beginner
13,5,29,16,13,0.553,46.77,7,1,1,24.78,-302.7,-344.3,83,Beginner
113,2,23,23,0,0.98,26.34,8,8,3,98.0,680.5,-372.4,29,Advanced
102,5,12,11,1,0.879,61.93,4,4,4,98.0,856.2,443.5,55,Advanced
146,3,12,9,3,0.772,55.8,4,4,4,98.0,897.6,583.3,60,Advanced
379,5,25,15,10,0.586,38.37,8,6,2,72.51,252.8,189.4,74,Intermediate
300,3,12,11,1,0.952,29.54,4,4,4,98.0,598.0,74.3,123,Advanced
496,4,11,10,1,0.934,25.03,4,3,4,98.0,629.5,67.5,116,Advanced
176,4,28,4,24,0.133,63.72,9,6,0,47.22,45.1,596.4,102,Beginner
465,4,21,2,19,0.105,64.02,7,4,0,76.93,104.5,553.0,65,Beginner
23,3,22,21,1,0.942,22.07,7,8,3,90.84,448.6,-209.9,6,Advanced
253,2,24,23,1,0.95,15.24,8,7,2,93.18,368.0,-208.7,127,Advanced
400,5,17,14,3,0.84,36.23,5,2,1,39.73,-63.6,-344.8,30,Intermediate
266,5,14,7,7,0.522,56.6,5,4,1,98.0,462.0,472.2,93,Intermediate
467,4,20,4,16,0.207,45.44,7,6,2,85.36,249.7,486.4,22,Beginner
158,2,11,2,9,0.191,58.82,4,3,1,78.55,311.4,550.1,62,Beginner
17,3,16,13,3,0.837,32.45,4,3,3,72.56,203.6,-245.8,25,Intermediate
387,4,22,20,2,0.887,34.11,7,8,4,98.0,541.1,71.8,139,Advanced
35,1,29,28,1,0.969,20.04,9,10,7,98.0,795.0,-332.2,61,Advanced
383,1,22,3,19,0.117,51.4,2,1,0,20.0,-249.3,125.5,134,Beginner
367,3,25,20,5,0.795,25.92,8,5,0,62.95,123.8,-256.7,67,Intermediate
423,3,16,4,12,0.233,55.21,5,6,1,70.95,269.4,439.9,60,Beginner
240,5,11,10,1,0.885,18.46,4,2,1,80.44,292.4,-274.2,57,Intermediate
448,2,17,11,6,0.666,3.0,5,2,0,48.81,51.0,2.1,112,Beginner
85,2,24,16,8,0.653,42.56,8,8,7,98.0,594.5,498.1,116,Advanced
218,4,10,1,9,0.08,64.64,1,1,0,20.0,-178.6,565.3,140,Beginner
61,5,28,26,2,0.945,23.46,10,8,7,98.0,706.5,-392.0,9,Advanced
384,5,16,14,2,0.906,45.01,5,6,5,98.0,998.2,444.4,89,Advanced
358,4,24,10,14,0.398,42.2,8,2,1,44.26,-44.6,5.2,37,Beginner
404,1,28,27,1,0.978,24.55,9,9,5,92.18,542.8,52.9,141,Advanced
383,4,22,2,20,0.113,39.38,5,1,1,20.0,-249.3,78.7,39,Beginner
155,1,13,2,11,0.161,39.24,4,3,2,64.91,86.9,423.4,12,Beginner
35,4,15,14,1,0.96,17.27,5,5,5,98.0,795.0,91.5,55,Advanced
465,5,19,8,11,0.419,31.6,6,3,0,40.18,104.5,175.8,141,Beginner
247,4,30,18,12,0.594,42.02,9,6,1,68.41,231.0,182.3,90,Intermediate
48,2,24,20,4,0.85,23.8,7,1,1,62.34,21.4,-336.1,103,Intermediate
464,2,22,5,17,0.24,54.33,7,6,1,94.4,413.2,593.6,90,Beginner
498,4,26,25,1,0.98,20.85,8,5,1,69.46,162.0,-268.9,24,Intermediate
223,4,12,9,3,0.711,32.54,3,3,0,78.92,244.0,185.5,137,Intermediate
386,5,11,11,0,0.975,37.02,4,3,2,96.75,544.2,141.3,19,Advanced
19,1,22,15,7,0.681,26.89,6,4,0,55.63,39.2,-300.3,47,Intermediate
47,4,22,19,3,0.874,33.63,7,7,4,98.0,479.8,39.0,110,Advanced
139,5,15,12,3,0.774,19.21,4,5,2,89.66,388.1,181.7,140,Intermediate
329,1,23,19,4,0.826,29.48,7,4,4,59.02,121.7,-265.1,38,Intermediate
67,3,13,11,2,0.87,21.51,4,4,3,81.1,314.9,-326.6,145,Advanced
18,4,14,1,13,0.05,58.96,4,1,0,30.21,-106.7,566.5,6,Beginner
335,3,28,21,7,0.745,57.29,10,9,8,98.0,701.4,536.9,76,Advanced
386,5,10,10,0,0.98,25.11,3,3,3,92.94,544.2,77.0,31,Advanced
370,4,21,18,3,0.836,29.93,7,2,0,52.41,89.4,-228.3,132,Intermediate
400,2,27,21,6,0.772,20.42,8,3,1,49.1,-63.6,-307.4,16,Intermediate
402,4,24,20,4,0.841,26.06,7,3,0,58.7,63.8,-317.1,87,Intermediate
302,4,19,8,11,0.413,30.91,5,2,0,57.03,109.0,195.8,26,Beginner
260,4,16,4,12,0.253,52.1,5,4,0,56.01,197.1,414.5,16,Beginner
429,2,11,3,8,0.264,59.46,4,3,0,78.14,285.1,525.0,80,Beginner
175,5,12,5,7,0.417,46.23,4,1,0,49.42,44.6,109.4,42,Beginner
49,5,22,9,13,0.414,47.24,7,8,5,98.0,577.2,573.3,80,Intermediate
376,2,21,16,5,0.773,27.48,7,6,1,79.83,339.7,101.3,45,Intermediate
138,2,17,17,0,0.98,20.39,5,5,3,71.19,351.9,-355.3,68,Advanced
490,2,16,1,15,0.05,40.21,2,1,0,20.0,-500.0,25.4,32,Beginner
208,2,11,10,1,0.875,19.39,4,1,0,46.78,2.0,-346.2,113,Intermediate
426,1,12,1,11,0.103,41.66,4,2,1,55.54,46.7,464.2,136,Beginner
22,1,16,16,0,0.98,19.14,5,6,3,98.0,646.8,43.9,3,Advanced
330,4,29,26,3,0.908,30.44,10,9,9,98.0,1040.4,168.0,64,Advanced
225,5,16,15,1,0.922,24.39,5,6,3,98.0,457.3,5.4,134,Advanced
232,1,12,6,6,0.505,55.78,4,3,1,98.0,402.6,482.4,142,Intermediate
133,3,22,20,2,0.887,37.63,7,8,4,98.0,629.9,184.3,149,Advanced
486,2,12,12,0,0.977,27.03,4,4,4,98.0,510.9,126.0,12,Advanced
197,2,18,14,4,0.802,16.97,5,2,0,40.95,-40.8,-254.8,142,Intermediate
426,3,25,1,24,0.058,60.57,5,4,0,58.99,46.7,487.7,12,Beginner
213,1,12,8,4,0.648,34.82,4,1,1,67.07,196.0,113.7,40,Intermediate
25,1,29,25,4,0.855,24.62,8,5,1,68.53,111.7,-210.8,71,Intermediate
440,5,23,13,10,0.555,57.89,7,7,4,91.89,341.0,413.9,132,Intermediate
93,3,29,23,6,0.805,28.05,10,9,3,96.71,434.3,-224.0,66,Advanced
136,1,25,23,2,0.93,25.76,8,9,2,98.0,540.4,-240.0,112,Advanced
431,5,30,7,23,0.22,40.79,8,1,0,31.97,-146.7,55.3,86,Beginner
447,4,20,19,1,0.941,30.85,7,5,0,59.03,221.8,-369.4,73,Intermediate
459,4,10,6,4,0.628,30.42,3,2,0,62.31,127.3,91.0,17,Intermediate
213,4,11,10,1,0.883,19.38,3,1,0,68.93,196.0,-215.6,149,Intermediate
379,3,13,13,0,0.98,23.26,4,4,0,64.25,252.8,-353.3,14,Intermediate
164,4,12,7,5,0.624,22.82,2,2,0,53.99,-149.3,-225.2,35,Beginner
371,2,26,19,7,0.713,29.91,5,3,0,35.58,-188.7,-299.3,129,Beginner
252,4,29,8,21,0.259,54.23,10,7,4,72.65,293.7,468.0,88,Beginner
26,5,23,15,8,0.654,31.06,7,3,3,78.44,120.0,26.2,48,Intermediate
209,5,13,9,4,0.659,31.75,4,3,2,70.41,243.8,122.7,33,Intermediate
234,3,30,20,10,0.676,47.15,10,9,3,95.26,386.2,199.8,23,Intermediate
129,1,16,4,12,0.258,64.65,5,1,0,73.5,228.0,534.3,39,Beginner
188,1,28,25,3,0.897,24.22,10,7,4,71.47,251.6,-352.3,121,Intermediate
252,3,24,22,2,0.916,25.56,8,8,1,76.67,293.7,-215.7,125,Intermediate
25,4,19,7,12,0.349,50.44,6,3,0,72.66,111.7,175.9,102,Beginner
76,1,26,25,1,0.978,27.43,9,9,6,98.0,784.7,189.2,96,Advanced
384,3,23,20,3,0.886,38.84,7,8,7,98.0,998.2,575.7,44,Advanced
176,3,29,6,23,0.195,57.71,9,3,0,38.1,45.1,449.2,108,Beginner
305,3,22,6,16,0.286,60.0,7,7,1,89.18,367.4,559.5,142,Beginner
283,3,18,17,1,0.931,28.32,6,6,6,98.0,802.4,-202.1,54,Advanced
276,2,11,10,1,0.886,30.69,4,3,4,98.0,637.0,-220.6,84,Advanced
207,3,30,28,2,0.942,19.77,9,10,8,98.0,636.0,-215.0,139,Advanced
242,3,26,6,20,0.241,42.94,9,5,3,62.93,178.1,413.8,23,Beginner
412,5,12,2,10,0.205,52.34,4,4,2,73.68,287.8,519.5,69,Beginner
483,2,22,1,21,0.05,65.39,6,2,0,42.65,-155.1,577.6,107,Beginner
129,5,27,23,4,0.858,18.81,9,5,0,58.67,228.0,-220.1,50,Intermediate
335,5,24,24,0,0.98,28.45,8,8,2,98.0,701.4,426.4,13,Advanced
485,2,15,5,10,0.315,42.33,5,1,0,55.35,26.2,149.8,28,Beginner
4,3,12,6,6,0.46,43.98,4,4,2,98.0,495.7,456.2,133,Intermediate
393,4,29,25,4,0.875,15.76,10,10,3,98.0,608.9,84.2,40,Advanced
249,3,17,16,1,0.926,25.42,6,5,2,98.0,669.7,-362.0,131,Advanced
484,4,28,27,1,0.98,22.2,10,9,0,62.13,156.5,-384.5,119,Intermediate
290,2,19,1,18,0.062,72.32,6,5,1,59.32,129.2,568.9,94,Beginner
420,5,26,4,22,0.144,44.71,7,0,1,37.79,-127.2,147.3,50,Beginner
84,4,15,8,7,0.545,40.78,5,5,1,72.5,87.4,97.5,63,Intermediate
72,1,22,22,0,0.98,31.14,7,8,5,98.0,680.8,180.0,49,Advanced
464,2,21,19,2,0.907,25.73,7,7,3,95.32,413.2,97.3,57,Advanced
264,4,14,3,11,0.182,52.87,4,5,0,70.46,216.0,494.3,59,Beginner
280,2,24,21,3,0.861,32.67,7,3,1,62.11,138.8,-335.4,60,Intermediate
85,3,19,17,2,0.897,30.13,6,7,4,97.23,594.5,-287.1,50,Advanced
114,4,23,17,6,0.729,30.75,8,7,6,98.0,697.0,408.4,59,Advanced
410,2,10,9,1,0.934,21.35,3,3,2,98.0,722.6,148.2,79,Advanced
152,5,12,11,1,0.92,16.55,4,3,1,73.45,336.1,-282.9,80,Intermediate
293,4,24,22,2,0.913,32.32,8,8,7,98.0,987.5,-249.8,147,Advanced
159,3,30,29,1,0.97,12.78,9,8,5,98.0,603.7,-249.4,26,Advanced
132,2,12,10,2,0.795,32.36,4,1,0,50.49,-39.1,-328.7,143,Intermediate
84,2,10,9,1,0.877,28.57,2,2,0,54.13,87.4,-296.3,128,Intermediate
465,1,15,13,2,0.849,27.13,5,2,1,55.46,104.5,-247.2,141,Intermediate
471,1,10,8,2,0.841,38.57,3,4,3,98.0,722.8,430.4,121,Advanced
58,4,15,5,10,0.319,64.21,5,3,2,93.03,395.3,547.8,91,Intermediate
177,4,24,18,6,0.739,42.89,7,7,4,98.0,711.2,431.4,64,Advanced
282,1,26,21,5,0.79,18.28,9,6,0,67.39,199.1,0.9,148,Intermediate
192,3,23,22,1,0.968,16.42,8,6,1,73.31,185.8,-325.1,125,Intermediate
361,2,18,15,3,0.84,33.92,6,5,6,98.0,767.8,515.1,55,Advanced
131,4,13,1,12,0.079,65.04,3,1,0,39.85,5.3,454.2,43,Beginner
30,3,21,14,7,0.654,46.58,7,5,2,79.12,260.9,169.4,30,Intermediate
169,4,30,11,19,0.378,42.28,5,0,0,20.0,-307.0,-241.6,104,Beginner
299,4,14,14,0,0.98,23.9,5,5,4,84.67,555.9,-269.9,136,Advanced
91,1,21,10,11,0.497,26.24,3,2,0,45.91,-9.6,49.0,133,Beginner
408,4,17,13,4,0.787,21.85,6,4,2,68.75,323.0,57.6,123,Intermediate
7,5,17,16,1,0.918,17.98,6,3,1,81.38,412.3,-254.7,128,Advanced
34,5,20,3,17,0.141,59.34,7,2,1,64.61,166.0,554.3,59,Beginner
255,4,13,12,1,0.888,37.3,4,5,1,98.0,507.2,65.1,121,Advanced
257,3,14,11,3,0.809,42.73,4,5,2,93.38,500.6,186.2,37,Advanced
148,3,10,10,0,0.98,21.48,3,4,3,98.0,463.9,-281.7,85,Advanced
130,1,24,7,17,0.301,37.41,8,7,3,85.52,364.4,486.6,56,Beginner
35,4,29,25,4,0.877,39.3,10,10,9,98.0,795.0,563.4,38,Advanced
332,1,19,16,3,0.836,34.69,5,2,1,61.43,110.9,-217.0,65,Intermediate
190,2,23,21,2,0.893,28.23,8,8,4,98.0,612.2,48.9,114,Advanced
60,3,30,27,3,0.906,27.8,10,10,2,85.38,525.8,131.6,126,Advanced
200,3,25,4,21,0.15,56.11,7,5,4,80.7,203.1,549.7,90,Beginner
469,2,15,15,0,0.972,19.64,5,5,1,80.79,357.2,-217.7,59,Advanced
131,4,26,3,23,0.116,47.33,5,2,0,44.29,5.3,433.3,96,Beginner
448,5,18,9,9,0.521,46.76,6,3,1,51.89,51.0,9.4,73,Beginner
130,5,30,29,1,0.98,36.93,10,9,1,79.34,364.4,-364.3,52,Advanced
93,3,29,24,5,0.834,19.15,10,9,3,85.11,434.3,-341.0,28,Advanced
131,3,10,8,2,0.825,13.89,2,2,1,57.3,5.3,-340.5,69,Intermediate
162,3,28,27,1,0.948,26.17,10,6,1,70.38,191.1,-303.4,110,Intermediate
61,5,15,14,1,0.901,24.03,5,5,4,98.0,706.5,4.7,87,Advanced
294,5,20,13,7,0.632,54.13,7,7,5,98.0,667.6,557.1,95,Advanced
167,1,25,22,3,0.866,31.15,8,5,1,61.14,69.1,-394.2,114,Intermediate
360,4,12,2,10,0.162,49.9,4,1,2,66.38,282.6,550.3,23,Beginner
246,1,10,8,2,0.751,38.03,2,2,1,45.48,-59.6,-222.1,125,Intermediate
222,4,18,10,8,0.537,33.25,4,5,0,71.82,168.6,116.2,43,Beginner
236,2,22,1,21,0.05,64.34,6,5,0,55.52,183.5,567.4,42,Beginner
79,3,22,18,4,0.84,41.38,7,8,4,98.0,817.9,483.4,47,Advanced
357,4,29,28,1,0.98,32.72,10,10,2,95.83,512.3,33.8,117,Advanced
53,2,15,2,13,0.132,44.74,5,2,0,62.9,85.6,579.2,93,Beginner
361,1,24,22,2,0.917,30.07,8,8,8,98.0,767.8,-205.2,9,Advanced
500,3,14,14,0,0.98,19.08,5,4,1,90.15,318.1,-257.0,4,Advanced
382,5,19,18,1,0.949,31.27,6,7,6,98.0,827.3,167.3,103,Advanced
228,1,21,21,0,0.98,33.61,7,6,3,84.64,395.6,-380.7,88,Advanced
158,2,19,15,4,0.799,25.23,6,4,1,75.36,311.4,85.5,52,Intermediate
437,3,13,12,1,0.936,18.18,4,4,3,98.0,475.7,-291.1,39,Advanced
129,2,13,4,9,0.299,52.92,4,3,0,67.02,228.0,482.9,112,Beginner
242,5,28,4,24,0.145,49.48,10,6,0,76.29,178.1,408.5,137,Beginner
386,3,29,14,15,0.477,46.64,10,10,6,98.0,544.2,576.1,131,Intermediate
462,3,11,3,8,0.267,58.21,4,3,0,64.52,256.0,530.0,124,Beginner
461,1,14,14,0,0.98,26.01,5,5,2,98.0,592.8,-354.8,5,Advanced
44,1,30,27,3,0.897,28.14,8,4,0,75.31,249.3,-303.9,84,Intermediate
450,1,12,2,10,0.188,34.72,2,1,0,27.34,-113.1,82.1,43,Beginner
58,1,21,16,5,0.769,22.21,7,6,3,89.6,395.3,69.3,45,Intermediate
293,3,16,16,0,0.98,26.09,4,6,5,98.0,987.5,57.7,132,Advanced
465,5,30,12,18,0.408,35.5,8,4,1,69.48,104.5,113.6,40,Beginner
328,4,25,18,7,0.73,30.62,8,4,1,78.76,200.9,69.7,101,Intermediate
474,2,25,21,4,0.85,19.95,8,9,2,98.0,523.6,-344.3,9,Advanced
173,1,11,11,0,0.98,29.74,2,2,2,51.87,18.6,-232.7,110,Intermediate
158,3,13,7,6,0.574,30.01,4,4,1,85.57,311.4,189.7,58,Intermediate
164,4,26,7,19,0.286,36.47,4,1,1,30.22,-149.3,12.1,17,Beginner
178,4,14,6,8,0.429,48.56,5,4,2,96.42,313.4,425.7,23,Intermediate
342,3,19,10,9,0.521,37.96,6,5,2,66.18,233.1,184.3,55,Intermediate
227,2,12,2,10,0.184,62.38,4,3,1,75.78,110.7,419.5,95,Beginner
369,3,10,2,8,0.223,44.19,3,4,0,88.9,252.2,450.1,125,Beginner
209,4,25,24,1,0.969,8.3,8,6,1,68.1,243.8,-240.8,130,Intermediate
154,5,13,13,0,0.98,21.42,4,4,1,98.0,561.5,19.4,123,Advanced
96,1,13,10,3,0.741,25.73,4,4,1,90.89,372.3,161.7,12,Intermediate
276,4,27,26,1,0.98,5.56,8,9,6,98.0,637.0,50.0,120,Advanced
450,4,25,21,4,0.843,39.49,7,2,0,37.6,-113.1,-374.9,135,Intermediate
430,2,14,3,11,0.186,65.09,1,1,0,20.0,-422.8,573.6,92,Beginner
127,1,28,21,7,0.762,46.92,9,8,8,98.0,692.0,428.8,61,Advanced
239,2,30,16,14,0.525,29.75,4,1,0,42.39,-195.7,-244.3,126,Beginner
353,2,18,17,1,0.934,27.85,6,6,2,96.77,422.0,-342.4,5,Advanced
307,1,19,12,7,0.608,26.58,4,1,0,20.27,-235.7,-376.7,2,Beginner
34,2,23,6,17,0.247,59.35,8,6,2,72.55,166.0,426.5,13,Beginner
296,1,13,12,1,0.905,28.43,4,4,2,80.45,444.3,42.5,106,Advanced
20,5,28,21,7,0.746,26.87,8,3,1,48.68,17.8,-253.4,1,Intermediate
59,1,12,8,4,0.656,45.4,4,4,3,98.0,615.3,456.5,15,Advanced
327,3,25,13,12,0.512,46.32,8,4,2,72.94,176.7,125.3,89,Intermediate
52,2,22,3,19,0.115,46.6,3,0,0,23.39,-407.8,123.8,88,Beginner
170,5,12,6,6,0.464,30.32,3,0,0,56.37,46.3,94.2,41,Beginner
295,3,19,6,13,0.303,43.32,4,4,0,46.52,-5.9,131.1,127,Beginner
328,3,16,9,7,0.549,40.29,5,5,2,64.5,200.9,148.7,71,Intermediate
223,2,29,27,2,0.933,23.89,10,7,0,81.08,244.0,-286.3,93,Intermediate
48,5,21,10,11,0.497,38.85,6,2,0,50.58,21.4,112.0,110,Beginner
400,4,17,1,16,0.05,51.08,4,1,0,39.62,-63.6,498.5,104,Beginner
475,3,15,7,8,0.493,37.7,3,0,0,60.95,33.4,80.4,63,Beginner
445,2,12,1,11,0.05,49.17,4,0,0,59.83,4.7,479.2,85,Beginner
375,3,20,6,14,0.315,37.82,4,1,0,21.1,-212.2,31.9,30,Beginner
202,2,20,1,19,0.05,56.03,6,6,0,47.62,95.9,566.8,100,Beginner
439,4,30,29,1,0.98,31.78,10,6,2,74.16,249.4,-283.1,126,Advanced
245,2,23,1,22,0.05,67.53,5,2,0,27.49,-133.8,445.2,102,Beginner
69,2,19,19,0,0.98,16.89,6,5,2,68.5,287.1,-364.0,31,Advanced
426,3,17,16,1,0.937,25.99,4,3,2,46.35,46.7,-312.5,146,Intermediate
161,5,15,9,6,0.614,26.62,4,1,0,53.59,-47.9,-223.9,109,Beginner
470,3,23,20,3,0.885,28.15,8,7,7,98.0,833.4,-356.9,143,Advanced
185,5,13,3,10,0.229,58.26,4,3,3,97.36,277.0,538.8,104,Intermediate
435,3,10,5,5,0.462,45.83,3,3,1,79.03,341.7,400.7,100,Intermediate
269,1,28,4,24,0.16,59.92,10,8,1,81.4,207.6,554.8,121,Beginner
234,3,10,10,0,0.961,23.4,3,3,1,92.57,386.2,-235.7,128,Advanced
149,5,14,1,13,0.05,73.14,3,0,1,22.3,-232.5,597.6,67,Beginner
418,5,21,21,0,0.98,38.7,7,7,6,98.0,1167.9,552.9,97,Advanced
31,1,14,5,9,0.367,36.1,2,1,0,20.0,-359.5,-308.9,140,Beginner
235,2,24,23,1,0.939,34.22,8,8,6,98.0,619.9,156.6,117,Advanced
185,4,21,16,5,0.77,31.18,7,6,2,85.6,277.0,21.5,19,Intermediate
272,3,11,10,1,0.901,22.81,4,1,0,76.91,298.6,-356.4,137,Intermediate
128,5,19,14,5,0.742,40.83,6,7,3,87.27,304.9,91.0,81,Intermediate
333,3,27,10,17,0.375,35.13,9,7,0,98.0,389.6,440.9,27,Intermediate
193,2,18,18,0,0.98,17.24,6,6,2,98.0,449.3,-351.5,107,Advanced
95,2,24,18,6,0.731,35.61,8,7,4,80.02,394.1,113.6,146,Intermediate
99,1,22,17,5,0.755,25.19,7,4,3,73.24,236.3,68.3,130,Intermediate
349,2,19,9,10,0.497,44.97,6,7,3,98.0,580.1,551.1,25,Intermediate
131,4,21,1,20,0.058,55.15,6,2,0,41.83,5.3,497.7,98,Beginner
154,2,20,10,10,0.488,47.18,7,6,3,95.67,561.5,562.0,25,Intermediate
314,3,11,9,2,0.85,36.03,4,3,1,98.0,511.6,157.2,100,Advanced
165,1,19,5,14,0.261,45.81,4,0,0,21.66,-250.4,18.3,72,Beginner
195,3,18,14,4,0.794,33.59,6,5,3,91.28,426.6,163.6,145,Advanced
123,5,26,5,21,0.176,48.58,4,2,1,20.0,-292.9,42.4,4,Beginner
173,4,25,24,1,0.942,16.24,8,4,2,69.14,18.6,-348.4,62,Intermediate
347,4,22,1,21,0.05,61.18,7,3,0,47.73,14.3,558.6,117,Beginner
267,2,18,2,16,0.086,65.73,5,5,2,77.44,227.6,497.9,81,Beginner
499,2,23,15,8,0.65,37.9,8,7,1,75.19,210.4,53.5,73,Intermediate
386,1,30,18,12,0.616,60.98,10,10,6,90.91,544.2,525.8,102,Intermediate
9,5,27,19,8,0.707,25.82,8,2,3,74.41,126.8,1.6,45,Intermediate
190,5,14,13,1,0.96,33.94,5,5,4,98.0,612.2,74.9,41,Advanced
145,2,15,13,2,0.848,23.03,5,3,1,51.26,0.0,-359.5,54,Intermediate
294,4,20,20,0,0.98,29.07,7,7,4,98.0,667.6,-319.8,59,Advanced
133,2,23,20,3,0.889,37.57,8,8,5,98.0,629.9,99.9,38,Advanced
484,4,24,13,11,0.556,30.96,7,6,2,72.71,156.5,124.3,104,Intermediate
150,1,26,24,2,0.921,13.07,8,6,1,35.31,3.2,-352.1,53,Intermediate
261,2,21,18,3,0.859,37.83,7,7,4,93.55,370.1,-266.8,60,Advanced
62,2,27,24,3,0.897,28.32,9,9,3,87.23,357.6,-369.5,28,Advanced
455,5,10,0,10,0.05,59.14,3,1,0,59.78,81.9,544.5,137,Beginner
456,3,14,2,12,0.11,58.06,5,0,0,26.07,-172.0,516.9,21,Beginner
397,2,20,17,3,0.846,14.5,6,7,2,90.66,424.1,84.2,86,Advanced
176,1,20,16,4,0.814,26.99,6,6,0,52.52,45.1,-367.4,141,Intermediate
30,1,30,25,5,0.843,21.19,10,5,3,66.98,260.9,-363.9,105,Intermediate
356,2,23,21,2,0.896,25.27,8,7,4,98.0,540.9,-288.2,147,Advanced
215,2,18,5,13,0.269,36.79,6,3,0,57.34,-52.5,37.2,25,Beginner
496,1,22,22,0,0.98,3.0,7,8,3,98.0,629.5,-305.7,74,Advanced
350,4,12,12,0,0.98,28.33,4,3,2,98.0,452.7,-338.2,146,Advanced
270,2,18,4,14,0.223,56.4,6,5,2,73.66,270.3,487.8,11,Beginner
494,2,10,3,7,0.318,43.21,3,1,0,48.19,24.8,142.9,150,Beginner
401,3,13,2,11,0.156,54.75,4,1,1,58.57,79.7,454.4,16,Beginner
230,2,18,18,0,0.98,25.24,6,3,2,86.68,359.6,-229.1,101,Advanced
10,4,10,9,1,0.881,26.11,3,3,0,79.17,276.9,-267.2,122,Intermediate
47,3,13,6,7,0.482,49.94,4,5,2,88.93,479.8,450.7,32,Intermediate
222,5,28,20,8,0.732,34.3,9,7,1,75.58,168.6,35.7,126,Intermediate
282,4,27,19,8,0.708,33.71,9,6,1,70.56,199.1,60.9,82,Intermediate
16,2,21,2,19,0.093,69.96,6,1,0,40.36,-144.0,454.6,95,Beginner
64,1,29,14,15,0.485,31.44,9,5,1,75.5,157.9,125.0,15,Beginner
353,1,10,9,1,0.897,22.28,3,3,1,76.83,422.0,-248.4,10,Advanced
376,4,29,26,3,0.882,39.91,10,7,2,89.01,339.7,38.7,9,Advanced
15,1,20,15,5,0.744,26.66,5,1,0,35.9,-127.8,-360.1,52,Beginner
254,2,17,13,4,0.79,32.38,5,2,0,57.29,-8.6,-383.7,46,Intermediate
41,1,26,23,3,0.903,25.85,8,4,2,71.8,282.1,-321.9,95,Intermediate
362,2,19,1,18,0.05,58.81,1,0,0,25.02,-324.7,551.7,34,Beginner
418,5,22,22,0,0.98,32.75,7,8,7,98.0,1167.9,26.9,67,Advanced
435,1,16,14,2,0.891,28.53,5,5,1,87.39,341.7,-274.3,144,Advanced
300,5,21,20,1,0.946,14.16,7,7,5,98.0,598.0,-298.9,146,Advanced
315,5,12,3,9,0.252,55.48,4,3,1,52.92,41.7,406.4,113,Beginner
464,5,14,5,9,0.353,43.48,5,5,1,83.06,413.2,462.4,86,Beginner
307,4,21,16,5,0.747,38.29,3,1,0,23.48,-235.7,-383.5,108,Beginner
224,1,29,25,4,0.856,37.97,8,5,0,62.71,53.3,-339.6,109,Intermediate
378,1,13,1,12,0.078,70.97,2,2,0,55.97,-59.4,478.7,115,Beginner
296,5,22,10,12,0.459,60.01,7,8,5,98.0,444.3,595.1,57,Intermediate
422,2,11,8,3,0.768,45.23,4,3,3,98.0,708.8,551.1,54,Advanced
263,3,20,19,1,0.961,27.15,7,7,3,86.08,340.7,-332.1,86,Advanced
435,1,27,24,3,0.883,18.32,9,8,3,87.76,341.7,-250.8,150,Advanced
23,1,17,15,2,0.854,47.13,6,5,0,98.0,448.6,123.3,104,Advanced
19,3,26,22,4,0.854,34.28,9,2,0,58.08,39.2,-329.9,88,Intermediate
50,3,18,15,3,0.846,41.44,6,6,6,98.0,913.2,410.5,146,Advanced
279,4,29,22,7,0.755,32.7,9,7,0,55.24,74.4,-315.9,32,Intermediate
355,5,23,13,10,0.544,31.21,8,4,0,65.93,172.1,99.9,117,Beginner
109,1,16,3,13,0.213,51.06,5,3,0,89.76,366.7,591.3,102,Beginner
78,5,15,2,13,0.128,42.15,1,0,0,20.0,-290.1,472.7,40,Beginner
431,5,28,4,24,0.148,42.27,7,0,0,30.32,-146.7,94.0,83,Beginner
376,3,20,7,13,0.328,51.51,6,6,3,83.46,339.7,475.1,80,Beginner
325,2,18,15,3,0.831,28.54,6,6,2,98.0,540.3,-274.2,92,Advanced
245,1,22,2,20,0.1,44.85,3,1,0,41.39,-133.8,159.1,143,Beginner
211,2,11,9,2,0.779,28.22,4,1,2,88.44,330.4,-278.5,41,Intermediate
11,4,13,9,4,0.692,56.39,4,5,4,98.0,548.8,524.2,62,Advanced
95,1,19,7,12,0.383,42.2,5,5,1,93.33,394.1,487.5,88,Intermediate
449,5,16,13,3,0.825,33.45,5,3,1,56.07,51.3,-204.1,14,Intermediate
170,1,21,20,1,0.942,22.87,6,1,0,24.29,46.3,-344.3,12,Intermediate
353,4,17,17,0,0.98,32.72,6,6,1,85.19,422.0,81.9,63,Advanced
352,5,19,17,2,0.92,32.06,5,4,0,72.93,172.7,-368.0,123,Intermediate
155,2,26,1,25,0.05,68.27,9,2,1,51.98,86.9,574.1,55,Beginner
103,3,26,17,9,0.653,33.68,5,1,0,29.79,-270.5,-279.3,91,Beginner
346,3,16,1,15,0.05,60.83,5,3,1,79.04,217.4,563.8,115,Beginner
47,4,17,17,0,0.98,32.71,5,6,1,95.85,479.8,33.8,100,Advanced
248,1,23,9,14,0.41,31.0,6,5,0,59.3,140.3,199.6,89,Beginner
445,2,29,27,2,0.936,19.04,8,5,0,50.55,4.7,-388.1,87,Intermediate
356,1,21,9,12,0.445,48.04,6,7,2,98.0,540.9,509.0,80,Intermediate
383,2,11,3,8,0.292,34.64,2,0,0,30.09,-249.3,113.2,149,Beginner
42,4,22,20,2,0.912,24.23,7,8,5,81.71,504.4,29.5,60,Advanced
100,3,25,10,15,0.395,36.74,8,3,0,54.51,103.9,143.2,13,Beginner
138,3,29,10,19,0.338,54.69,10,8,2,77.1,351.9,499.3,132,Beginner
147,3,29,13,16,0.434,47.18,10,6,5,68.95,390.9,405.6,71,Intermediate
98,1,24,11,13,0.469,60.09,8,7,7,94.67,486.2,528.8,148,Intermediate
487,1,21,17,4,0.83,35.85,7,7,6,98.0,603.5,182.1,101,Advanced
83,2,13,9,4,0.697,44.48,3,5,2,98.0,574.7,438.3,88,Advanced
355,1,28,24,4,0.857,23.48,10,6,1,63.31,172.1,-208.6,91,Intermediate
294,5,20,11,9,0.563,51.01,7,7,5,98.0,667.6,584.4,54,Intermediate
306,5,24,14,10,0.579,31.18,7,4,1,61.19,131.9,28.4,109,Beginner
108,3,25,3,22,0.124,61.83,4,0,1,20.0,-375.5,95.0,47,Beginner
154,4,10,5,5,0.484,42.11,3,3,2,98.0,561.5,555.9,148,Intermediate
304,1,17,7,10,0.415,46.2,6,5,2,98.0,474.9,525.3,90,Intermediate
150,1,24,12,12,0.484,27.57,7,0,1,58.92,3.2,35.5,73,Beginner
348,4,19,13,6,0.683,33.83,6,2,0,64.94,95.1,22.6,39,Intermediate
20,4,23,1,22,0.05,58.0,7,1,0,50.21,17.8,450.5,120,Beginner
37,5,21,5,16,0.259,51.54,6,4,1,77.6,315.2,512.3,70,Beginner
365,2,10,0,10,0.05,61.91,2,1,0,51.49,59.7,441.1,75,Beginner
309,3,16,15,1,0.935,27.49,5,5,3,98.0,573.7,-219.0,24,Advanced
22,4,18,18,0,0.98,31.47,6,6,3,98.0,646.8,-337.2,112,Advanced
450,1,18,1,17,0.05,65.16,5,3,0,40.45,-113.1,446.8,11,Beginner
3,5,10,4,6,0.368,37.78,3,4,2,92.76,480.7,527.9,75,Intermediate
478,2,10,1,9,0.095,59.43,3,3,0,41.95,56.7,418.1,118,Beginner
365,1,16,9,7,0.54,25.49,5,3,1,50.55,59.7,50.4,68,Beginner
495,4,27,26,1,0.98,30.88,9,9,9,98.0,742.8,121.1,24,Advanced
475,5,30,10,20,0.329,35.88,9,4,1,54.45,33.4,69.9,145,Beginner
157,3,27,6,21,0.238,58.21,9,7,1,43.94,223.6,540.7,6,Beginner
379,1,29,28,1,0.98,16.47,10,8,1,69.89,252.8,-288.6,103,Intermediate
106,1,29,5,24,0.156,63.23,10,7,0,78.98,217.5,489.4,1,Beginner
236,2,24,3,21,0.118,43.07,8,6,1,65.97,183.5,402.3,103,Beginner
121,3,12,2,10,0.19,61.31,4,3,1,85.23,310.4,520.0,146,Beginner
244,4,17,8,9,0.476,24.7,1,1,1,20.0,-322.9,-255.6,78,Beginner
437,4,25,15,10,0.608,45.01,8,6,5,98.0,475.7,401.1,2,Intermediate
219,4,18,16,2,0.881,38.55,6,3,0,62.61,123.2,-246.3,11,Intermediate
47,2,15,13,2,0.882,41.43,5,4,2,92.81,479.8,-283.2,35,Advanced
163,1,10,9,1,0.903,22.13,3,4,1,98.0,498.2,194.2,54,Advanced
394,5,17,16,1,0.94,19.97,6,5,1,89.51,272.6,-283.2,133,Advanced
261,1,17,6,11,0.326,49.1,6,5,2,90.09,370.1,483.5,8,Intermediate
281,3,27,1,26,0.05,74.22,7,5,0,48.69,-21.4,495.3,77,Beginner
216,2,26,22,4,0.856,25.3,8,2,0,47.25,40.0,-343.7,112,Intermediate
147,4,12,4,8,0.373,57.18,4,4,1,96.6,390.9,439.9,100,Intermediate
300,2,20,17,3,0.836,31.02,7,6,5,98.0,598.0,111.3,120,Advanced
317,1,28,1,27,0.05,52.19,10,4,0,63.48,89.9,562.8,103,Beginner
450,2,20,1,19,0.05,44.12,7,0,1,44.78,-113.1,458.2,5,Beginner
309,1,30,28,2,0.94,27.7,10,10,3,98.0,573.7,180.1,134,Advanced
498,1,11,10,1,0.903,41.12,4,3,1,74.25,162.0,-380.5,75,Intermediate
414,3,16,12,4,0.781,29.26,5,1,0,56.07,-16.9,-266.7,74,Intermediate
40,5,29,21,8,0.732,37.54,9,7,3,61.52,215.7,39.2,136,Intermediate
197,2,25,1,24,0.05,48.34,8,5,0,39.05,-40.8,490.5,116,Beginner
193,4,15,11,4,0.733,31.77,5,4,1,83.95,449.3,191.9,16,Intermediate
2,3,28,12,16,0.428,46.13,9,6,1,49.74,112.6,174.3,46,Beginner
91,5,18,17,1,0.963,19.41,4,1,0,61.24,-9.6,-286.1,54,Intermediate
382,3,26,25,1,0.944,42.53,9,7,8,98.0,827.3,480.6,143,Advanced
177,1,16,16,0,0.98,18.74,5,6,3,98.0,711.2,-335.2,18,Advanced
74,3,17,1,16,0.05,67.58,4,1,0,23.21,-263.4,591.4,72,Beginner
144,1,16,6,10,0.396,54.93,4,5,2,87.76,437.3,500.6,75,Intermediate
138,2,17,16,1,0.936,29.68,6,6,1,98.0,351.9,-221.0,28,Advanced
88,3,22,22,0,0.98,31.0,7,7,5,77.18,293.7,-372.9,80,Advanced
51,5,26,20,6,0.764,30.14,8,6,1,74.9,213.4,66.5,35,Intermediate
383,4,23,15,8,0.645,37.21,6,1,0,20.0,-249.3,-361.5,59,Beginner
413,2,10,0,10,0.05,50.04,3,0,0,51.52,148.1,431.8,119,Beginner
249,4,22,13,9,0.57,54.3,7,8,5,98.0,669.7,561.2,126,Intermediate
308,2,19,19,0,0.98,11.1,6,7,1,72.67,284.2,-247.8,6,Advanced
460,1,11,9,2,0.781,22.93,2,1,2,70.44,262.4,17.6,62,Intermediate
422,4,16,15,1,0.942,41.11,5,5,3,98.0,708.8,-266.9,3,Advanced
17,5,30,29,1,0.98,29.18,9,7,3,71.45,203.6,-346.5,17,Advanced
477,4,17,2,15,0.129,64.64,4,1,0,34.12,-131.9,550.2,4,Beginner
34,3,24,3,21,0.14,47.18,8,4,2,54.26,166.0,412.7,120,Beginner
14,3,14,1,13,0.091,49.81,3,0,1,20.0,-325.0,467.7,80,Beginner
202,2,28,27,1,0.966,24.79,8,6,0,65.69,95.9,-210.3,32,Intermediate
373,5,27,26,1,0.98,25.09,9,9,4,98.0,475.9,11.5,71,Advanced
41,3,13,10,3,0.734,43.99,4,5,1,58.85,282.1,70.7,109,Intermediate
147,5,24,9,15,0.356,60.94,8,7,3,83.25,390.9,509.9,43,Intermediate
132,1,29,13,16,0.458,36.41,7,4,0,35.12,-39.1,27.2,66,Beginner
199,2,28,21,7,0.758,45.88,10,8,5,98.0,684.1,487.0,22,Advanced
494,2,25,22,3,0.884,31.08,8,4,0,63.59,24.8,-360.1,33,Intermediate
166,1,25,20,5,0.81,17.57,8,9,6,93.89,497.1,44.6,33,Advanced
105,5,20,1,19,0.05,45.34,6,1,1,20.83,-253.7,505.3,15,Beginner
62,1,13,10,3,0.773,35.66,4,5,1,79.13,357.6,92.5,122,Intermediate
100,3,10,4,6,0.413,37.07,3,3,0,73.39,103.9,102.7,125,Beginner
67,2,16,12,4,0.748,24.14,5,5,2,63.09,314.9,132.9,80,Intermediate
287,1,15,14,1,0.911,28.34,5,5,5,98.0,768.2,466.2,33,Advanced
211,5,29,27,2,0.921,31.16,10,8,2,76.12,330.4,-215.3,7,Intermediate
249,2,27,17,10,0.645,38.99,9,8,6,98.0,669.7,429.5,149,Advanced
417,2,16,7,9,0.437,38.65,5,0,2,60.32,15.0,53.2,67,Beginner
291,1,17,5,12,0.286,40.31,4,2,0,32.24,-33.3,142.0,79,Beginner
78,4,25,3,22,0.13,41.9,5,0,1,20.0,-290.1,63.5,76,Beginner
189,5,24,22,2,0.9,20.75,8,8,3,98.0,592.1,-381.2,110,Advanced
157,2,28,3,25,0.096,55.24,7,6,1,66.36,223.6,486.4,66,Beginner
414,5,25,3,22,0.112,63.17,7,2,0,34.43,-16.9,515.2,85,Beginner
154,3,24,13,11,0.56,49.2,8,7,6,98.0,561.5,536.6,115,Intermediate
70,3,26,1,25,0.05,57.22,9,4,0,51.31,74.0,535.1,150,Beginner
369,5,28,17,11,0.619,36.17,10,3,1,81.69,252.2,84.3,106,Intermediate
215,5,18,6,12,0.327,44.1,5,4,0,48.88,-52.5,85.4,36,Beginner
48,4,15,1,14,0.05,47.44,4,1,0,67.69,21.4,428.1,29,Beginner
345,2,29,28,1,0.977,24.7,10,9,7,98.0,693.9,-376.1,59,Advanced
106,3,13,2,11,0.124,56.44,4,3,0,76.47,217.5,575.4,123,Beginner
435,5,16,16,0,0.98,28.79,5,5,1,81.3,341.7,52.4,133,Advanced
417,2,12,5,7,0.446,45.63,3,2,0,65.19,15.0,49.0,69,Beginner
185,3,27,22,5,0.802,38.21,9,7,2,77.79,277.0,160.3,29,Intermediate
278,4,29,24,5,0.812,44.59,10,8,3,79.57,303.9,55.9,99,Intermediate
284,5,18,13,5,0.724,29.67,3,1,0,41.39,-129.3,-339.8,95,Beginner
327,3,12,8,4,0.656,27.83,4,1,0,62.51,176.7,3.9,21,Intermediate
35,5,14,12,2,0.889,31.61,5,4,3,98.0,795.0,195.7,135,Advanced
163,5,22,22,0,0.98,25.9,7,8,5,98.0,498.2,-341.7,143,Advanced
86,3,17,16,1,0.959,27.16,6,5,2,97.12,412.7,-297.5,149,Advanced
349,2,25,19,6,0.779,25.15,8,9,6,98.0,580.1,183.6,80,Advanced
35,1,26,25,1,0.98,23.27,9,8,8,98.0,795.0,-261.7,121,Advanced
259,1,19,9,10,0.467,44.73,6,6,1,83.49,313.3,410.2,5,Intermediate
364,1,22,11,11,0.487,38.11,5,0,1,41.4,-162.8,-245.5,11,Beginner
475,1,11,5,6,0.483,24.45,4,2,0,44.59,33.4,95.4,2,Beginner
145,2,12,12,0,0.961,27.91,4,2,0,50.01,0.0,-292.8,86,Intermediate
4,5,17,12,5,0.725,22.82,6,6,1,76.28,495.7,193.2,67,Intermediate
362,2,12,1,11,0.076,44.47,3,0,0,23.45,-324.7,40.1,104,Beginner
1,2,10,6,4,0.624,27.03,2,1,1,57.46,137.2,3.5,33,Intermediate
34,2,24,14,10,0.571,25.99,8,6,0,60.55,166.0,164.3,46,Beginner
496,3,10,9,1,0.921,34.32,3,4,3,98.0,629.5,80.7,52,Advanced
432,3,15,13,2,0.895,7.7,5,2,0,63.84,88.8,-352.8,102,Intermediate
354,3,25,14,11,0.547,34.02,6,4,2,74.83,56.9,44.5,50,Intermediate
418,1,14,14,0,0.98,35.63,5,5,4,98.0,1167.9,168.4,137,Advanced
38,2,14,9,5,0.629,45.28,4,4,0,67.13,239.3,144.2,37,Intermediate
45,5,25,20,5,0.819,22.07,8,8,3,98.0,494.6,190.7,97,Advanced
151,5,10,5,5,0.518,49.52,3,4,2,98.0,621.4,594.8,37,Intermediate
12,1,16,6,10,0.371,50.57,5,2,0,63.55,68.6,195.3,75,Beginner
445,4,21,16,5,0.757,34.75,6,3,1,49.13,4.7,-297.4,90,Intermediate
29,1,11,10,1,0.88,35.11,4,1,0,54.85,-22.3,-369.5,114,Intermediate
273,3,23,20,3,0.884,42.83,8,6,5,98.0,561.8,-348.3,141,Advanced
427,1,18,3,15,0.189,36.95,5,4,1,47.15,-72.1,98.0,45,Beginner
368,4,16,1,15,0.05,60.24,4,2,0,51.33,89.9,492.6,117,Beginner
118,5,21,17,4,0.814,40.15,7,7,5,98.0,754.7,453.4,101,Advanced
236,1,10,7,3,0.73,18.93,2,3,0,54.75,183.5,72.5,115,Intermediate
275,3,22,18,4,0.811,24.27,7,6,1,74.61,302.7,-341.0,77,Intermediate
384,1,19,18,1,0.971,30.22,6,6,6,98.0,998.2,541.9,35,Advanced
214,1,11,10,1,0.905,21.25,4,3,2,94.9,384.9,-395.0,92,Advanced
143,4,26,20,6,0.761,18.81,9,8,1,88.6,342.8,60.8,59,Intermediate
398,1,19,7,12,0.355,59.83,6,6,3,87.21,469.5,591.8,74,Intermediate
444,1,11,7,4,0.608,32.11,4,2,0,73.0,150.3,138.7,26,Intermediate
245,2,17,12,5,0.734,18.18,6,2,0,31.03,-133.8,-225.8,63,Beginner
15,2,25,18,7,0.71,35.63,7,3,0,40.32,-127.8,-267.3,93,Beginner
251,5,19,14,5,0.755,31.02,6,5,2,94.84,398.6,198.1,8,Intermediate
445,2,18,15,3,0.857,24.04,5,2,0,48.51,4.7,-270.2,53,Intermediate
495,3,10,10,0,0.98,20.87,3,4,2,98.0,742.8,80.3,94,Advanced
201,1,11,10,1,0.93,33.5,3,3,4,98.0,742.1,15.8,71,Advanced
76,2,16,16,0,0.98,26.79,5,6,5,98.0,784.7,-351.3,147,Advanced
287,2,15,14,1,0.909,20.61,5,5,3,98.0,768.2,-227.9,139,Advanced
416,2,23,5,18,0.235,44.09,8,6,1,79.04,439.9,593.1,54,Beginner
473,2,19,6,13,0.312,63.12,4,3,0,43.42,-55.9,198.1,147,Beginner
26,1,12,2,10,0.129,69.39,4,2,1,55.01,120.0,452.8,94,Beginner
146,3,23,22,1,0.966,39.78,8,7,7,98.0,897.6,136.6,50,Advanced
239,3,30,22,8,0.724,24.73,5,2,0,20.0,-195.7,-331.3,109,Beginner
50,3,28,25,3,0.888,25.18,9,8,8,98.0,913.2,108.2,17,Advanced
444,3,30,19,11,0.628,34.2,6,5,2,63.6,150.3,35.9,91,Intermediate
57,3,20,17,3,0.868,24.38,7,6,2,98.0,552.6,144.7,138,Advanced
333,4,17,5,12,0.269,51.1,6,6,1,77.93,389.6,584.4,136,Beginner
460,2,11,2,9,0.184,68.71,4,2,0,73.77,262.4,552.8,17,Beginner
343,1,24,1,23,0.05,61.17,7,4,0,52.38,77.0,584.9,140,Beginner
382,4,19,19,0,0.98,21.5,6,7,6,98.0,827.3,127.0,58,Advanced
132,1,23,5,18,0.215,51.23,7,4,0,40.57,-39.1,184.4,131,Beginner
414,2,16,5,11,0.287,38.12,3,0,1,57.53,-16.9,147.6,81,Beginner
210,3,13,13,0,0.98,11.84,4,3,0,66.76,74.2,-318.8,64,Intermediate
31,3,24,1,23,0.05,48.63,2,0,0,23.17,-359.5,442.2,69,Beginner
184,4,18,2,16,0.094,55.9,6,4,0,68.98,237.3,567.3,22,Beginner
175,3,21,20,1,0.937,27.02,4,2,2,68.9,44.6,-373.8,106,Intermediate
261,3,30,8,22,0.263,52.88,9,8,1,98.0,370.1,465.1,61,Beginner
133,1,15,10,5,0.675,55.26,5,5,3,98.0,629.9,489.3,46,Advanced
232,4,12,12,0,0.98,27.66,4,3,2,86.54,402.6,81.9,79,Advanced
214,2,24,11,13,0.452,50.85,7,6,4,81.61,384.9,512.6,48,Intermediate
164,5,22,18,4,0.827,36.97,5,1,0,38.85,-149.3,-353.2,7,Intermediate
349,4,18,18,0,0.98,31.75,6,6,3,98.0,580.1,-340.4,117,Advanced
153,5,22,3,19,0.139,40.32,4,1,0,20.0,-324.1,48.6,126,Beginner
383,5,29,5,24,0.157,40.9,6,1,0,20.0,-249.3,6.3,130,Beginner
126,2,13,13,0,0.976,27.58,4,5,3,94.46,442.0,125.8,133,Advanced
433,2,26,1,25,0.05,53.3,8,5,0,59.21,0.6,581.0,9,Beginner
183,5,21,20,1,0.931,41.85,7,1,0,57.02,5.0,-314.4,95,Intermediate
21,5,26,22,4,0.86,22.08,8,6,1,58.47,117.8,-256.1,30,Intermediate
75,4,29,20,9,0.682,32.18,10,6,2,67.67,185.4,27.1,88,Intermediate
404,5,13,13,0,0.98,14.29,4,5,1,92.53,542.8,-374.4,145,Advanced
437,4,12,6,6,0.519,60.1,4,4,3,92.25,475.7,563.4,59,Intermediate
106,1,10,7,3,0.741,26.1,3,3,0,69.03,217.5,116.6,76,Intermediate
302,3,13,2,11,0.123,69.15,4,3,0,65.97,109.0,491.5,147,Beginner
288,2,17,1,16,0.085,71.8,5,3,0,55.48,111.3,533.6,96,Beginner
67,1,15,15,0,0.98,28.86,5,4,1,73.2,314.9,-290.0,66,Advanced
226,3,27,26,1,0.98,25.7,9,9,6,98.0,680.8,-346.1,145,Advanced
347,3,25,18,7,0.707,25.75,7,3,1,48.05,14.3,-260.9,31,Intermediate
484,4,17,3,14,0.186,52.26,6,3,0,58.94,156.5,402.9,68,Beginner
424,4,22,7,15,0.313,55.47,7,6,4,98.0,421.7,501.9,145,Intermediate
49,2,16,15,1,0.935,27.42,5,6,3,98.0,577.2,53.9,106,Advanced
119,5,20,17,3,0.862,31.77,7,7,3,98.0,590.1,-333.9,126,Advanced
219,3,16,1,15,0.05,52.24,4,4,0,59.51,123.2,523.1,40,Beginner
76,3,26,22,4,0.858,35.6,9,9,6,98.0,784.7,-306.2,50,Advanced
286,1,14,1,13,0.05,56.86,4,1,0,40.25,-140.6,534.8,69,Beginner
5,5,30,5,25,0.16,49.95,7,6,1,60.62,89.5,437.5,84,Beginner
57,2,29,26,3,0.893,27.44,9,8,7,98.0,552.6,-253.0,89,Advanced
24,1,14,10,4,0.701,33.14,5,5,2,70.63,254.8,53.2,88,Intermediate
148,5,21,21,0,0.978,12.74,5,7,1,92.02,463.9,-299.1,32,Advanced
382,5,27,26,1,0.97,24.98,9,8,9,98.0,827.3,98.5,132,Advanced
89,2,27,7,20,0.249,42.92,9,6,2,62.06,197.5,527.5,124,Beginner
494,3,17,2,15,0.135,52.6,5,4,0,43.85,24.8,474.1,83,Beginner
135,5,21,1,20,0.05,53.34,7,3,1,44.55,-47.3,476.2,20,Beginner
23,4,13,10,3,0.788,34.89,4,4,4,98.0,448.6,166.7,63,Advanced
168,3,15,15,0,0.98,19.56,4,2,0,46.65,132.3,-346.1,53,Intermediate
375,3,15,1,14,0.05,54.87,4,0,1,25.65,-212.2,503.7,89,Beginner
54,1,15,14,1,0.927,34.35,5,5,5,98.0,619.6,9.2,57,Advanced
36,5,18,13,5,0.719,41.35,6,1,1,57.14,-14.4,-300.9,146,Intermediate
425,3,24,1,23,0.05,34.2,4,1,0,34.09,-303.1,28.0,93,Beginner
297,1,28,11,17,0.401,48.3,8,3,1,47.99,0.5,137.1,8,Beginner
172,2,22,15,7,0.68,46.94,7,7,4,98.0,529.1,407.4,39,Advanced
379,3,20,18,2,0.896,12.91,6,7,1,78.92,252.8,-225.1,98,Intermediate
423,5,24,3,21,0.134,52.57,8,7,3,83.45,269.4,546.8,25,Beginner
180,5,22,19,3,0.875,7.5,7,7,0,61.82,203.5,8.1,13,Intermediate
281,2,19,15,4,0.763,29.7,5,2,0,51.48,-21.4,-272.6,78,Intermediate
6,1,10,9,1,0.911,18.66,3,3,1,70.11,129.1,-213.5,40,Intermediate
154,1,21,13,8,0.596,52.1,7,7,2,98.0,561.5,537.0,4,Intermediate
298,3,11,2,9,0.208,61.05,2,1,0,20.0,-282.9,85.2,105,Beginner
99,3,22,12,10,0.565,47.07,7,5,1,74.83,236.3,147.6,109,Intermediate
496,3,29,25,4,0.852,19.53,10,10,8,98.0,629.5,-272.8,107,Advanced
486,2,26,13,13,0.481,41.33,9,8,4,98.0,510.9,470.0,15,Intermediate
129,5,27,4,23,0.164,69.54,9,7,3,68.5,228.0,586.4,126,Beginner
199,3,19,19,0,0.98,17.87,6,7,6,98.0,684.1,-215.9,14,Advanced
95,5,20,9,11,0.462,57.64,7,6,1,80.04,394.1,458.6,82,Intermediate
252,2,21,19,2,0.904,44.05,7,7,0,74.33,293.7,-341.4,144,Intermediate
62,2,14,14,0,0.98,29.63,5,4,1,98.0,357.6,-256.6,121,Advanced
196,3,30,16,14,0.536,46.18,9,3,2,59.67,223.6,175.3,142,Beginner
278,4,10,2,8,0.158,64.04,3,4,0,69.71,303.9,527.5,76,Beginner
306,2,30,28,2,0.917,21.18,9,9,1,62.76,131.9,-346.9,64,Intermediate
299,3,30,26,4,0.863,33.6,10,9,9,98.0,555.9,166.8,31,Advanced
111,3,29,11,18,0.374,27.69,6,0,1,20.0,-379.8,-325.8,149,Beginner
397,4,10,9,1,0.934,40.1,3,4,2,98.0,424.1,124.3,67,Advanced
346,4,30,21,9,0.691,22.97,10,10,2,68.66,217.4,47.2,92,Intermediate
377,2,14,4,10,0.258,59.36,5,5,3,84.16,452.8,545.8,26,Intermediate
234,1,15,13,2,0.899,37.07,5,4,1,85.03,386.2,73.9,47,Advanced
447,2,24,13,11,0.558,31.97,8,3,3,71.18,221.8,133.1,82,Intermediate
195,1,18,15,3,0.838,22.08,6,5,0,92.75,426.6,39.3,125,Intermediate
403,3,29,28,1,0.98,23.71,10,8,4,96.87,485.9,-387.0,78,Advanced
102,3,20,18,2,0.899,18.65,7,7,6,98.0,856.2,-271.5,30,Advanced
124,1,12,4,8,0.356,52.59,4,4,3,83.39,390.8,470.4,40,Intermediate
264,5,15,14,1,0.933,18.85,5,4,1,64.18,216.0,-232.3,89,Intermediate
278,4,26,6,20,0.213,49.78,8,8,1,70.75,303.9,511.0,73,Beginner
374,3,22,20,2,0.92,28.73,7,7,4,98.0,503.0,-368.0,33,Advanced
149,1,16,1,15,0.05,62.71,2,2,1,27.6,-232.5,494.0,91,Beginner
437,1,14,13,1,0.938,22.85,5,5,1,98.0,475.7,-373.1,101,Advanced
165,5,24,4,20,0.163,49.1,7,2,0,37.33,-250.4,558.0,66,Beginner
268,2,15,1,14,0.094,68.44,4,1,0,31.13,-92.1,546.9,135,Beginner
466,5,12,11,1,0.924,21.76,4,4,4,98.0,816.4,-390.1,34,Advanced
270,4,21,5,16,0.243,70.15,6,5,3,75.38,270.3,499.9,56,Beginner
341,4,28,20,8,0.719,33.32,10,7,2,63.03,253.2,125.8,144,Intermediate
455,5,16,14,2,0.874,26.16,3,4,0,53.96,81.9,-374.5,11,Intermediate
488,5,24,24,0,0.98,21.88,8,7,3,98.0,566.9,-213.2,121,Advanced
250,2,19,13,6,0.66,47.1,6,6,2,98.0,536.3,430.2,26,Intermediate
209,5,30,8,22,0.266,75.2,10,6,5,67.99,243.8,401.3,32,Beginner
99,1,22,22,0,0.98,22.9,7,5,0,73.22,236.3,-200.7,25,Intermediate
269,4,20,1,19,0.056,63.0,7,5,1,78.05,207.6,447.8,72,Beginner
460,2,14,12,2,0.868,25.53,5,2,2,73.8,262.4,-317.7,33,Intermediate
244,4,28,11,17,0.393,43.95,5,0,0,20.0,-322.9,-214.0,57,Beginner
175,5,10,5,5,0.459,24.79,3,2,0,36.19,44.6,106.4,29,Beginner
54,3,21,21,0,0.98,38.51,7,6,3,98.0,619.6,-364.1,150,Advanced
195,1,15,12,3,0.792,27.29,5,5,1,94.43,426.6,-292.9,96,Intermediate
119,5,20,19,1,0.972,30.15,7,7,3,98.0,590.1,184.0,109,Advanced
489,1,30,22,8,0.733,33.55,9,1,2,37.4,23.4,-240.6,9,Beginner
264,4,11,11,0,0.979,25.91,3,3,1,69.18,216.0,-391.6,98,Intermediate
69,3,11,2,9,0.211,47.99,4,2,2,86.43,287.1,511.6,116,Beginner
34,3,27,18,9,0.661,17.5,9,3,2,62.14,166.0,94.2,23,Intermediate
426,2,24,1,23,0.055,70.77,8,3,1,55.08,46.7,493.4,141,Beginner
466,3,18,18,0,0.98,24.94,5,6,5,98.0,816.4,45.8,29,Advanced
382,1,14,12,2,0.892,22.19,5,5,4,98.0,827.3,45.2,139,Advanced
62,2,22,21,1,0.944,21.15,7,6,2,95.1,357.6,-213.5,140,Advanced
50,3,15,14,1,0.938,52.3,5,5,4,98.0,913.2,477.0,40,Advanced
99,4,23,23,0,0.98,21.47,7,5,0,73.23,236.3,-392.4,68,Intermediate
376,3,18,18,0,0.98,29.41,6,5,1,85.98,339.7,-384.5,22,Advanced
383,5,26,2,24,0.064,58.05,5,1,0,32.57,-249.3,551.3,3,Beginner
419,2,23,2,21,0.095,48.68,4,3,0,41.44,-75.8,467.5,70,Beginner
49,1,22,22,0,0.98,38.09,7,7,3,98.0,577.2,175.9,75,Advanced
77,2,12,11,1,0.94,33.27,4,2,2,68.15,185.9,-224.0,26,Intermediate
451,1,23,20,3,0.878,20.14,7,7,6,98.0,543.7,-351.8,93,Advanced
465,3,24,13,11,0.539,36.6,8,4,0,61.1,104.5,107.9,137,Beginner
363,5,20,6,14,0.306,53.74,6,5,2,88.59,333.5,474.2,44,Beginner
54,3,22,20,2,0.922,32.27,7,8,6,98.0,619.6,119.7,115,Advanced
35,1,22,20,2,0.895,38.7,7,8,7,98.0,795.0,-346.9,64,Advanced
28,3,14,14,0,0.98,22.63,5,4,1,94.26,425.3,-263.7,67,Advanced
346,4,19,12,7,0.65,33.44,6,4,0,76.07,217.4,137.0,42,Intermediate
423,5,12,1,11,0.096,57.21,4,3,1,88.63,269.4,553.4,149,Beginner
316,3,26,10,16,0.4,26.8,6,1,0,20.0,-235.1,-219.7,67,Beginner
132,3,13,13,0,0.98,14.2,3,2,0,50.39,-39.1,-376.4,139,Intermediate
379,3,27,26,1,0.98,25.84,9,5,2,72.49,252.8,-395.1,148,Advanced
30,2,23,22,1,0.955,28.62,8,7,0,77.63,260.9,-245.0,29,Intermediate
415,1,20,5,15,0.271,38.61,6,0,0,22.35,-190.6,20.3,69,Beginner
446,4,20,18,2,0.917,24.46,7,3,0,87.54,376.5,-320.7,12,Advanced
360,1,13,11,2,0.812,21.37,4,4,1,80.81,282.6,14.3,121,Intermediate
440,4,23,9,14,0.374,52.18,8,5,0,76.34,341.0,431.8,54,Beginner
294,3,17,11,6,0.666,53.37,5,6,3,98.0,667.6,598.5,20,Advanced
235,3,26,15,11,0.585,50.01,9,9,4,98.0,619.9,485.7,34,Intermediate
162,2,27,24,3,0.879,27.17,7,5,1,73.41,191.1,-379.1,119,Intermediate
461,5,29,25,4,0.864,27.66,10,9,3,89.85,592.8,-262.5,15,Advanced
349,4,29,28,1,0.98,34.13,9,10,6,98.0,580.1,-336.3,76,Advanced
96,1,25,10,15,0.387,54.58,8,9,2,91.07,372.3,447.4,144,Intermediate
479,5,15,11,4,0.756,30.61,5,3,0,60.41,47.1,-216.2,55,Intermediate
30,1,15,11,4,0.706,20.18,5,3,1,75.25,260.9,95.9,29,Intermediate
294,5,29,26,3,0.906,32.27,10,10,7,98.0,667.6,-335.5,87,Advanced
96,3,30,25,5,0.85,22.82,9,10,6,91.77,372.3,-352.7,95,Advanced
333,3,15,5,10,0.358,57.39,5,4,3,96.57,389.6,562.6,53,Intermediate
207,3,23,22,1,0.94,18.62,7,8,5,98.0,636.0,75.3,109,Advanced
219,3,29,21,8,0.723,46.21,10,4,1,52.0,123.2,28.2,122,Intermediate
336,1,27,1,26,0.05,37.49,8,6,0,53.56,51.7,420.9,97,Beginner
379,1,29,28,1,0.98,35.32,10,7,1,57.73,252.8,-344.5,119,Intermediate
191,4,17,14,3,0.849,27.88,6,3,0,54.18,151.2,-376.2,53,Intermediate
499,4,20,18,2,0.904,16.69,6,5,1,65.4,210.4,35.0,35,Intermediate
250,2,22,17,5,0.76,47.01,7,7,5,98.0,536.3,188.9,134,Advanced
81,3,29,20,9,0.682,42.24,10,4,3,69.05,229.0,190.0,65,Intermediate
4,2,30,28,2,0.949,8.39,10,10,8,97.26,495.7,-283.1,17,Advanced
102,5,21,19,2,0.911,37.23,7,7,7,98.0,856.2,423.1,21,Advanced
346,1,27,26,1,0.98,28.64,8,7,2,66.38,217.4,-330.0,147,Intermediate
270,4,17,11,6,0.663,44.32,6,4,1,61.07,270.3,98.4,1,Intermediate
169,2,22,3,19,0.143,41.05,4,1,0,20.0,-307.0,99.7,130,Beginner
241,1,27,3,24,0.11,37.73,6,0,1,21.34,-276.9,433.0,45,Beginner
420,1,28,8,20,0.281,48.47,8,3,0,41.03,-127.2,36.9,150,Beginner
286,3,12,1,11,0.068,61.74,4,1,0,34.29,-140.6,489.9,85,Beginner
30,1,11,11,0,0.98,9.42,4,1,0,79.71,260.9,-222.1,113,Advanced
25,4,14,7,7,0.525,40.16,5,2,0,68.57,111.7,125.7,114,Beginner
242,2,12,1,11,0.095,59.21,4,2,1,76.77,178.1,479.3,68,Beginner
203,5,14,11,3,0.798,31.59,4,5,3,85.11,337.4,150.7,143,Advanced
426,1,29,8,21,0.273,37.1,4,8,1,45.58,46.7,185.2,109,Beginner
292,2,23,2,21,0.081,53.1,8,4,0,57.99,179.5,507.0,64,Beginner
379,2,12,12,0,0.98,22.62,4,2,1,66.06,252.8,-342.8,54,Intermediate
293,4,24,21,3,0.879,29.16,7,8,8,98.0,987.5,50.8,1,Advanced
173,2,29,2,27,0.053,67.01,9,5,1,52.66,18.6,582.7,35,Beginner
329,1,27,3,24,0.127,44.66,9,4,0,77.27,121.7,546.5,98,Beginner
311,3,27,18,9,0.674,48.52,9,9,5,95.86,441.6,413.3,104,Intermediate
361,5,28,22,6,0.79,52.34,10,9,5,98.0,767.8,581.1,32,Advanced
95,5,25,21,4,0.847,26.08,7,8,5,97.1,394.1,-232.3,69,Advanced
321,3,28,1,27,0.05,52.95,6,0,2,20.0,-296.4,419.5,87,Beginner
143,5,26,25,1,0.949,39.48,9,8,1,92.62,342.8,69.9,30,Advanced
396,4,24,22,2,0.906,35.99,8,7,6,98.0,578.8,48.0,68,Advanced
400,4,14,1,13,0.086,42.47,3,2,0,44.11,-63.6,185.6,121,Beginner
313,2,29,9,20,0.313,54.02,10,8,4,98.0,475.0,557.4,42,Intermediate
474,3,11,11,0,0.976,34.32,4,2,0,98.0,523.6,99.2,116,Advanced
269,5,15,2,13,0.162,65.84,5,5,0,71.12,207.6,503.6,45,Beginner
13,5,25,16,9,0.655,25.31,3,1,0,20.0,-302.7,-380.4,15,Beginner
304,4,25,24,1,0.948,17.58,8,7,4,94.04,474.9,-273.1,52,Advanced
389,1,28,20,8,0.698,36.39,10,7,3,88.75,398.0,183.4,63,Intermediate
51,1,11,9,2,0.825,17.03,4,3,0,70.52,213.4,-384.6,27,Intermediate
53,3,26,1,25,0.05,44.67,9,7,1,56.0,85.6,507.0,110,Beginner
137,3,12,12,0,0.959,19.16,3,3,1,70.68,223.9,-289.7,106,Intermediate
423,4,22,15,7,0.664,34.33,6,6,1,67.4,269.4,81.4,83,Intermediate
264,2,14,14,0,0.98,35.78,5,4,0,67.05,216.0,-305.3,60,Intermediate
489,4,21,16,5,0.76,22.11,7,4,1,39.57,23.4,-251.5,9,Intermediate
437,5,12,10,2,0.807,26.12,4,3,2,98.0,475.7,45.6,108,Advanced
278,2,10,10,0,0.95,25.99,3,2,1,81.03,303.9,-344.8,51,Advanced
340,4,30,29,1,0.98,20.36,10,9,2,76.85,278.3,-335.3,88,Advanced
166,1,20,20,0,0.98,19.81,7,7,3,98.0,497.1,-335.4,48,Advanced
46,3,19,14,5,0.726,29.24,6,5,0,47.04,39.5,-247.3,35,Beginner
200,5,18,12,6,0.67,28.72,6,3,2,64.62,203.1,153.5,89,Intermediate
297,2,29,24,5,0.834,21.84,8,5,0,38.2,0.5,-264.7,49,Intermediate
92,4,26,4,22,0.137,38.23,6,2,2,34.53,-236.6,25.9,64,Beginner
111,5,20,2,18,0.098,58.78,2,0,2,20.0,-379.8,440.7,139,Beginner
8,3,12,6,6,0.536,24.93,3,1,0,60.81,1.7,42.5,39,Beginner
368,5,24,7,17,0.304,38.57,8,2,0,71.65,89.9,144.9,64,Beginner
450,4,14,10,4,0.721,19.44,3,1,0,35.29,-113.1,-305.0,50,Beginner
414,3,16,1,15,0.05,53.11,5,1,0,42.62,-16.9,481.7,17,Beginner
190,1,23,23,0,0.98,34.2,8,8,7,96.86,612.2,107.2,64,Advanced
297,4,29,28,1,0.98,25.62,9,4,0,41.27,0.5,-347.5,97,Intermediate
481,2,14,6,8,0.394,66.61,5,4,1,96.42,490.2,569.0,50,Intermediate
296,2,10,8,2,0.789,33.68,3,4,0,77.94,444.3,193.0,52,Intermediate
148,5,18,16,2,0.89,38.59,6,4,2,87.77,463.9,150.6,101,Advanced
170,2,24,1,23,0.05,66.57,6,2,0,53.97,46.3,568.8,70,Beginner
364,2,23,12,11,0.527,29.68,6,3,0,40.87,-162.8,-293.1,88,Beginner
224,5,29,3,26,0.103,49.47,10,4,1,49.59,53.3,511.1,31,Beginner
419,2,14,6,8,0.401,36.9,5,0,0,43.44,-75.8,45.9,69,Beginner
433,4,26,10,16,0.392,37.26,6,4,0,64.97,0.6,134.1,2,Beginner
18,3,26,18,8,0.691,24.1,8,0,1,24.89,-106.7,-318.7,86,Beginner
362,1,27,10,17,0.379,37.04,3,1,1,26.22,-324.7,-206.4,88,Beginner
185,3,28,7,21,0.254,49.6,10,6,2,80.75,277.0,582.5,26,Beginner
260,3,16,16,0,0.98,18.78,5,4,1,79.85,197.1,-370.1,66,Advanced
133,4,16,16,0,0.98,17.82,5,6,4,98.0,629.9,-277.2,103,Advanced
185,2,19,6,13,0.305,52.81,6,5,3,72.4,277.0,481.1,61,Beginner
166,2,17,9,8,0.523,41.09,6,6,1,98.0,497.1,432.2,145,Intermediate
26,2,12,10,2,0.841,20.54,4,2,0,50.32,120.0,-302.2,139,Intermediate
392,3,16,5,11,0.32,56.24,5,3,0,77.74,319.2,509.0,23,Beginner
72,5,17,14,3,0.804,28.26,6,6,5,98.0,680.8,183.1,40,Advanced
188,3,25,5,20,0.206,55.96,8,8,2,77.59,251.6,498.1,48,Beginner
97,1,10,10,0,0.98,17.09,2,3,3,71.7,153.8,-388.8,88,Advanced
81,5,25,24,1,0.98,19.1,8,6,2,85.56,229.0,-326.1,90,Advanced
187,2,26,17,9,0.651,51.13,9,3,1,69.85,233.3,161.9,125,Intermediate
460,3,12,11,1,0.947,20.02,4,2,2,85.39,262.4,-321.0,54,Advanced
473,5,30,10,20,0.32,22.82,8,4,0,46.55,-55.9,52.6,69,Beginner
191,1,25,24,1,0.98,28.19,7,6,1,54.66,151.2,-231.1,74,Intermediate
253,1,24,7,17,0.311,53.42,6,6,2,85.59,368.0,583.4,113,Beginner
493,2,26,4,22,0.152,60.45,8,5,1,63.89,129.6,526.1,69,Beginner
118,2,27,23,4,0.859,41.47,9,9,9,98.0,754.7,443.5,84,Advanced
473,5,18,1,17,0.05,61.71,4,2,1,36.08,-55.9,478.8,15,Beginner
53,4,20,4,16,0.203,53.68,7,4,0,49.96,85.6,419.4,53,Beginner
113,4,22,20,2,0.929,24.04,7,7,5,98.0,680.5,20.9,69,Advanced
170,2,14,4,10,0.302,51.56,4,3,0,47.71,46.3,196.2,137,Beginner
19,3,11,1,10,0.098,44.22,4,1,0,63.76,39.2,535.0,18,Beginner
408,3,25,6,19,0.222,48.45,8,7,3,62.69,323.0,555.9,57,Beginner
428,1,15,2,13,0.158,53.68,1,1,0,20.0,-318.5,524.4,97,Beginner
192,3,16,1,15,0.05,48.82,5,4,0,72.81,185.8,581.4,69,Beginner
419,2,12,9,3,0.749,25.25,2,1,0,34.72,-75.8,-261.5,46,Beginner
387,5,19,16,3,0.828,40.15,6,6,2,98.0,541.1,411.6,98,Advanced
401,4,21,4,17,0.176,62.12,6,4,0,55.23,79.7,437.9,5,Beginner
402,5,28,11,17,0.382,39.06,8,6,0,55.76,63.8,137.2,90,Beginner
287,1,20,18,2,0.905,41.61,7,6,5,98.0,768.2,468.2,132,Advanced
56,1,17,15,2,0.863,23.77,6,4,1,87.05,324.7,0.5,77,Intermediate
462,3,26,9,17,0.346,46.13,9,7,0,70.8,256.0,453.3,119,Beginner
305,3,16,16,0,0.98,31.14,5,5,2,74.71,367.4,-322.0,104,Advanced
451,3,10,6,4,0.633,52.03,3,4,2,98.0,543.7,401.5,94,Intermediate
480,4,10,10,0,0.967,16.41,2,4,2,96.7,519.6,-239.5,105,Advanced
94,5,27,26,1,0.979,36.24,9,7,3,89.72,439.4,-324.1,147,Advanced
202,2,24,21,3,0.895,21.78,8,4,0,61.38,95.9,-222.6,80,Intermediate
97,2,13,7,6,0.572,31.0,4,4,0,61.9,153.8,119.0,42,Beginner
26,2,14,13,1,0.923,29.41,5,3,1,64.46,120.0,-232.1,76,Intermediate
484,2,27,3,24,0.126,63.27,8,4,0,85.75,156.5,544.9,72,Beginner
462,3,23,17,6,0.738,28.26,8,6,0,81.09,256.0,27.3,25,Intermediate
466,5,20,18,2,0.882,37.37,7,7,5,98.0,816.4,406.9,144,Advanced
442,3,17,16,1,0.932,33.11,6,4,1,83.34,292.5,-242.7,107,Advanced
325,3,18,17,1,0.957,20.54,6,6,2,98.0,540.3,-303.5,55,Advanced
262,5,26,1,25,0.05,55.3,1,0,0,20.0,-500.0,419.6,149,Beginner
496,2,14,9,5,0.635,64.43,5,5,2,98.0,629.5,589.1,48,Intermediate
277,1,28,1,27,0.05,37.78,7,2,0,29.86,-270.4,182.3,44,Beginner
322,2,15,11,4,0.73,40.02,5,5,4,98.0,775.8,472.9,31,Advanced
106,1,14,4,10,0.275,65.52,5,4,0,61.29,217.5,537.5,31,Beginner
374,2,17,15,2,0.883,29.6,6,6,3,88.55,503.0,23.7,91,Advanced
410,5,26,24,2,0.909,48.82,9,8,8,98.0,722.6,444.2,141,Advanced
340,5,10,4,6,0.371,40.93,3,4,1,68.82,278.3,402.8,83,Beginner
250,5,13,11,2,0.874,30.74,4,5,2,98.0,536.3,91.4,62,Advanced
